doc_type	doc_id	num	date_str	description	url_metadata	lang	url_pdf	doc_number
lk_extraordinary_gazettes_2010s	2019-12-31-2019-12-31-2156-17-ta	2019-12-31-2156-17-ta	2019-12-31	Election Commission - A member of the Trincomalee Town & Gravets Pradeshiya Sabha has vacated his office of member	https://documents.gov.lk/view/extra-gazettes/egz_2019.html	ta	https://documents.gov.lk/view/extra-gazettes/2019/12/2156-17_T.pdf	2156/17
lk_extraordinary_gazettes_2010s	2019-12-31-2019-12-31-2156-17-si	2019-12-31-2156-17-si	2019-12-31	Election Commission - A member of the Trincomalee Town & Gravets Pradeshiya Sabha has vacated his office of member	https://documents.gov.lk/view/extra-gazettes/egz_2019.html	si	https://documents.gov.lk/view/extra-gazettes/2019/12/2156-17_S.pdf	2156/17
lk_extraordinary_gazettes_2010s	2019-12-31-2019-12-31-2156-17-en	2019-12-31-2156-17-en	2019-12-31	Election Commission - A member of the Trincomalee Town & Gravets Pradeshiya Sabha has vacated his office of member	https://documents.gov.lk/view/extra-gazettes/egz_2019.html	en	https://documents.gov.lk/view/extra-gazettes/2019/12/2156-17_E.pdf	2156/17
lk_extraordinary_gazettes_2010s	2019-12-31-2019-12-31-2156-16-ta	2019-12-31-2156-16-ta	2019-12-31	Consumer Affairs Authority - Directs that maximum retail price, batch number etc., shall be legibly printed on packs, containers or on wrappers of all articles/goods	https://documents.gov.lk/view/extra-gazettes/egz_2019.html	ta	https://documents.gov.lk/view/extra-gazettes/2019/12/2156-16_T.pdf	2156/16
lk_extraordinary_gazettes_2010s	2019-12-31-2019-12-31-2156-16-si	2019-12-31-2156-16-si	2019-12-31	Consumer Affairs Authority - Directs that maximum retail price, batch number etc., shall be legibly printed on packs, containers or on wrappers of all articles/goods	https://documents.gov.lk/view/extra-gazettes/egz_2019.html	si	https://documents.gov.lk/view/extra-gazettes/2019/12/2156-16_S.pdf	2156/16
lk_extraordinary_gazettes_2010s	2019-12-31-2019-12-31-2156-16-en	2019-12-31-2156-16-en	2019-12-31	Consumer Affairs Authority - Directs that maximum retail price, batch number etc., shall be legibly printed on packs, containers or on wrappers of all articles/goods	https://documents.gov.lk/view/extra-gazettes/egz_2019.html	en	https://documents.gov.lk/view/extra-gazettes/2019/12/2156-16_E.pdf	2156/16
lk_extraordinary_gazettes_2010s	2019-12-31-2019-12-31-2156-15-ta	2019-12-31-2156-15-ta	2019-12-31	Ministry of Education - Deligate Duties and Functions of the Ministry of Education to the State Minister of Education Services	https://documents.gov.lk/view/extra-gazettes/egz_2019.html	ta	https://documents.gov.lk/view/extra-gazettes/2019/12/2156-15_T.pdf	2156/15
lk_extraordinary_gazettes_2010s	2019-12-31-2019-12-31-2156-15-si	2019-12-31-2156-15-si	2019-12-31	Ministry of Education - Deligate Duties and Functions of the Ministry of Education to the State Minister of Education Services	https://documents.gov.lk/view/extra-gazettes/egz_2019.html	si	https://documents.gov.lk/view/extra-gazettes/2019/12/2156-15_S.pdf	2156/15
lk_extraordinary_gazettes_2010s	2019-12-31-2019-12-31-2156-15-en	2019-12-31-2156-15-en	2019-12-31	Ministry of Education - Deligate Duties and Functions of the Ministry of Education to the State Minister of Education Services	https://documents.gov.lk/view/extra-gazettes/egz_2019.html	en	https://documents.gov.lk/view/extra-gazettes/2019/12/2156-15_E.pdf	2156/15
lk_extraordinary_gazettes_2010s	2019-12-31-2019-12-31-2156-14-ta	2019-12-31-2156-14-ta	2019-12-31	Land Acquisition - Kaluaggala, Seethawaka (Hanwella) D/S Division, Colombo District and three amendments, Homagama D/S Division	https://documents.gov.lk/view/extra-gazettes/egz_2019.html	ta	https://documents.gov.lk/view/extra-gazettes/2019/12/2156-14_T.pdf	2156/14
lk_extraordinary_gazettes_2010s	2019-12-31-2019-12-31-2156-14-si	2019-12-31-2156-14-si	2019-12-31	Land Acquisition - Kaluaggala, Seethawaka (Hanwella) D/S Division, Colombo District and three amendments, Homagama D/S Division	https://documents.gov.lk/view/extra-gazettes/egz_2019.html	si	https://documents.gov.lk/view/extra-gazettes/2019/12/2156-14_S.pdf	2156/14
lk_extraordinary_gazettes_2010s	2019-12-31-2019-12-31-2156-14-en	2019-12-31-2156-14-en	2019-12-31	Land Acquisition - Kaluaggala, Seethawaka (Hanwella) D/S Division, Colombo District and three amendments, Homagama D/S Division	https://documents.gov.lk/view/extra-gazettes/egz_2019.html	en	https://documents.gov.lk/view/extra-gazettes/2019/12/2156-14_E.pdf	2156/14
lk_extraordinary_gazettes_2010s	2019-12-30-2019-12-30-2156-13-si	2019-12-30-2156-13-si	2019-12-30	Land Title Settlement Department - Watapuluwa, Four Gravets & Gangawata Korale D/S Division, Kandy District - Cad. Map No. 320406	https://documents.gov.lk/view/extra-gazettes/egz_2019.html	si	https://documents.gov.lk/view/extra-gazettes/2019/12/2156-13_S.pdf	2156/13
lk_extraordinary_gazettes_2010s	2019-12-30-2019-12-30-2156-13-en	2019-12-30-2156-13-en	2019-12-30	Land Title Settlement Department - Watapuluwa, Four Gravets & Gangawata Korale D/S Division, Kandy District - Cad. Map No. 320406	https://documents.gov.lk/view/extra-gazettes/egz_2019.html	en	https://documents.gov.lk/view/extra-gazettes/2019/12/2156-13_E.pdf	2156/13
lk_extraordinary_gazettes_2010s	2019-12-30-2019-12-30-2156-12-ta	2019-12-30-2156-12-ta	2019-12-30	Land Title Settlement Department - Amendment to the Gaz. Ex. No. 1611/25 of 24.07.2009, Homagama D/S Division and others amendments	https://documents.gov.lk/view/extra-gazettes/egz_2019.html	ta	https://documents.gov.lk/view/extra-gazettes/2019/12/2156-12_T.pdf	2156/12
lk_extraordinary_gazettes_2010s	2019-12-30-2019-12-30-2156-12-si	2019-12-30-2156-12-si	2019-12-30	Land Title Settlement Department - Amendment to the Gaz. Ex. No. 1611/25 of 24.07.2009, Homagama D/S Division and others amendments	https://documents.gov.lk/view/extra-gazettes/egz_2019.html	si	https://documents.gov.lk/view/extra-gazettes/2019/12/2156-12_S.pdf	2156/12
lk_extraordinary_gazettes_2010s	2019-12-30-2019-12-30-2156-12-en	2019-12-30-2156-12-en	2019-12-30	Land Title Settlement Department - Amendment to the Gaz. Ex. No. 1611/25 of 24.07.2009, Homagama D/S Division and others amendments	https://documents.gov.lk/view/extra-gazettes/egz_2019.html	en	https://documents.gov.lk/view/extra-gazettes/2019/12/2156-12_E.pdf	2156/12
lk_extraordinary_gazettes_2010s	2019-12-30-2019-12-30-2156-11-ta	2019-12-30-2156-11-ta	2019-12-30	Land Acquisition - Horombawa, Kuliyapitiya-East D/S Division, Kurunegala District - Akurugoda, Kamburupitiya D/S Division, Matara District and an amendment to the Gaz. Ex. No. 1243/9 of 02.07.2002, Medadumbara D/S Division	https://documents.gov.lk/view/extra-gazettes/egz_2019.html	ta	https://documents.gov.lk/view/extra-gazettes/2019/12/2156-11_T.pdf	2156/11
lk_extraordinary_gazettes_2010s	2019-12-30-2019-12-30-2156-11-si	2019-12-30-2156-11-si	2019-12-30	Land Acquisition - Horombawa, Kuliyapitiya-East D/S Division, Kurunegala District - Akurugoda, Kamburupitiya D/S Division, Matara District and an amendment to the Gaz. Ex. No. 1243/9 of 02.07.2002, Medadumbara D/S Division	https://documents.gov.lk/view/extra-gazettes/egz_2019.html	si	https://documents.gov.lk/view/extra-gazettes/2019/12/2156-11_S.pdf	2156/11
lk_extraordinary_gazettes_2010s	2019-12-30-2019-12-30-2156-11-en	2019-12-30-2156-11-en	2019-12-30	Land Acquisition - Horombawa, Kuliyapitiya-East D/S Division, Kurunegala District - Akurugoda, Kamburupitiya D/S Division, Matara District and an amendment to the Gaz. Ex. No. 1243/9 of 02.07.2002, Medadumbara D/S Division	https://documents.gov.lk/view/extra-gazettes/egz_2019.html	en	https://documents.gov.lk/view/extra-gazettes/2019/12/2156-11_E.pdf	2156/11
lk_extraordinary_gazettes_2010s	2019-12-30-2019-12-30-2156-10-ta	2019-12-30-2156-10-ta	2019-12-30	Ministry Higher Education, Technology & Innovations - Minimum entry qualifications for a degree in respect of the Notional School of Business Management Limited	https://documents.gov.lk/view/extra-gazettes/egz_2019.html	ta	https://documents.gov.lk/view/extra-gazettes/2019/12/2156-10_T.pdf	2156/10
lk_extraordinary_gazettes_2010s	2019-12-30-2019-12-30-2156-10-si	2019-12-30-2156-10-si	2019-12-30	Ministry Higher Education, Technology & Innovations - Minimum entry qualifications for a degree in respect of the Notional School of Business Management Limited	https://documents.gov.lk/view/extra-gazettes/egz_2019.html	si	https://documents.gov.lk/view/extra-gazettes/2019/12/2156-10_S.pdf	2156/10
lk_extraordinary_gazettes_2010s	2019-12-30-2019-12-30-2156-10-en	2019-12-30-2156-10-en	2019-12-30	Ministry Higher Education, Technology & Innovations - Minimum entry qualifications for a degree in respect of the Notional School of Business Management Limited	https://documents.gov.lk/view/extra-gazettes/egz_2019.html	en	https://documents.gov.lk/view/extra-gazettes/2019/12/2156-10_E.pdf	2156/10
lk_extraordinary_gazettes_2010s	2019-12-30-2019-12-30-2156-09-ta	2019-12-30-2156-09-ta	2019-12-30	Land Title Settlement Department - Horethuduwa, Panadura D/S Division, Kalutara District - Cad. Map No. 530011 and other title settlements	https://documents.gov.lk/view/extra-gazettes/egz_2019.html	ta	https://documents.gov.lk/view/extra-gazettes/2019/12/2156-09_T.pdf	2156/09
lk_extraordinary_gazettes_2010s	2019-12-30-2019-12-30-2156-09-si	2019-12-30-2156-09-si	2019-12-30	Land Title Settlement Department - Horethuduwa, Panadura D/S Division, Kalutara District - Cad. Map No. 530011 and other title settlements	https://documents.gov.lk/view/extra-gazettes/egz_2019.html	si	https://documents.gov.lk/view/extra-gazettes/2019/12/2156-09_S.pdf	2156/09
lk_extraordinary_gazettes_2010s	2019-12-30-2019-12-30-2156-09-en	2019-12-30-2156-09-en	2019-12-30	Land Title Settlement Department - Horethuduwa, Panadura D/S Division, Kalutara District - Cad. Map No. 530011 and other title settlements	https://documents.gov.lk/view/extra-gazettes/egz_2019.html	en	https://documents.gov.lk/view/extra-gazettes/2019/12/2156-09_E.pdf	2156/09
lk_extraordinary_gazettes_2010s	2019-12-30-2019-12-30-2156-08-ta	2019-12-30-2156-08-ta	2019-12-30	Land Title Settlement Department - Amendment to the Gaz. Ex. No. 2001/29 of 11.01.2017, Moratuwa D/S Division and other amendments	https://documents.gov.lk/view/extra-gazettes/egz_2019.html	ta	https://documents.gov.lk/view/extra-gazettes/2019/12/2156-08_T.pdf	2156/08
lk_extraordinary_gazettes_2010s	2019-12-30-2019-12-30-2156-08-si	2019-12-30-2156-08-si	2019-12-30	Land Title Settlement Department - Amendment to the Gaz. Ex. No. 2001/29 of 11.01.2017, Moratuwa D/S Division and other amendments	https://documents.gov.lk/view/extra-gazettes/egz_2019.html	si	https://documents.gov.lk/view/extra-gazettes/2019/12/2156-08_S.pdf	2156/08
lk_extraordinary_gazettes_2010s	2019-12-30-2019-12-30-2156-08-en	2019-12-30-2156-08-en	2019-12-30	Land Title Settlement Department - Amendment to the Gaz. Ex. No. 2001/29 of 11.01.2017, Moratuwa D/S Division and other amendments	https://documents.gov.lk/view/extra-gazettes/egz_2019.html	en	https://documents.gov.lk/view/extra-gazettes/2019/12/2156-08_E.pdf	2156/08
lk_extraordinary_gazettes_2010s	2019-12-30-2019-12-30-2156-07-ta	2019-12-30-2156-07-ta	2019-12-30	Land Title Settlement Department - Lunuwila, Wennappuwa D/S Division, Puttalam District  - Cad. Map No. 410001 and Other Title Settlements.	https://documents.gov.lk/view/extra-gazettes/egz_2019.html	ta	https://documents.gov.lk/view/extra-gazettes/2019/12/2156-07_T.pdf	2156/07
lk_extraordinary_gazettes_2010s	2019-12-30-2019-12-30-2156-07-si	2019-12-30-2156-07-si	2019-12-30	Land Title Settlement Department - Lunuwila, Wennappuwa D/S Division, Puttalam District  - Cad. Map No. 410001 and Other Title Settlements.	https://documents.gov.lk/view/extra-gazettes/egz_2019.html	si	https://documents.gov.lk/view/extra-gazettes/2019/12/2156-07_S.pdf	2156/07
lk_extraordinary_gazettes_2010s	2019-12-30-2019-12-30-2156-07-en	2019-12-30-2156-07-en	2019-12-30	Land Title Settlement Department - Lunuwila, Wennappuwa D/S Division, Puttalam District  - Cad. Map No. 410001 and Other Title Settlements.	https://documents.gov.lk/view/extra-gazettes/egz_2019.html	en	https://documents.gov.lk/view/extra-gazettes/2019/12/2156-07_E.pdf	2156/07
lk_extraordinary_gazettes_2010s	2019-12-30-2019-12-30-2156-06-ta	2019-12-30-2156-06-ta	2019-12-30	Land Title Settlement Department - Calling for Claims to the Land Parcel in D/S Division, Panadura - Cad. Map No. 530029 and Other land Parcels.	https://documents.gov.lk/view/extra-gazettes/egz_2019.html	ta	https://documents.gov.lk/view/extra-gazettes/2019/12/2156-06_T.pdf	2156/06
lk_extraordinary_gazettes_2010s	2019-12-30-2019-12-30-2156-06-si	2019-12-30-2156-06-si	2019-12-30	Land Title Settlement Department - Calling for Claims to the Land Parcel in D/S Division, Panadura - Cad. Map No. 530029 and Other land Parcels.	https://documents.gov.lk/view/extra-gazettes/egz_2019.html	si	https://documents.gov.lk/view/extra-gazettes/2019/12/2156-06_S.pdf	2156/06
lk_extraordinary_gazettes_2010s	2019-12-30-2019-12-30-2156-06-en	2019-12-30-2156-06-en	2019-12-30	Land Title Settlement Department - Calling for Claims to the Land Parcel in D/S Division, Panadura - Cad. Map No. 530029 and Other land Parcels.	https://documents.gov.lk/view/extra-gazettes/egz_2019.html	en	https://documents.gov.lk/view/extra-gazettes/2019/12/2156-06_E.pdf	2156/06
lk_extraordinary_gazettes_2010s	2019-12-30-2019-12-30-2156-05-ta	2019-12-30-2156-05-ta	2019-12-30	Land Title Settlement Department - Naiwala, Minuwangoda D/S Division, Gampaha District - Cad. Map No. 510402 and Others Title Settlements	https://documents.gov.lk/view/extra-gazettes/egz_2019.html	ta	https://documents.gov.lk/view/extra-gazettes/2019/12/2156-05_T.pdf	2156/05
lk_extraordinary_gazettes_2010s	2019-12-30-2019-12-30-2156-05-si	2019-12-30-2156-05-si	2019-12-30	Land Title Settlement Department - Naiwala, Minuwangoda D/S Division, Gampaha District - Cad. Map No. 510402 and Others Title Settlements	https://documents.gov.lk/view/extra-gazettes/egz_2019.html	si	https://documents.gov.lk/view/extra-gazettes/2019/12/2156-05_S.pdf	2156/05
lk_extraordinary_gazettes_2010s	2019-12-30-2019-12-30-2156-05-en	2019-12-30-2156-05-en	2019-12-30	Land Title Settlement Department - Naiwala, Minuwangoda D/S Division, Gampaha District - Cad. Map No. 510402 and Others Title Settlements	https://documents.gov.lk/view/extra-gazettes/egz_2019.html	en	https://documents.gov.lk/view/extra-gazettes/2019/12/2156-05_E.pdf	2156/05
lk_extraordinary_gazettes_2010s	2019-12-30-2019-12-30-2156-04-ta	2019-12-30-2156-04-ta	2019-12-30	Land Title Settlement Department - Homagama, Homagama D/S Division, Colombo District - Cad. Map No. 520001 and Others Title Settlements	https://documents.gov.lk/view/extra-gazettes/egz_2019.html	ta	https://documents.gov.lk/view/extra-gazettes/2019/12/2156-04_T.pdf	2156/04
lk_extraordinary_gazettes_2010s	2019-12-30-2019-12-30-2156-04-si	2019-12-30-2156-04-si	2019-12-30	Land Title Settlement Department - Homagama, Homagama D/S Division, Colombo District - Cad. Map No. 520001 and Others Title Settlements	https://documents.gov.lk/view/extra-gazettes/egz_2019.html	si	https://documents.gov.lk/view/extra-gazettes/2019/12/2156-04_S.pdf	2156/04
lk_extraordinary_gazettes_2010s	2019-12-30-2019-12-30-2156-04-en	2019-12-30-2156-04-en	2019-12-30	Land Title Settlement Department - Homagama, Homagama D/S Division, Colombo District - Cad. Map No. 520001 and Others Title Settlements	https://documents.gov.lk/view/extra-gazettes/egz_2019.html	en	https://documents.gov.lk/view/extra-gazettes/2019/12/2156-04_E.pdf	2156/04
lk_extraordinary_gazettes_2010s	2019-12-30-2019-12-30-2156-03-ta	2019-12-30-2156-03-ta	2019-12-30	Legal Affairs Department - Powers & Functions delegated to the State Ministers of Economic & Policy Development and Development Banks & Loans	https://documents.gov.lk/view/extra-gazettes/egz_2019.html	ta	https://documents.gov.lk/view/extra-gazettes/2019/12/2156-03_T.pdf	2156/03
lk_extraordinary_gazettes_2010s	2019-12-30-2019-12-30-2156-03-si	2019-12-30-2156-03-si	2019-12-30	Legal Affairs Department - Powers & Functions delegated to the State Ministers of Economic & Policy Development and Development Banks & Loans	https://documents.gov.lk/view/extra-gazettes/egz_2019.html	si	https://documents.gov.lk/view/extra-gazettes/2019/12/2156-03_S.pdf	2156/03
lk_extraordinary_gazettes_2010s	2019-12-30-2019-12-30-2156-03-en	2019-12-30-2156-03-en	2019-12-30	Legal Affairs Department - Powers & Functions delegated to the State Ministers of Economic & Policy Development and Development Banks & Loans	https://documents.gov.lk/view/extra-gazettes/egz_2019.html	en	https://documents.gov.lk/view/extra-gazettes/2019/12/2156-03_E.pdf	2156/03
lk_extraordinary_gazettes_2010s	2019-12-30-2019-12-30-2156-02-ta	2019-12-30-2156-02-ta	2019-12-30	Central Bank of Sri Lanka - Balance sheet as at 30th November 2019	https://documents.gov.lk/view/extra-gazettes/egz_2019.html	ta	https://documents.gov.lk/view/extra-gazettes/2019/12/2156-02_T.pdf	2156/02
lk_extraordinary_gazettes_2010s	2019-12-30-2019-12-30-2156-02-si	2019-12-30-2156-02-si	2019-12-30	Central Bank of Sri Lanka - Balance sheet as at 30th November 2019	https://documents.gov.lk/view/extra-gazettes/egz_2019.html	si	https://documents.gov.lk/view/extra-gazettes/2019/12/2156-02_S.pdf	2156/02
lk_extraordinary_gazettes_2010s	2019-12-30-2019-12-30-2156-02-en	2019-12-30-2156-02-en	2019-12-30	Central Bank of Sri Lanka - Balance sheet as at 30th November 2019	https://documents.gov.lk/view/extra-gazettes/egz_2019.html	en	https://documents.gov.lk/view/extra-gazettes/2019/12/2156-02_E.pdf	2156/02
lk_extraordinary_gazettes_2010s	2019-12-30-2019-12-30-2156-01-ta	2019-12-30-2156-01-ta	2019-12-30	Sri Lanka Customs - Rates of Exchange effective From 30.12.2019 to 05.01.2020	https://documents.gov.lk/view/extra-gazettes/egz_2019.html	ta	https://documents.gov.lk/view/extra-gazettes/2019/12/2156-01_T.pdf	2156/01
lk_extraordinary_gazettes_2010s	2019-12-30-2019-12-30-2156-01-si	2019-12-30-2156-01-si	2019-12-30	Sri Lanka Customs - Rates of Exchange effective From 30.12.2019 to 05.01.2020	https://documents.gov.lk/view/extra-gazettes/egz_2019.html	si	https://documents.gov.lk/view/extra-gazettes/2019/12/2156-01_S.pdf	2156/01
lk_extraordinary_gazettes_2010s	2019-12-30-2019-12-30-2156-01-en	2019-12-30-2156-01-en	2019-12-30	Sri Lanka Customs - Rates of Exchange effective From 30.12.2019 to 05.01.2020	https://documents.gov.lk/view/extra-gazettes/egz_2019.html	en	https://documents.gov.lk/view/extra-gazettes/2019/12/2156-01_E.pdf	2156/01
lk_extraordinary_gazettes_2010s	2019-12-28-2019-12-28-2155-35-ta	2019-12-28-2155-35-ta	2019-12-28	Election Commission - Declare that B. M. A. K. Balasooriya as a Member of the Polgahawela Pradeshiya Sabha	https://documents.gov.lk/view/extra-gazettes/egz_2019.html	ta	https://documents.gov.lk/view/extra-gazettes/2019/12/2155-35_T.pdf	2155/35
lk_extraordinary_gazettes_2010s	2019-12-28-2019-12-28-2155-35-si	2019-12-28-2155-35-si	2019-12-28	Election Commission - Declare that B. M. A. K. Balasooriya as a Member of the Polgahawela Pradeshiya Sabha	https://documents.gov.lk/view/extra-gazettes/egz_2019.html	si	https://documents.gov.lk/view/extra-gazettes/2019/12/2155-35_S.pdf	2155/35
lk_extraordinary_gazettes_2010s	2019-12-28-2019-12-28-2155-35-en	2019-12-28-2155-35-en	2019-12-28	Election Commission - Declare that B. M. A. K. Balasooriya as a Member of the Polgahawela Pradeshiya Sabha	https://documents.gov.lk/view/extra-gazettes/egz_2019.html	en	https://documents.gov.lk/view/extra-gazettes/2019/12/2155-35_E.pdf	2155/35
lk_extraordinary_gazettes_2010s	2019-12-27-2019-12-27-2155-34-ta	2019-12-27-2155-34-ta	2019-12-27	Consumer Affairs Authority - Maximum Retail Prices of Cement Categories	https://documents.gov.lk/view/extra-gazettes/egz_2019.html	ta	https://documents.gov.lk/view/extra-gazettes/2019/12/2155-34_T.pdf	2155/34
lk_extraordinary_gazettes_2010s	2019-12-27-2019-12-27-2155-34-si	2019-12-27-2155-34-si	2019-12-27	Consumer Affairs Authority - Maximum Retail Prices of Cement Categories	https://documents.gov.lk/view/extra-gazettes/egz_2019.html	si	https://documents.gov.lk/view/extra-gazettes/2019/12/2155-34_S.pdf	2155/34
lk_extraordinary_gazettes_2010s	2019-12-27-2019-12-27-2155-34-en	2019-12-27-2155-34-en	2019-12-27	Consumer Affairs Authority - Maximum Retail Prices of Cement Categories	https://documents.gov.lk/view/extra-gazettes/egz_2019.html	en	https://documents.gov.lk/view/extra-gazettes/2019/12/2155-34_E.pdf	2155/34
lk_extraordinary_gazettes_2010s	2019-12-27-2019-12-27-2155-33-ta	2019-12-27-2155-33-ta	2019-12-27	Land Title Settlement Department - Kudalunuka, Rideemaliyadda D/S Division, Badulla District - Cad. Map No. 710021 and Others	https://documents.gov.lk/view/extra-gazettes/egz_2019.html	ta	https://documents.gov.lk/view/extra-gazettes/2019/12/2155-33_T.pdf	2155/33
lk_extraordinary_gazettes_2010s	2019-12-27-2019-12-27-2155-33-si	2019-12-27-2155-33-si	2019-12-27	Land Title Settlement Department - Kudalunuka, Rideemaliyadda D/S Division, Badulla District - Cad. Map No. 710021 and Others	https://documents.gov.lk/view/extra-gazettes/egz_2019.html	si	https://documents.gov.lk/view/extra-gazettes/2019/12/2155-33_S.pdf	2155/33
lk_extraordinary_gazettes_2010s	2019-12-27-2019-12-27-2155-33-en	2019-12-27-2155-33-en	2019-12-27	Land Title Settlement Department - Kudalunuka, Rideemaliyadda D/S Division, Badulla District - Cad. Map No. 710021 and Others	https://documents.gov.lk/view/extra-gazettes/egz_2019.html	en	https://documents.gov.lk/view/extra-gazettes/2019/12/2155-33_E.pdf	2155/33
lk_extraordinary_gazettes_2010s	2019-12-27-2019-12-27-2155-32-ta	2019-12-27-2155-32-ta	2019-12-27	Land Title Settlement Department - Rawatawatta, Moratuwa D/S Division, Colombo District - Cad. Map No. 520201and Others	https://documents.gov.lk/view/extra-gazettes/egz_2019.html	ta	https://documents.gov.lk/view/extra-gazettes/2019/12/2155-32_T.pdf	2155/32
lk_extraordinary_gazettes_2010s	2019-12-27-2019-12-27-2155-32-si	2019-12-27-2155-32-si	2019-12-27	Land Title Settlement Department - Rawatawatta, Moratuwa D/S Division, Colombo District - Cad. Map No. 520201and Others	https://documents.gov.lk/view/extra-gazettes/egz_2019.html	si	https://documents.gov.lk/view/extra-gazettes/2019/12/2155-32_S.pdf	2155/32
lk_extraordinary_gazettes_2010s	2019-12-27-2019-12-27-2155-32-en	2019-12-27-2155-32-en	2019-12-27	Land Title Settlement Department - Rawatawatta, Moratuwa D/S Division, Colombo District - Cad. Map No. 520201and Others	https://documents.gov.lk/view/extra-gazettes/egz_2019.html	en	https://documents.gov.lk/view/extra-gazettes/2019/12/2155-32_E.pdf	2155/32
lk_extraordinary_gazettes_2010s	2019-12-27-2019-12-27-2155-31-ta	2019-12-27-2155-31-ta	2019-12-27	Elections Commission - Declare that K. A. C. P. Kuruppu Arachchi as a Member of the Homagama Pradeshiya Sabha	https://documents.gov.lk/view/extra-gazettes/egz_2019.html	ta	https://documents.gov.lk/view/extra-gazettes/2019/12/2155-31_T.pdf	2155/31
lk_extraordinary_gazettes_2010s	2019-12-27-2019-12-27-2155-31-si	2019-12-27-2155-31-si	2019-12-27	Elections Commission - Declare that K. A. C. P. Kuruppu Arachchi as a Member of the Homagama Pradeshiya Sabha	https://documents.gov.lk/view/extra-gazettes/egz_2019.html	si	https://documents.gov.lk/view/extra-gazettes/2019/12/2155-31_S.pdf	2155/31
lk_extraordinary_gazettes_2010s	2019-12-27-2019-12-27-2155-31-en	2019-12-27-2155-31-en	2019-12-27	Elections Commission - Declare that K. A. C. P. Kuruppu Arachchi as a Member of the Homagama Pradeshiya Sabha	https://documents.gov.lk/view/extra-gazettes/egz_2019.html	en	https://documents.gov.lk/view/extra-gazettes/2019/12/2155-31_E.pdf	2155/31
lk_extraordinary_gazettes_2010s	2019-12-27-2019-12-27-2155-30-ta	2019-12-27-2155-30-ta	2019-12-27	Land Title Settlement Department - Polwathura, Kothmale D/S Division, Nuwaraeliya District - Cad. Map No. 330304 and Others	https://documents.gov.lk/view/extra-gazettes/egz_2019.html	ta	https://documents.gov.lk/view/extra-gazettes/2019/12/2155-30_T.pdf	2155/30
lk_extraordinary_gazettes_2010s	2019-12-27-2019-12-27-2155-30-si	2019-12-27-2155-30-si	2019-12-27	Land Title Settlement Department - Polwathura, Kothmale D/S Division, Nuwaraeliya District - Cad. Map No. 330304 and Others	https://documents.gov.lk/view/extra-gazettes/egz_2019.html	si	https://documents.gov.lk/view/extra-gazettes/2019/12/2155-30_S.pdf	2155/30
lk_extraordinary_gazettes_2010s	2019-12-27-2019-12-27-2155-30-en	2019-12-27-2155-30-en	2019-12-27	Land Title Settlement Department - Polwathura, Kothmale D/S Division, Nuwaraeliya District - Cad. Map No. 330304 and Others	https://documents.gov.lk/view/extra-gazettes/egz_2019.html	en	https://documents.gov.lk/view/extra-gazettes/2019/12/2155-30_E.pdf	2155/30
lk_extraordinary_gazettes_2010s	2019-12-27-2019-12-27-2155-29-ta	2019-12-27-2155-29-ta	2019-12-27	Land Title Settlement Department - Karagampitiya, Dehiwala D/S Division, Colombo District - Cad. Map No. 520811 and Others	https://documents.gov.lk/view/extra-gazettes/egz_2019.html	ta	https://documents.gov.lk/view/extra-gazettes/2019/12/2155-29_T.pdf	2155/29
lk_extraordinary_gazettes_2010s	2019-12-27-2019-12-27-2155-29-si	2019-12-27-2155-29-si	2019-12-27	Land Title Settlement Department - Karagampitiya, Dehiwala D/S Division, Colombo District - Cad. Map No. 520811 and Others	https://documents.gov.lk/view/extra-gazettes/egz_2019.html	si	https://documents.gov.lk/view/extra-gazettes/2019/12/2155-29_S.pdf	2155/29
lk_extraordinary_gazettes_2010s	2019-12-27-2019-12-27-2155-29-en	2019-12-27-2155-29-en	2019-12-27	Land Title Settlement Department - Karagampitiya, Dehiwala D/S Division, Colombo District - Cad. Map No. 520811 and Others	https://documents.gov.lk/view/extra-gazettes/egz_2019.html	en	https://documents.gov.lk/view/extra-gazettes/2019/12/2155-29_E.pdf	2155/29
lk_extraordinary_gazettes_2010s	2019-12-27-2019-12-27-2155-28-ta	2019-12-27-2155-28-ta	2019-12-27	Land Title Settlement Department - Godagama, Udapalatha D/S Division, Kandy District - Cad. Map No. 320057	https://documents.gov.lk/view/extra-gazettes/egz_2019.html	ta	https://documents.gov.lk/view/extra-gazettes/2019/12/2155-28_T.pdf	2155/28
lk_extraordinary_gazettes_2010s	2019-12-27-2019-12-27-2155-28-si	2019-12-27-2155-28-si	2019-12-27	Land Title Settlement Department - Godagama, Udapalatha D/S Division, Kandy District - Cad. Map No. 320057	https://documents.gov.lk/view/extra-gazettes/egz_2019.html	si	https://documents.gov.lk/view/extra-gazettes/2019/12/2155-28_S.pdf	2155/28
lk_extraordinary_gazettes_2010s	2019-12-27-2019-12-27-2155-28-en	2019-12-27-2155-28-en	2019-12-27	Land Title Settlement Department - Godagama, Udapalatha D/S Division, Kandy District - Cad. Map No. 320057	https://documents.gov.lk/view/extra-gazettes/egz_2019.html	en	https://documents.gov.lk/view/extra-gazettes/2019/12/2155-28_E.pdf	2155/28
lk_extraordinary_gazettes_2010s	2019-12-27-2019-12-27-2155-27-ta	2019-12-27-2155-27-ta	2019-12-27	Land Title Settlement Department - Madapatha, Kesbewa D/S Division, Colombo District - Cad. Map No. 521204 and Others	https://documents.gov.lk/view/extra-gazettes/egz_2019.html	ta	https://documents.gov.lk/view/extra-gazettes/2019/12/2155-27_T.pdf	2155/27
lk_extraordinary_gazettes_2010s	2019-12-27-2019-12-27-2155-27-si	2019-12-27-2155-27-si	2019-12-27	Land Title Settlement Department - Madapatha, Kesbewa D/S Division, Colombo District - Cad. Map No. 521204 and Others	https://documents.gov.lk/view/extra-gazettes/egz_2019.html	si	https://documents.gov.lk/view/extra-gazettes/2019/12/2155-27_S.pdf	2155/27
lk_extraordinary_gazettes_2010s	2019-12-27-2019-12-27-2155-27-en	2019-12-27-2155-27-en	2019-12-27	Land Title Settlement Department - Madapatha, Kesbewa D/S Division, Colombo District - Cad. Map No. 521204 and Others	https://documents.gov.lk/view/extra-gazettes/egz_2019.html	en	https://documents.gov.lk/view/extra-gazettes/2019/12/2155-27_E.pdf	2155/27
lk_extraordinary_gazettes_2010s	2019-12-27-2019-12-27-2155-26-ta	2019-12-27-2155-26-ta	2019-12-27	Land Title Settlement Department - Palledniyegangoda, Weligepola D/S Division, Rathnapura District - Cad. Map No. 620143 and Others	https://documents.gov.lk/view/extra-gazettes/egz_2019.html	ta	https://documents.gov.lk/view/extra-gazettes/2019/12/2155-26_T.pdf	2155/26
lk_extraordinary_gazettes_2010s	2019-12-27-2019-12-27-2155-26-si	2019-12-27-2155-26-si	2019-12-27	Land Title Settlement Department - Palledniyegangoda, Weligepola D/S Division, Rathnapura District - Cad. Map No. 620143 and Others	https://documents.gov.lk/view/extra-gazettes/egz_2019.html	si	https://documents.gov.lk/view/extra-gazettes/2019/12/2155-26_S.pdf	2155/26
lk_extraordinary_gazettes_2010s	2019-12-27-2019-12-27-2155-26-en	2019-12-27-2155-26-en	2019-12-27	Land Title Settlement Department - Palledniyegangoda, Weligepola D/S Division, Rathnapura District - Cad. Map No. 620143 and Others	https://documents.gov.lk/view/extra-gazettes/egz_2019.html	en	https://documents.gov.lk/view/extra-gazettes/2019/12/2155-26_E.pdf	2155/26
lk_extraordinary_gazettes_2010s	2019-12-27-2019-12-27-2155-25-ta	2019-12-27-2155-25-ta	2019-12-27	Land Title Settlement Department - Rathmalana, D/S Division, Rathmalana, Colombo District - Cad. Map No. 51003	https://documents.gov.lk/view/extra-gazettes/egz_2019.html	ta	https://documents.gov.lk/view/extra-gazettes/2019/12/2155-25_T.pdf	2155/25
lk_extraordinary_gazettes_2010s	2019-12-27-2019-12-27-2155-25-si	2019-12-27-2155-25-si	2019-12-27	Land Title Settlement Department - Rathmalana, D/S Division, Rathmalana, Colombo District - Cad. Map No. 51003	https://documents.gov.lk/view/extra-gazettes/egz_2019.html	si	https://documents.gov.lk/view/extra-gazettes/2019/12/2155-25_S.pdf	2155/25
lk_extraordinary_gazettes_2010s	2019-12-27-2019-12-27-2155-25-en	2019-12-27-2155-25-en	2019-12-27	Land Title Settlement Department - Rathmalana, D/S Division, Rathmalana, Colombo District - Cad. Map No. 51003	https://documents.gov.lk/view/extra-gazettes/egz_2019.html	en	https://documents.gov.lk/view/extra-gazettes/2019/12/2155-25_E.pdf	2155/25
lk_extraordinary_gazettes_2010s	2019-12-27-2019-12-27-2155-24-ta	2019-12-27-2155-24-ta	2019-12-27	Land Title Settlement Department - Dehihena, Weligepola D/S Division, Rathnapura District - Cad. Map No. 620121 and Others	https://documents.gov.lk/view/extra-gazettes/egz_2019.html	ta	https://documents.gov.lk/view/extra-gazettes/2019/12/2155-24_T.pdf	2155/24
lk_extraordinary_gazettes_2010s	2019-12-27-2019-12-27-2155-24-si	2019-12-27-2155-24-si	2019-12-27	Land Title Settlement Department - Dehihena, Weligepola D/S Division, Rathnapura District - Cad. Map No. 620121 and Others	https://documents.gov.lk/view/extra-gazettes/egz_2019.html	si	https://documents.gov.lk/view/extra-gazettes/2019/12/2155-24_S.pdf	2155/24
lk_extraordinary_gazettes_2010s	2019-12-27-2019-12-27-2155-24-en	2019-12-27-2155-24-en	2019-12-27	Land Title Settlement Department - Dehihena, Weligepola D/S Division, Rathnapura District - Cad. Map No. 620121 and Others	https://documents.gov.lk/view/extra-gazettes/egz_2019.html	en	https://documents.gov.lk/view/extra-gazettes/2019/12/2155-24_E.pdf	2155/24
lk_extraordinary_gazettes_2010s	2019-12-27-2019-12-27-2155-23-ta	2019-12-27-2155-23-ta	2019-12-27	Land Title Settlement Department - Indibedda, Moratuwa D/S Division, Colombo District - Cad. Map No. 520203	https://documents.gov.lk/view/extra-gazettes/egz_2019.html	ta	https://documents.gov.lk/view/extra-gazettes/2019/12/2155-23_T.pdf	2155/23
lk_extraordinary_gazettes_2010s	2019-12-27-2019-12-27-2155-23-si	2019-12-27-2155-23-si	2019-12-27	Land Title Settlement Department - Indibedda, Moratuwa D/S Division, Colombo District - Cad. Map No. 520203	https://documents.gov.lk/view/extra-gazettes/egz_2019.html	si	https://documents.gov.lk/view/extra-gazettes/2019/12/2155-23_S.pdf	2155/23
lk_extraordinary_gazettes_2010s	2019-12-27-2019-12-27-2155-23-en	2019-12-27-2155-23-en	2019-12-27	Land Title Settlement Department - Indibedda, Moratuwa D/S Division, Colombo District - Cad. Map No. 520203	https://documents.gov.lk/view/extra-gazettes/egz_2019.html	en	https://documents.gov.lk/view/extra-gazettes/2019/12/2155-23_E.pdf	2155/23
lk_extraordinary_gazettes_2010s	2019-12-27-2019-12-27-2155-22-ta	2019-12-27-2155-22-ta	2019-12-27	Land Title Settlement Department - Waradala Diulapitiya D/S Division, Gampaha District - Cad. Map No. 510001 and Others	https://documents.gov.lk/view/extra-gazettes/egz_2019.html	ta	https://documents.gov.lk/view/extra-gazettes/2019/12/2155-22_T.pdf	2155/22
lk_extraordinary_gazettes_2010s	2019-12-27-2019-12-27-2155-22-si	2019-12-27-2155-22-si	2019-12-27	Land Title Settlement Department - Waradala Diulapitiya D/S Division, Gampaha District - Cad. Map No. 510001 and Others	https://documents.gov.lk/view/extra-gazettes/egz_2019.html	si	https://documents.gov.lk/view/extra-gazettes/2019/12/2155-22_S.pdf	2155/22
lk_extraordinary_gazettes_2010s	2019-12-27-2019-12-27-2155-22-en	2019-12-27-2155-22-en	2019-12-27	Land Title Settlement Department - Waradala Diulapitiya D/S Division, Gampaha District - Cad. Map No. 510001 and Others	https://documents.gov.lk/view/extra-gazettes/egz_2019.html	en	https://documents.gov.lk/view/extra-gazettes/2019/12/2155-22_E.pdf	2155/22
lk_extraordinary_gazettes_2010s	2019-12-27-2019-12-27-2155-21-ta	2019-12-27-2155-21-ta	2019-12-27	Land Title Settlement Department - Amendment to the Gaz.Ex.No. 2126/22 of 04.06.2019 D/S Division, Homagama - Cad. Map No. 520007 and Others	https://documents.gov.lk/view/extra-gazettes/egz_2019.html	ta	https://documents.gov.lk/view/extra-gazettes/2019/12/2155-21_T.pdf	2155/21
lk_extraordinary_gazettes_2010s	2019-12-27-2019-12-27-2155-21-si	2019-12-27-2155-21-si	2019-12-27	Land Title Settlement Department - Amendment to the Gaz.Ex.No. 2126/22 of 04.06.2019 D/S Division, Homagama - Cad. Map No. 520007 and Others	https://documents.gov.lk/view/extra-gazettes/egz_2019.html	si	https://documents.gov.lk/view/extra-gazettes/2019/12/2155-21_S.pdf	2155/21
lk_extraordinary_gazettes_2010s	2019-12-27-2019-12-27-2155-21-en	2019-12-27-2155-21-en	2019-12-27	Land Title Settlement Department - Amendment to the Gaz.Ex.No. 2126/22 of 04.06.2019 D/S Division, Homagama - Cad. Map No. 520007 and Others	https://documents.gov.lk/view/extra-gazettes/egz_2019.html	en	https://documents.gov.lk/view/extra-gazettes/2019/12/2155-21_E.pdf	2155/21
lk_extraordinary_gazettes_2010s	2019-12-27-2019-12-27-2155-20-ta	2019-12-27-2155-20-ta	2019-12-27	Land Title Settlement Department - Amendment to the Gaz.Ex.No. 2096/78 of 10.11.2018 D/S Division, Homagama - Cad. Map No. 520004 and Others	https://documents.gov.lk/view/extra-gazettes/egz_2019.html	ta	https://documents.gov.lk/view/extra-gazettes/2019/12/2155-20_T.pdf	2155/20
lk_extraordinary_gazettes_2010s	2019-12-27-2019-12-27-2155-20-si	2019-12-27-2155-20-si	2019-12-27	Land Title Settlement Department - Amendment to the Gaz.Ex.No. 2096/78 of 10.11.2018 D/S Division, Homagama - Cad. Map No. 520004 and Others	https://documents.gov.lk/view/extra-gazettes/egz_2019.html	si	https://documents.gov.lk/view/extra-gazettes/2019/12/2155-20_S.pdf	2155/20
lk_extraordinary_gazettes_2010s	2019-12-27-2019-12-27-2155-20-en	2019-12-27-2155-20-en	2019-12-27	Land Title Settlement Department - Amendment to the Gaz.Ex.No. 2096/78 of 10.11.2018 D/S Division, Homagama - Cad. Map No. 520004 and Others	https://documents.gov.lk/view/extra-gazettes/egz_2019.html	en	https://documents.gov.lk/view/extra-gazettes/2019/12/2155-20_E.pdf	2155/20
lk_extraordinary_gazettes_2010s	2019-12-27-2019-12-27-2155-19-ta	2019-12-27-2155-19-ta	2019-12-27	Reserved - Department of Fiscal Policy - Export of undernatured, portable and bottled liquor meant for sales	https://documents.gov.lk/view/extra-gazettes/egz_2019.html	ta	https://documents.gov.lk/view/extra-gazettes/2019/12/2155-19_T.pdf	2155/19
lk_extraordinary_gazettes_2010s	2019-12-27-2019-12-27-2155-19-si	2019-12-27-2155-19-si	2019-12-27	Reserved - Department of Fiscal Policy - Export of undernatured, portable and bottled liquor meant for sales	https://documents.gov.lk/view/extra-gazettes/egz_2019.html	si	https://documents.gov.lk/view/extra-gazettes/2019/12/2155-19_S.pdf	2155/19
lk_extraordinary_gazettes_2010s	2019-12-27-2019-12-27-2155-19-en	2019-12-27-2155-19-en	2019-12-27	Reserved - Department of Fiscal Policy - Export of undernatured, portable and bottled liquor meant for sales	https://documents.gov.lk/view/extra-gazettes/egz_2019.html	en	https://documents.gov.lk/view/extra-gazettes/2019/12/2155-19_E.pdf	2155/19
lk_extraordinary_gazettes_2010s	2019-12-26-2019-12-26-2155-18-ta	2019-12-26-2155-18-ta	2019-12-26	Land Acquisition - Mullegama, Nawagatthegama D/S Division, Puttalam District	https://documents.gov.lk/view/extra-gazettes/egz_2019.html	ta	https://documents.gov.lk/view/extra-gazettes/2019/12/26/0/2155-18_T.pdf	2155/18
lk_extraordinary_gazettes_2010s	2019-12-26-2019-12-26-2155-18-si	2019-12-26-2155-18-si	2019-12-26	Land Acquisition - Mullegama, Nawagatthegama D/S Division, Puttalam District	https://documents.gov.lk/view/extra-gazettes/egz_2019.html	si	https://documents.gov.lk/view/extra-gazettes/2019/12/26/0/2155-18_S.pdf	2155/18
lk_extraordinary_gazettes_2010s	2019-12-26-2019-12-26-2155-18-en	2019-12-26-2155-18-en	2019-12-26	Land Acquisition - Mullegama, Nawagatthegama D/S Division, Puttalam District	https://documents.gov.lk/view/extra-gazettes/egz_2019.html	en	https://documents.gov.lk/view/extra-gazettes/2019/12/26/0/2155-18_E.pdf	2155/18
lk_extraordinary_gazettes_2010s	2019-12-26-2019-12-26-2155-17-ta	2019-12-26-2155-17-ta	2019-12-26	Land Acquisition - Divurampitiya, Eheliyagoda D/S Division, Rathnapura District - Buduruwagala, Wellawaya D/S Division, Monaragala District	https://documents.gov.lk/view/extra-gazettes/egz_2019.html	ta	https://documents.gov.lk/view/extra-gazettes/2019/12/26/0/2155-17_T.pdf	2155/17
lk_extraordinary_gazettes_2010s	2019-12-26-2019-12-26-2155-17-si	2019-12-26-2155-17-si	2019-12-26	Land Acquisition - Divurampitiya, Eheliyagoda D/S Division, Rathnapura District - Buduruwagala, Wellawaya D/S Division, Monaragala District	https://documents.gov.lk/view/extra-gazettes/egz_2019.html	si	https://documents.gov.lk/view/extra-gazettes/2019/12/26/0/2155-17_S.pdf	2155/17
lk_extraordinary_gazettes_2010s	2019-12-26-2019-12-26-2155-17-en	2019-12-26-2155-17-en	2019-12-26	Land Acquisition - Divurampitiya, Eheliyagoda D/S Division, Rathnapura District - Buduruwagala, Wellawaya D/S Division, Monaragala District	https://documents.gov.lk/view/extra-gazettes/egz_2019.html	en	https://documents.gov.lk/view/extra-gazettes/2019/12/26/0/2155-17_E.pdf	2155/17
lk_extraordinary_gazettes_2010s	2019-12-26-2019-12-26-2155-16-ta	2019-12-26-2155-16-ta	2019-12-26	Department of Agrarian Development - Determination of Agrarian Development Council Authorized Area D/S Division Musali	https://documents.gov.lk/view/extra-gazettes/egz_2019.html	ta	https://documents.gov.lk/view/extra-gazettes/2019.12.26/0/2155-16_T.pdf	2155/16
lk_extraordinary_gazettes_2010s	2019-12-26-2019-12-26-2155-16-si	2019-12-26-2155-16-si	2019-12-26	Department of Agrarian Development - Determination of Agrarian Development Council Authorized Area D/S Division Musali	https://documents.gov.lk/view/extra-gazettes/egz_2019.html	si	https://documents.gov.lk/view/extra-gazettes/2019.12.26/0/2155-16_S.pdf	2155/16
lk_extraordinary_gazettes_2010s	2019-12-26-2019-12-26-2155-16-en	2019-12-26-2155-16-en	2019-12-26	Department of Agrarian Development - Determination of Agrarian Development Council Authorized Area D/S Division Musali	https://documents.gov.lk/view/extra-gazettes/egz_2019.html	en	https://documents.gov.lk/view/extra-gazettes/2019.12.26/0/2155-16_E.pdf	2155/16
lk_extraordinary_gazettes_2010s	2019-12-26-2019-12-26-2155-15-ta	2019-12-26-2155-15-ta	2019-12-26	Ministry of Healthcare and Indigenous Medical - Regulations of Maintenance of Minimum Standards of Medial Education	https://documents.gov.lk/view/extra-gazettes/egz_2019.html	ta	https://documents.gov.lk/view/extra-gazettes/2019/12/2155-15_T.pdf	2155/15
lk_extraordinary_gazettes_2010s	2019-12-26-2019-12-26-2155-15-si	2019-12-26-2155-15-si	2019-12-26	Ministry of Healthcare and Indigenous Medical - Regulations of Maintenance of Minimum Standards of Medial Education	https://documents.gov.lk/view/extra-gazettes/egz_2019.html	si	https://documents.gov.lk/view/extra-gazettes/2019/12/2155-15_S.pdf	2155/15
lk_extraordinary_gazettes_2010s	2019-12-26-2019-12-26-2155-15-en	2019-12-26-2155-15-en	2019-12-26	Ministry of Healthcare and Indigenous Medical - Regulations of Maintenance of Minimum Standards of Medial Education	https://documents.gov.lk/view/extra-gazettes/egz_2019.html	en	https://documents.gov.lk/view/extra-gazettes/2019/12/2155-15_E.pdf	2155/15
lk_extraordinary_gazettes_2010s	2019-12-24-2019-12-24-2155-13-ta	2019-12-24-2155-13-ta	2019-12-24	Dept. of Census and Statistics - National Consumer Price Index - November 2019	https://documents.gov.lk/view/extra-gazettes/egz_2019.html	ta	https://documents.gov.lk/view/extra-gazettes/2019/12/2155-13_T.pdf	2155/13
lk_extraordinary_gazettes_2010s	2019-12-24-2019-12-24-2155-13-si	2019-12-24-2155-13-si	2019-12-24	Dept. of Census and Statistics - National Consumer Price Index - November 2019	https://documents.gov.lk/view/extra-gazettes/egz_2019.html	si	https://documents.gov.lk/view/extra-gazettes/2019/12/2155-13_S.pdf	2155/13
lk_extraordinary_gazettes_2010s	2019-12-24-2019-12-24-2155-13-en	2019-12-24-2155-13-en	2019-12-24	Dept. of Census and Statistics - National Consumer Price Index - November 2019	https://documents.gov.lk/view/extra-gazettes/egz_2019.html	en	https://documents.gov.lk/view/extra-gazettes/2019/12/2155-13_E.pdf	2155/13
lk_extraordinary_gazettes_2010s	2019-12-24-2019-12-24-2155-12-ta	2019-12-24-2155-12-ta	2019-12-24	Department of Trade and Investment Policy - Special Commodity Levy on Other - Potatoes Rs. 25 per Kg (w.e.f. 25.12.2019 to 21 days)	https://documents.gov.lk/view/extra-gazettes/egz_2019.html	ta	https://documents.gov.lk/view/extra-gazettes/2019/12/24/0/2155-12_T.pdf	2155/12
lk_extraordinary_gazettes_2010s	2019-12-24-2019-12-24-2155-12-si	2019-12-24-2155-12-si	2019-12-24	Department of Trade and Investment Policy - Special Commodity Levy on Other - Potatoes Rs. 25 per Kg (w.e.f. 25.12.2019 to 21 days)	https://documents.gov.lk/view/extra-gazettes/egz_2019.html	si	https://documents.gov.lk/view/extra-gazettes/2019/12/24/0/2155-12_S.pdf	2155/12
lk_extraordinary_gazettes_2010s	2019-12-24-2019-12-24-2155-12-en	2019-12-24-2155-12-en	2019-12-24	Department of Trade and Investment Policy - Special Commodity Levy on Other - Potatoes Rs. 25 per Kg (w.e.f. 25.12.2019 to 21 days)	https://documents.gov.lk/view/extra-gazettes/egz_2019.html	en	https://documents.gov.lk/view/extra-gazettes/2019/12/24/0/2155-12_E.pdf	2155/12
lk_extraordinary_gazettes_2010s	2019-12-24-2019-12-24-2155-11-ta	2019-12-24-2155-11-ta	2019-12-24	Land Title Settlement Department - Kalalpitiya, Atthamagalla D/S Division, Atthanagalla Gampaha District - Cad. Map No. 510600 and Others Title Settlements	https://documents.gov.lk/view/extra-gazettes/egz_2019.html	ta	https://documents.gov.lk/view/extra-gazettes/2019/12/2155-11_T.pdf	2155/11
lk_extraordinary_gazettes_2010s	2019-12-24-2019-12-24-2155-11-si	2019-12-24-2155-11-si	2019-12-24	Land Title Settlement Department - Kalalpitiya, Atthamagalla D/S Division, Atthanagalla Gampaha District - Cad. Map No. 510600 and Others Title Settlements	https://documents.gov.lk/view/extra-gazettes/egz_2019.html	si	https://documents.gov.lk/view/extra-gazettes/2019/12/2155-11_S.pdf	2155/11
lk_extraordinary_gazettes_2010s	2019-12-24-2019-12-24-2155-11-en	2019-12-24-2155-11-en	2019-12-24	Land Title Settlement Department - Kalalpitiya, Atthamagalla D/S Division, Atthanagalla Gampaha District - Cad. Map No. 510600 and Others Title Settlements	https://documents.gov.lk/view/extra-gazettes/egz_2019.html	en	https://documents.gov.lk/view/extra-gazettes/2019/12/2155-11_E.pdf	2155/11
lk_extraordinary_gazettes_2010s	2019-12-24-2019-12-24-2155-10-ta	2019-12-24-2155-10-ta	2019-12-24	Election Commission - Declare that I. Liyana Arachchi as Member of the Buttala PS	https://documents.gov.lk/view/extra-gazettes/egz_2019.html	ta	https://documents.gov.lk/view/extra-gazettes/2019/12/2155-10_T.pdf	2155/10
lk_extraordinary_gazettes_2010s	2019-12-24-2019-12-24-2155-10-si	2019-12-24-2155-10-si	2019-12-24	Election Commission - Declare that I. Liyana Arachchi as Member of the Buttala PS	https://documents.gov.lk/view/extra-gazettes/egz_2019.html	si	https://documents.gov.lk/view/extra-gazettes/2019/12/2155-10_S.pdf	2155/10
lk_extraordinary_gazettes_2010s	2019-12-24-2019-12-24-2155-10-en	2019-12-24-2155-10-en	2019-12-24	Election Commission - Declare that I. Liyana Arachchi as Member of the Buttala PS	https://documents.gov.lk/view/extra-gazettes/egz_2019.html	en	https://documents.gov.lk/view/extra-gazettes/2019/12/2155-10_E.pdf	2155/10
lk_extraordinary_gazettes_2010s	2019-12-24-2019-12-24-2155-09-ta	2019-12-24-2155-09-ta	2019-12-24	Election Commission -  Mr. B. Muralitharan of the Koralaipattu North Pradeshiya Sabha has Vacated his Office Member	https://documents.gov.lk/view/extra-gazettes/egz_2019.html	ta	https://documents.gov.lk/view/extra-gazettes/2019/12/2155-09_T.pdf	2155/09
lk_extraordinary_gazettes_2010s	2019-12-24-2019-12-24-2155-09-si	2019-12-24-2155-09-si	2019-12-24	Election Commission -  Mr. B. Muralitharan of the Koralaipattu North Pradeshiya Sabha has Vacated his Office Member	https://documents.gov.lk/view/extra-gazettes/egz_2019.html	si	https://documents.gov.lk/view/extra-gazettes/2019/12/2155-09_S.pdf	2155/09
lk_extraordinary_gazettes_2010s	2019-12-24-2019-12-24-2155-09-en	2019-12-24-2155-09-en	2019-12-24	Election Commission -  Mr. B. Muralitharan of the Koralaipattu North Pradeshiya Sabha has Vacated his Office Member	https://documents.gov.lk/view/extra-gazettes/egz_2019.html	en	https://documents.gov.lk/view/extra-gazettes/2019/12/2155-09_E.pdf	2155/09
lk_extraordinary_gazettes_2010s	2019-12-24-2019-12-24-2155-08-ta	2019-12-24-2155-08-ta	2019-12-24	Governor's Office - Western Province - Regulations on Accounts relating to Financial Administrations in Pradeshiya Sabha	https://documents.gov.lk/view/extra-gazettes/egz_2019.html	ta	https://documents.gov.lk/view/extra-gazettes/2019/12/2155-08_T.pdf	2155/08
lk_extraordinary_gazettes_2010s	2019-12-24-2019-12-24-2155-08-si	2019-12-24-2155-08-si	2019-12-24	Governor's Office - Western Province - Regulations on Accounts relating to Financial Administrations in Pradeshiya Sabha	https://documents.gov.lk/view/extra-gazettes/egz_2019.html	si	https://documents.gov.lk/view/extra-gazettes/2019/12/2155-08_S.pdf	2155/08
lk_extraordinary_gazettes_2010s	2019-12-24-2019-12-24-2155-08-en	2019-12-24-2155-08-en	2019-12-24	Governor's Office - Western Province - Regulations on Accounts relating to Financial Administrations in Pradeshiya Sabha	https://documents.gov.lk/view/extra-gazettes/egz_2019.html	en	https://documents.gov.lk/view/extra-gazettes/2019/12/2155-08_E.pdf	2155/08
lk_extraordinary_gazettes_2010s	2019-12-24-2019-12-24-2155-07-ta	2019-12-24-2155-07-ta	2019-12-24	Govener's Office - Western Province - Regulations on Accounts relating to Financial Administration in Urban Councils	https://documents.gov.lk/view/extra-gazettes/egz_2019.html	ta	https://documents.gov.lk/view/extra-gazettes/2019/12/2155-07_T.pdf	2155/07
lk_extraordinary_gazettes_2010s	2019-12-24-2019-12-24-2155-07-si	2019-12-24-2155-07-si	2019-12-24	Govener's Office - Western Province - Regulations on Accounts relating to Financial Administration in Urban Councils	https://documents.gov.lk/view/extra-gazettes/egz_2019.html	si	https://documents.gov.lk/view/extra-gazettes/2019/12/2155-07_S.pdf	2155/07
lk_extraordinary_gazettes_2010s	2019-12-24-2019-12-24-2155-07-en	2019-12-24-2155-07-en	2019-12-24	Govener's Office - Western Province - Regulations on Accounts relating to Financial Administration in Urban Councils	https://documents.gov.lk/view/extra-gazettes/egz_2019.html	en	https://documents.gov.lk/view/extra-gazettes/2019/12/2155-07_E.pdf	2155/07
lk_extraordinary_gazettes_2010s	2019-12-24-2019-12-24-2155-06-ta	2019-12-24-2155-06-ta	2019-12-24	Governor's Office of the Western Province - Regulations on Accounts relating to the Financial Administration in Municipal Councils	https://documents.gov.lk/view/extra-gazettes/egz_2019.html	ta	https://documents.gov.lk/view/extra-gazettes/2019/12/2155-06_T.pdf	2155/06
lk_extraordinary_gazettes_2010s	2019-12-24-2019-12-24-2155-06-si	2019-12-24-2155-06-si	2019-12-24	Governor's Office of the Western Province - Regulations on Accounts relating to the Financial Administration in Municipal Councils	https://documents.gov.lk/view/extra-gazettes/egz_2019.html	si	https://documents.gov.lk/view/extra-gazettes/2019/12/2155-06_S.pdf	2155/06
lk_extraordinary_gazettes_2010s	2019-12-23-2019-12-23-2155-05-ta	2019-12-23-2155-05-ta	2019-12-23	Land Acquisition - Vannarpannai West, Jaffana D/S Division, Jaffana District	https://documents.gov.lk/view/extra-gazettes/egz_2019.html	ta	https://documents.gov.lk/view/extra-gazettes/2019/12/2155-05_T.pdf	2155/05
lk_extraordinary_gazettes_2010s	2019-12-23-2019-12-23-2155-05-si	2019-12-23-2155-05-si	2019-12-23	Land Acquisition - Vannarpannai West, Jaffana D/S Division, Jaffana District	https://documents.gov.lk/view/extra-gazettes/egz_2019.html	si	https://documents.gov.lk/view/extra-gazettes/2019/12/2155-05_S.pdf	2155/05
lk_extraordinary_gazettes_2010s	2019-12-23-2019-12-23-2155-05-en	2019-12-23-2155-05-en	2019-12-23	Land Acquisition - Vannarpannai West, Jaffana D/S Division, Jaffana District	https://documents.gov.lk/view/extra-gazettes/egz_2019.html	en	https://documents.gov.lk/view/extra-gazettes/2019/12/2155-05_E.pdf	2155/05
lk_extraordinary_gazettes_2010s	2019-12-23-2019-12-23-2155-04-ta	2019-12-23-2155-04-ta	2019-12-23	District Secretariat Galle - Annul Sri Maha Bodhiraja Procession of Sri Shasanalankararama  Ancient Temple in D/S Division, Nagoda	https://documents.gov.lk/view/extra-gazettes/egz_2019.html	ta	https://documents.gov.lk/view/extra-gazettes/2019/12/2155-04_T.pdf	2155/04
lk_extraordinary_gazettes_2010s	2019-12-23-2019-12-23-2155-04-si	2019-12-23-2155-04-si	2019-12-23	District Secretariat Galle - Annul Sri Maha Bodhiraja Procession of Sri Shasanalankararama  Ancient Temple in D/S Division, Nagoda	https://documents.gov.lk/view/extra-gazettes/egz_2019.html	si	https://documents.gov.lk/view/extra-gazettes/2019/12/2155-04_S.pdf	2155/04
lk_extraordinary_gazettes_2010s	2019-12-23-2019-12-23-2155-04-en	2019-12-23-2155-04-en	2019-12-23	District Secretariat Galle - Annul Sri Maha Bodhiraja Procession of Sri Shasanalankararama  Ancient Temple in D/S Division, Nagoda	https://documents.gov.lk/view/extra-gazettes/egz_2019.html	en	https://documents.gov.lk/view/extra-gazettes/2019/12/2155-04_E.pdf	2155/04
lk_extraordinary_gazettes_2010s	2019-12-23-2019-12-23-2155-03-si	2019-12-23-2155-03-si	2019-12-23	Ministry of Skills  Development, Employment and Labour Relations -  Award  made to  the Industrial Dispute between  A. M. D. G.  Dhanushka vs. Royal Porcelain (pvt.)Ltd.	https://documents.gov.lk/view/extra-gazettes/egz_2019.html	si	https://documents.gov.lk/view/extra-gazettes/2019/12/2155-03_S.pdf	2155/03
lk_extraordinary_gazettes_2010s	2019-12-23-2019-12-23-2155-02-ta	2019-12-23-2155-02-ta	2019-12-23	Land  Acquisition  - Mirihana, Sri Jayawardenapura D/S Division, Kotte, Colombo District	https://documents.gov.lk/view/extra-gazettes/egz_2019.html	ta	https://documents.gov.lk/view/extra-gazettes/2019/12/2155-02_T.pdf	2155/02
lk_extraordinary_gazettes_2010s	2019-12-23-2019-12-23-2155-02-si	2019-12-23-2155-02-si	2019-12-23	Land  Acquisition  - Mirihana, Sri Jayawardenapura D/S Division, Kotte, Colombo District	https://documents.gov.lk/view/extra-gazettes/egz_2019.html	si	https://documents.gov.lk/view/extra-gazettes/2019/12/2155-02_S.pdf	2155/02
lk_extraordinary_gazettes_2010s	2019-12-23-2019-12-23-2155-02-en	2019-12-23-2155-02-en	2019-12-23	Land  Acquisition  - Mirihana, Sri Jayawardenapura D/S Division, Kotte, Colombo District	https://documents.gov.lk/view/extra-gazettes/egz_2019.html	en	https://documents.gov.lk/view/extra-gazettes/2019/12/2155-02_E.pdf	2155/02
lk_extraordinary_gazettes_2010s	2019-12-23-2019-12-23-2155-01-ta	2019-12-23-2155-01-ta	2019-12-23	Sri Lanka Customs  -  Rate of Exchange effective from 23.12.2019 to 29.12.2019	https://documents.gov.lk/view/extra-gazettes/egz_2019.html	ta	https://documents.gov.lk/view/extra-gazettes/2019/12/2155-01_T.pdf	2155/01
lk_extraordinary_gazettes_2010s	2019-12-23-2019-12-23-2155-01-si	2019-12-23-2155-01-si	2019-12-23	Sri Lanka Customs  -  Rate of Exchange effective from 23.12.2019 to 29.12.2019	https://documents.gov.lk/view/extra-gazettes/egz_2019.html	si	https://documents.gov.lk/view/extra-gazettes/2019/12/2155-01_S.pdf	2155/01
lk_extraordinary_gazettes_2010s	2019-12-23-2019-12-23-2155-01-en	2019-12-23-2155-01-en	2019-12-23	Sri Lanka Customs  -  Rate of Exchange effective from 23.12.2019 to 29.12.2019	https://documents.gov.lk/view/extra-gazettes/egz_2019.html	en	https://documents.gov.lk/view/extra-gazettes/2019/12/2155-01_E.pdf	2155/01
lk_extraordinary_gazettes_2010s	2019-12-21-2019-12-21-2154-58-ta	2019-12-21-2154-58-ta	2019-12-21	Land Acquisition - Ranasinhagama, Haldummulla D/S Division and Guruthalawa, Welimada D/S Division, Badulla District	https://documents.gov.lk/view/extra-gazettes/egz_2019.html	ta	https://documents.gov.lk/view/extra-gazettes/2019/12/2154-58_T.pdf	2154/58
lk_extraordinary_gazettes_2010s	2019-12-21-2019-12-21-2154-58-si	2019-12-21-2154-58-si	2019-12-21	Land Acquisition - Ranasinhagama, Haldummulla D/S Division and Guruthalawa, Welimada D/S Division, Badulla District	https://documents.gov.lk/view/extra-gazettes/egz_2019.html	si	https://documents.gov.lk/view/extra-gazettes/2019/12/2154-58_S.pdf	2154/58
lk_extraordinary_gazettes_2010s	2019-12-21-2019-12-21-2154-58-en	2019-12-21-2154-58-en	2019-12-21	Land Acquisition - Ranasinhagama, Haldummulla D/S Division and Guruthalawa, Welimada D/S Division, Badulla District	https://documents.gov.lk/view/extra-gazettes/egz_2019.html	en	https://documents.gov.lk/view/extra-gazettes/2019/12/2154-58_E.pdf	2154/58
lk_extraordinary_gazettes_2010s	2019-12-21-2019-12-21-2154-57-ta	2019-12-21-2154-57-ta	2019-12-21	Land Acquisition - Hathale & Thawalanthenna, Panwila D/S Division, Kandy District	https://documents.gov.lk/view/extra-gazettes/egz_2019.html	ta	https://documents.gov.lk/view/extra-gazettes/2019/12/2154-57_T.pdf	2154/57
lk_extraordinary_gazettes_2010s	2019-12-21-2019-12-21-2154-57-si	2019-12-21-2154-57-si	2019-12-21	Land Acquisition - Hathale & Thawalanthenna, Panwila D/S Division, Kandy District	https://documents.gov.lk/view/extra-gazettes/egz_2019.html	si	https://documents.gov.lk/view/extra-gazettes/2019/12/2154-57_S.pdf	2154/57
lk_extraordinary_gazettes_2010s	2019-12-21-2019-12-21-2154-57-en	2019-12-21-2154-57-en	2019-12-21	Land Acquisition - Hathale & Thawalanthenna, Panwila D/S Division, Kandy District	https://documents.gov.lk/view/extra-gazettes/egz_2019.html	en	https://documents.gov.lk/view/extra-gazettes/2019/12/2154-57_E.pdf	2154/57
lk_extraordinary_gazettes_2010s	2019-12-21-2019-12-21-2154-56-ta	2019-12-21-2154-56-ta	2019-12-21	Land Acquisition - Polatthapitiya, Kurunegala D/S Division, Kurunegala District	https://documents.gov.lk/view/extra-gazettes/egz_2019.html	ta	https://documents.gov.lk/view/extra-gazettes/2019/12/2154-56_T.pdf	2154/56
lk_extraordinary_gazettes_2010s	2019-12-21-2019-12-21-2154-56-si	2019-12-21-2154-56-si	2019-12-21	Land Acquisition - Polatthapitiya, Kurunegala D/S Division, Kurunegala District	https://documents.gov.lk/view/extra-gazettes/egz_2019.html	si	https://documents.gov.lk/view/extra-gazettes/2019/12/2154-56_S.pdf	2154/56
lk_extraordinary_gazettes_2010s	2019-12-21-2019-12-21-2154-56-en	2019-12-21-2154-56-en	2019-12-21	Land Acquisition - Polatthapitiya, Kurunegala D/S Division, Kurunegala District	https://documents.gov.lk/view/extra-gazettes/egz_2019.html	en	https://documents.gov.lk/view/extra-gazettes/2019/12/2154-56_E.pdf	2154/56
lk_extraordinary_gazettes_2010s	2019-12-21-2019-12-21-2154-55-ta	2019-12-21-2154-55-ta	2019-12-21	Presidential Secretariat - Order to appoint Hon. Chamal Rajapaksa and 37 other M.P.'s as State Ministers, w.e.f. 27.11.2019	https://documents.gov.lk/view/extra-gazettes/egz_2019.html	ta	https://documents.gov.lk/view/extra-gazettes/2019/12/2154-55_T.pdf	2154/55
lk_extraordinary_gazettes_2010s	2019-12-21-2019-12-21-2154-55-si	2019-12-21-2154-55-si	2019-12-21	Presidential Secretariat - Order to appoint Hon. Chamal Rajapaksa and 37 other M.P.'s as State Ministers, w.e.f. 27.11.2019	https://documents.gov.lk/view/extra-gazettes/egz_2019.html	si	https://documents.gov.lk/view/extra-gazettes/2019/12/2154-55_S.pdf	2154/55
lk_extraordinary_gazettes_2010s	2019-12-21-2019-12-21-2154-55-en	2019-12-21-2154-55-en	2019-12-21	Presidential Secretariat - Order to appoint Hon. Chamal Rajapaksa and 37 other M.P.'s as State Ministers, w.e.f. 27.11.2019	https://documents.gov.lk/view/extra-gazettes/egz_2019.html	en	https://documents.gov.lk/view/extra-gazettes/2019/12/2154-55_E.pdf	2154/55
lk_extraordinary_gazettes_2010s	2019-12-21-2019-12-21-2154-54-ta	2019-12-21-2154-54-ta	2019-12-21	Presidential Secretariat - Order, call out all the members of the Armed Forces for the maintenance of Public Order, w.e.f. 22.12.2019	https://documents.gov.lk/view/extra-gazettes/egz_2019.html	ta	https://documents.gov.lk/view/extra-gazettes/2019/12/2154-54_T.pdf	2154/54
lk_extraordinary_gazettes_2010s	2019-12-21-2019-12-21-2154-54-si	2019-12-21-2154-54-si	2019-12-21	Presidential Secretariat - Order, call out all the members of the Armed Forces for the maintenance of Public Order, w.e.f. 22.12.2019	https://documents.gov.lk/view/extra-gazettes/egz_2019.html	si	https://documents.gov.lk/view/extra-gazettes/2019/12/2154-54_S.pdf	2154/54
lk_extraordinary_gazettes_2010s	2019-12-21-2019-12-21-2154-54-en	2019-12-21-2154-54-en	2019-12-21	Presidential Secretariat - Order, call out all the members of the Armed Forces for the maintenance of Public Order, w.e.f. 22.12.2019	https://documents.gov.lk/view/extra-gazettes/egz_2019.html	en	https://documents.gov.lk/view/extra-gazettes/2019/12/2154-54_E.pdf	2154/54
lk_extraordinary_gazettes_2010s	2019-12-20-2019-12-20-2154-53-ta	2019-12-20-2154-53-ta	2019-12-20	Land Acquisition - Akkaraipattu, Akkaraipattu D/S Division, Ampara District	https://documents.gov.lk/view/extra-gazettes/egz_2019.html	ta	https://documents.gov.lk/view/extra-gazettes/2019/12/2154-53_T.pdf	2154/53
lk_extraordinary_gazettes_2010s	2019-12-20-2019-12-20-2154-53-si	2019-12-20-2154-53-si	2019-12-20	Land Acquisition - Akkaraipattu, Akkaraipattu D/S Division, Ampara District	https://documents.gov.lk/view/extra-gazettes/egz_2019.html	si	https://documents.gov.lk/view/extra-gazettes/2019/12/2154-53_S.pdf	2154/53
lk_extraordinary_gazettes_2010s	2019-12-20-2019-12-20-2154-53-en	2019-12-20-2154-53-en	2019-12-20	Land Acquisition - Akkaraipattu, Akkaraipattu D/S Division, Ampara District	https://documents.gov.lk/view/extra-gazettes/egz_2019.html	en	https://documents.gov.lk/view/extra-gazettes/2019/12/2154-53_E.pdf	2154/53
lk_extraordinary_gazettes_2010s	2019-12-20-2019-12-20-2154-52-ta	2019-12-20-2154-52-ta	2019-12-20	North Central Province Provincial Council - Mrs. T. Thilakarathne and 14 others - Appointed to the Posts of Provincial Council Services	https://documents.gov.lk/view/extra-gazettes/egz_2019.html	ta	https://documents.gov.lk/view/extra-gazettes/2019/12/2154-52_T.pdf	2154/52
lk_extraordinary_gazettes_2010s	2019-12-20-2019-12-20-2154-52-si	2019-12-20-2154-52-si	2019-12-20	North Central Province Provincial Council - Mrs. T. Thilakarathne and 14 others - Appointed to the Posts of Provincial Council Services	https://documents.gov.lk/view/extra-gazettes/egz_2019.html	si	https://documents.gov.lk/view/extra-gazettes/2019/12/2154-52_S.pdf	2154/52
lk_extraordinary_gazettes_2010s	2019-12-20-2019-12-20-2154-52-en	2019-12-20-2154-52-en	2019-12-20	North Central Province Provincial Council - Mrs. T. Thilakarathne and 14 others - Appointed to the Posts of Provincial Council Services	https://documents.gov.lk/view/extra-gazettes/egz_2019.html	en	https://documents.gov.lk/view/extra-gazettes/2019/12/2154-52_E.pdf	2154/52
lk_extraordinary_gazettes_2010s	2019-12-20-2019-12-20-2154-51-ta	2019-12-20-2154-51-ta	2019-12-20	Election Commission - A Member of the Colombo Municipal Council has Vacated his Office of Member	https://documents.gov.lk/view/extra-gazettes/egz_2019.html	ta	https://documents.gov.lk/view/extra-gazettes/2019/12/2154-51_T.pdf	2154/51
lk_extraordinary_gazettes_2010s	2019-12-20-2019-12-20-2154-51-si	2019-12-20-2154-51-si	2019-12-20	Election Commission - A Member of the Colombo Municipal Council has Vacated his Office of Member	https://documents.gov.lk/view/extra-gazettes/egz_2019.html	si	https://documents.gov.lk/view/extra-gazettes/2019/12/2154-51_S.pdf	2154/51
lk_extraordinary_gazettes_2010s	2019-12-20-2019-12-20-2154-51-en	2019-12-20-2154-51-en	2019-12-20	Election Commission - A Member of the Colombo Municipal Council has Vacated his Office of Member	https://documents.gov.lk/view/extra-gazettes/egz_2019.html	en	https://documents.gov.lk/view/extra-gazettes/2019/12/2154-51_E.pdf	2154/51
lk_extraordinary_gazettes_2010s	2019-12-20-2019-12-20-2154-50-ta	2019-12-20-2154-50-ta	2019-12-20	Dept. of Fiscal Policy - Sultanate of Oman for the Avoidance of Double Taxation	https://documents.gov.lk/view/extra-gazettes/egz_2019.html	ta	https://documents.gov.lk/view/extra-gazettes/2019/12/2154-50_T.pdf	2154/50
lk_extraordinary_gazettes_2010s	2019-12-20-2019-12-20-2154-50-si	2019-12-20-2154-50-si	2019-12-20	Dept. of Fiscal Policy - Sultanate of Oman for the Avoidance of Double Taxation	https://documents.gov.lk/view/extra-gazettes/egz_2019.html	si	https://documents.gov.lk/view/extra-gazettes/2019/12/2154-50_S.pdf	2154/50
lk_extraordinary_gazettes_2010s	2019-12-20-2019-12-20-2154-50-en	2019-12-20-2154-50-en	2019-12-20	Dept. of Fiscal Policy - Sultanate of Oman for the Avoidance of Double Taxation	https://documents.gov.lk/view/extra-gazettes/egz_2019.html	en	https://documents.gov.lk/view/extra-gazettes/2019/12/2154-50_E.pdf	2154/50
lk_extraordinary_gazettes_2010s	2019-12-19-2019-12-19-2154-49-ta	2019-12-19-2154-49-ta	2019-12-19	Central Bank of S L - Market Rate of Interest for the Purpcse of this act. shall be 11.64% Per annum	https://documents.gov.lk/view/extra-gazettes/egz_2019.html	ta	https://documents.gov.lk/view/extra-gazettes/2019/12/2154-49_T.pdf	2154/49
lk_extraordinary_gazettes_2010s	2019-12-19-2019-12-19-2154-49-si	2019-12-19-2154-49-si	2019-12-19	Central Bank of S L - Market Rate of Interest for the Purpcse of this act. shall be 11.64% Per annum	https://documents.gov.lk/view/extra-gazettes/egz_2019.html	si	https://documents.gov.lk/view/extra-gazettes/2019/12/2154-49_S.pdf	2154/49
lk_extraordinary_gazettes_2010s	2019-12-19-2019-12-19-2154-49-en	2019-12-19-2154-49-en	2019-12-19	Central Bank of S L - Market Rate of Interest for the Purpcse of this act. shall be 11.64% Per annum	https://documents.gov.lk/view/extra-gazettes/egz_2019.html	en	https://documents.gov.lk/view/extra-gazettes/2019/12/2154-49_E.pdf	2154/49
lk_extraordinary_gazettes_2010s	2019-12-19-2019-12-19-2154-48-ta	2019-12-19-2154-48-ta	2019-12-19	Central Bank of S L - Legal Rate of Interest Shell be 11.64% Per annum	https://documents.gov.lk/view/extra-gazettes/egz_2019.html	ta	https://documents.gov.lk/view/extra-gazettes/2019/12/2154-48_T.pdf	2154/48
lk_extraordinary_gazettes_2010s	2019-12-19-2019-12-19-2154-48-si	2019-12-19-2154-48-si	2019-12-19	Central Bank of S L - Legal Rate of Interest Shell be 11.64% Per annum	https://documents.gov.lk/view/extra-gazettes/egz_2019.html	si	https://documents.gov.lk/view/extra-gazettes/2019/12/2154-48_S.pdf	2154/48
lk_extraordinary_gazettes_2010s	2019-12-19-2019-12-19-2154-48-en	2019-12-19-2154-48-en	2019-12-19	Central Bank of S L - Legal Rate of Interest Shell be 11.64% Per annum	https://documents.gov.lk/view/extra-gazettes/egz_2019.html	en	https://documents.gov.lk/view/extra-gazettes/2019/12/2154-48_E.pdf	2154/48
lk_extraordinary_gazettes_2010s	2019-12-19-2019-12-19-2154-47-ta	2019-12-19-2154-47-ta	2019-12-19	Land Title Settlement Department - Puujanagaraya, Mahiyanganaya D/S Division, Badulla District - Cad. Map No. 710077	https://documents.gov.lk/view/extra-gazettes/egz_2019.html	ta	https://documents.gov.lk/view/extra-gazettes/2019/12/2154-47_T.pdf	2154/47
lk_extraordinary_gazettes_2010s	2019-12-19-2019-12-19-2154-47-si	2019-12-19-2154-47-si	2019-12-19	Land Title Settlement Department - Puujanagaraya, Mahiyanganaya D/S Division, Badulla District - Cad. Map No. 710077	https://documents.gov.lk/view/extra-gazettes/egz_2019.html	si	https://documents.gov.lk/view/extra-gazettes/2019/12/2154-47_S.pdf	2154/47
lk_extraordinary_gazettes_2010s	2019-12-19-2019-12-19-2154-47-en	2019-12-19-2154-47-en	2019-12-19	Land Title Settlement Department - Puujanagaraya, Mahiyanganaya D/S Division, Badulla District - Cad. Map No. 710077	https://documents.gov.lk/view/extra-gazettes/egz_2019.html	en	https://documents.gov.lk/view/extra-gazettes/2019/12/2154-47_E.pdf	2154/47
lk_extraordinary_gazettes_2010s	2019-12-19-2019-12-19-2154-46-ta	2019-12-19-2154-46-ta	2019-12-19	Land Title Settlement Department - Kowana, Mallawapitiya D/S Division, Kurunegala District - Cad. Map No. 420207	https://documents.gov.lk/view/extra-gazettes/egz_2019.html	ta	https://documents.gov.lk/view/extra-gazettes/2019/12/2154-46_T.pdf	2154/46
lk_extraordinary_gazettes_2010s	2019-12-19-2019-12-19-2154-46-si	2019-12-19-2154-46-si	2019-12-19	Land Title Settlement Department - Kowana, Mallawapitiya D/S Division, Kurunegala District - Cad. Map No. 420207	https://documents.gov.lk/view/extra-gazettes/egz_2019.html	si	https://documents.gov.lk/view/extra-gazettes/2019/12/2154-46_S.pdf	2154/46
lk_extraordinary_gazettes_2010s	2019-12-19-2019-12-19-2154-46-en	2019-12-19-2154-46-en	2019-12-19	Land Title Settlement Department - Kowana, Mallawapitiya D/S Division, Kurunegala District - Cad. Map No. 420207	https://documents.gov.lk/view/extra-gazettes/egz_2019.html	en	https://documents.gov.lk/view/extra-gazettes/2019/12/2154-46_E.pdf	2154/46
lk_extraordinary_gazettes_2010s	2019-12-19-2019-12-19-2154-45-ta	2019-12-19-2154-45-ta	2019-12-19	Land Title Settlement Department - Pokunuwita, Horana D/S Division, Kalutara District - Cad. Map No. 530177 and others	https://documents.gov.lk/view/extra-gazettes/egz_2019.html	ta	https://documents.gov.lk/view/extra-gazettes/2019/12/2154-45_T.pdf	2154/45
lk_extraordinary_gazettes_2010s	2019-12-19-2019-12-19-2154-45-si	2019-12-19-2154-45-si	2019-12-19	Land Title Settlement Department - Pokunuwita, Horana D/S Division, Kalutara District - Cad. Map No. 530177 and others	https://documents.gov.lk/view/extra-gazettes/egz_2019.html	si	https://documents.gov.lk/view/extra-gazettes/2019/12/2154-45_S.pdf	2154/45
lk_extraordinary_gazettes_2010s	2019-12-19-2019-12-19-2154-45-en	2019-12-19-2154-45-en	2019-12-19	Land Title Settlement Department - Pokunuwita, Horana D/S Division, Kalutara District - Cad. Map No. 530177 and others	https://documents.gov.lk/view/extra-gazettes/egz_2019.html	en	https://documents.gov.lk/view/extra-gazettes/2019/12/2154-45_E.pdf	2154/45
lk_extraordinary_gazettes_2010s	2019-12-19-2019-12-19-2154-44-ta	2019-12-19-2154-44-ta	2019-12-19	Land Title Settlement Department - Embilmeegama South, Yatinuwara D/S Division, Kandy District - Cad. Map No. 320583 and others	https://documents.gov.lk/view/extra-gazettes/egz_2019.html	ta	https://documents.gov.lk/view/extra-gazettes/2019/12/2154-44_T.pdf	2154/44
lk_extraordinary_gazettes_2010s	2019-12-19-2019-12-19-2154-44-si	2019-12-19-2154-44-si	2019-12-19	Land Title Settlement Department - Embilmeegama South, Yatinuwara D/S Division, Kandy District - Cad. Map No. 320583 and others	https://documents.gov.lk/view/extra-gazettes/egz_2019.html	si	https://documents.gov.lk/view/extra-gazettes/2019/12/2154-44_S.pdf	2154/44
lk_extraordinary_gazettes_2010s	2019-12-19-2019-12-19-2154-44-en	2019-12-19-2154-44-en	2019-12-19	Land Title Settlement Department - Embilmeegama South, Yatinuwara D/S Division, Kandy District - Cad. Map No. 320583 and others	https://documents.gov.lk/view/extra-gazettes/egz_2019.html	en	https://documents.gov.lk/view/extra-gazettes/2019/12/2154-44_E.pdf	2154/44
lk_extraordinary_gazettes_2010s	2019-12-19-2019-12-19-2154-42-ta	2019-12-19-2154-42-ta	2019-12-19	Land Title Settlement Department - Ballapana Udabage, Galigamuwa D/S Division, Kegalle District - Cad. Map No. 610008 and others	https://documents.gov.lk/view/extra-gazettes/egz_2019.html	ta	https://documents.gov.lk/view/extra-gazettes/2019/12/2154-42_T.pdf	2154/42
lk_extraordinary_gazettes_2010s	2019-12-19-2019-12-19-2154-42-si	2019-12-19-2154-42-si	2019-12-19	Land Title Settlement Department - Ballapana Udabage, Galigamuwa D/S Division, Kegalle District - Cad. Map No. 610008 and others	https://documents.gov.lk/view/extra-gazettes/egz_2019.html	si	https://documents.gov.lk/view/extra-gazettes/2019/12/2154-42_S.pdf	2154/42
lk_extraordinary_gazettes_2010s	2019-12-19-2019-12-19-2154-42-en	2019-12-19-2154-42-en	2019-12-19	Land Title Settlement Department - Ballapana Udabage, Galigamuwa D/S Division, Kegalle District - Cad. Map No. 610008 and others	https://documents.gov.lk/view/extra-gazettes/egz_2019.html	en	https://documents.gov.lk/view/extra-gazettes/2019/12/2154-42_E.pdf	2154/42
lk_extraordinary_gazettes_2010s	2019-12-19-2019-12-19-2154-41-ta	2019-12-19-2154-41-ta	2019-12-19	Land Title Settlement Department - Dewamottawa, Katana D/S Division, Gampaha District - Cad. Map No. 511223 and others	https://documents.gov.lk/view/extra-gazettes/egz_2019.html	ta	https://documents.gov.lk/view/extra-gazettes/2019/12/2154-41_T.pdf	2154/41
lk_extraordinary_gazettes_2010s	2019-12-19-2019-12-19-2154-41-si	2019-12-19-2154-41-si	2019-12-19	Land Title Settlement Department - Dewamottawa, Katana D/S Division, Gampaha District - Cad. Map No. 511223 and others	https://documents.gov.lk/view/extra-gazettes/egz_2019.html	si	https://documents.gov.lk/view/extra-gazettes/2019/12/2154-41_S.pdf	2154/41
lk_extraordinary_gazettes_2010s	2019-12-19-2019-12-19-2154-41-en	2019-12-19-2154-41-en	2019-12-19	Land Title Settlement Department - Dewamottawa, Katana D/S Division, Gampaha District - Cad. Map No. 511223 and others	https://documents.gov.lk/view/extra-gazettes/egz_2019.html	en	https://documents.gov.lk/view/extra-gazettes/2019/12/2154-41_E.pdf	2154/41
lk_extraordinary_gazettes_2010s	2019-12-19-2019-12-19-2154-40-ta	2019-12-19-2154-40-ta	2019-12-19	Land Title Settlement Department - Notice calling for claims to property of Intestate, Kesbewa D/S Division	https://documents.gov.lk/view/extra-gazettes/egz_2019.html	ta	https://documents.gov.lk/view/extra-gazettes/2019/12/2154-40_T.pdf	2154/40
lk_extraordinary_gazettes_2010s	2019-12-19-2019-12-19-2154-40-si	2019-12-19-2154-40-si	2019-12-19	Land Title Settlement Department - Notice calling for claims to property of Intestate, Kesbewa D/S Division	https://documents.gov.lk/view/extra-gazettes/egz_2019.html	si	https://documents.gov.lk/view/extra-gazettes/2019/12/2154-40_S.pdf	2154/40
lk_extraordinary_gazettes_2010s	2019-12-19-2019-12-19-2154-40-en	2019-12-19-2154-40-en	2019-12-19	Land Title Settlement Department - Notice calling for claims to property of Intestate, Kesbewa D/S Division	https://documents.gov.lk/view/extra-gazettes/egz_2019.html	en	https://documents.gov.lk/view/extra-gazettes/2019/12/2154-40_E.pdf	2154/40
lk_extraordinary_gazettes_2010s	2019-12-19-2019-12-19-2154-39-ta	2019-12-19-2154-39-ta	2019-12-19	Office of  the  Governor - Uva Province  - Dismissals made by the Governor of the Uva Province	https://documents.gov.lk/view/extra-gazettes/egz_2019.html	ta	https://documents.gov.lk/view/extra-gazettes/2019/12/2154-39_T.pdf	2154/39
lk_extraordinary_gazettes_2010s	2019-12-19-2019-12-19-2154-39-si	2019-12-19-2154-39-si	2019-12-19	Office of  the  Governor - Uva Province  - Dismissals made by the Governor of the Uva Province	https://documents.gov.lk/view/extra-gazettes/egz_2019.html	si	https://documents.gov.lk/view/extra-gazettes/2019/12/2154-39_S.pdf	2154/39
lk_extraordinary_gazettes_2010s	2019-12-19-2019-12-19-2154-39-en	2019-12-19-2154-39-en	2019-12-19	Office of  the  Governor - Uva Province  - Dismissals made by the Governor of the Uva Province	https://documents.gov.lk/view/extra-gazettes/egz_2019.html	en	https://documents.gov.lk/view/extra-gazettes/2019/12/2154-39_E.pdf	2154/39
lk_extraordinary_gazettes_2010s	2019-12-19-2019-12-19-2154-38-ta	2019-12-19-2154-38-ta	2019-12-19	Land Title Settlement Department - Wathurugama, Dompe D/S Division, Gampaha District - Cad. Map No. 511002 and others	https://documents.gov.lk/view/extra-gazettes/egz_2019.html	ta	https://documents.gov.lk/view/extra-gazettes/2019/12/2154-38_T.pdf	2154/38
lk_extraordinary_gazettes_2010s	2019-12-19-2019-12-19-2154-38-si	2019-12-19-2154-38-si	2019-12-19	Land Title Settlement Department - Wathurugama, Dompe D/S Division, Gampaha District - Cad. Map No. 511002 and others	https://documents.gov.lk/view/extra-gazettes/egz_2019.html	si	https://documents.gov.lk/view/extra-gazettes/2019/12/2154-38_S.pdf	2154/38
lk_extraordinary_gazettes_2010s	2019-12-19-2019-12-19-2154-38-en	2019-12-19-2154-38-en	2019-12-19	Land Title Settlement Department - Wathurugama, Dompe D/S Division, Gampaha District - Cad. Map No. 511002 and others	https://documents.gov.lk/view/extra-gazettes/egz_2019.html	en	https://documents.gov.lk/view/extra-gazettes/2019/12/2154-38_E.pdf	2154/38
lk_extraordinary_gazettes_2010s	2019-12-19-2019-12-19-2154-37-ta	2019-12-19-2154-37-ta	2019-12-19	Land Title Settlement Department - Thudella, Ja-Ela D/S Division, Gampaha District - Cad. Map No. 512200 and others	https://documents.gov.lk/view/extra-gazettes/egz_2019.html	ta	https://documents.gov.lk/view/extra-gazettes/2019/12/2154-37_T.pdf	2154/37
lk_extraordinary_gazettes_2010s	2019-12-19-2019-12-19-2154-37-si	2019-12-19-2154-37-si	2019-12-19	Land Title Settlement Department - Thudella, Ja-Ela D/S Division, Gampaha District - Cad. Map No. 512200 and others	https://documents.gov.lk/view/extra-gazettes/egz_2019.html	si	https://documents.gov.lk/view/extra-gazettes/2019/12/2154-37_S.pdf	2154/37
lk_extraordinary_gazettes_2010s	2019-12-19-2019-12-19-2154-37-en	2019-12-19-2154-37-en	2019-12-19	Land Title Settlement Department - Thudella, Ja-Ela D/S Division, Gampaha District - Cad. Map No. 512200 and others	https://documents.gov.lk/view/extra-gazettes/egz_2019.html	en	https://documents.gov.lk/view/extra-gazettes/2019/12/2154-37_E.pdf	2154/37
lk_extraordinary_gazettes_2010s	2019-12-19-2019-12-19-2154-36-ta	2019-12-19-2154-36-ta	2019-12-19	Land Title Settlement Department - Heeralugedara, Divulapitiya D/S Division, Gampaha District - Cad. Map No. 510031	https://documents.gov.lk/view/extra-gazettes/egz_2019.html	ta	https://documents.gov.lk/view/extra-gazettes/2019/12/2154-36_T.pdf	2154/36
lk_extraordinary_gazettes_2010s	2019-12-19-2019-12-19-2154-36-si	2019-12-19-2154-36-si	2019-12-19	Land Title Settlement Department - Heeralugedara, Divulapitiya D/S Division, Gampaha District - Cad. Map No. 510031	https://documents.gov.lk/view/extra-gazettes/egz_2019.html	si	https://documents.gov.lk/view/extra-gazettes/2019/12/2154-36_S.pdf	2154/36
lk_extraordinary_gazettes_2010s	2019-12-19-2019-12-19-2154-36-en	2019-12-19-2154-36-en	2019-12-19	Land Title Settlement Department - Heeralugedara, Divulapitiya D/S Division, Gampaha District - Cad. Map No. 510031	https://documents.gov.lk/view/extra-gazettes/egz_2019.html	en	https://documents.gov.lk/view/extra-gazettes/2019/12/2154-36_E.pdf	2154/36
lk_extraordinary_gazettes_2010s	2019-12-19-2019-12-19-2154-35-ta	2019-12-19-2154-35-ta	2019-12-19	Land Title Settlement Department - Yodhakandiya, Tissamaharamaya D/S Division, Hambantota District - Cad. Map No. 830081 and others	https://documents.gov.lk/view/extra-gazettes/egz_2019.html	ta	https://documents.gov.lk/view/extra-gazettes/2019/12/2154-35_T.pdf	2154/35
lk_extraordinary_gazettes_2010s	2019-12-19-2019-12-19-2154-35-si	2019-12-19-2154-35-si	2019-12-19	Land Title Settlement Department - Yodhakandiya, Tissamaharamaya D/S Division, Hambantota District - Cad. Map No. 830081 and others	https://documents.gov.lk/view/extra-gazettes/egz_2019.html	si	https://documents.gov.lk/view/extra-gazettes/2019/12/2154-35_S.pdf	2154/35
lk_extraordinary_gazettes_2010s	2019-12-19-2019-12-19-2154-35-en	2019-12-19-2154-35-en	2019-12-19	Land Title Settlement Department - Yodhakandiya, Tissamaharamaya D/S Division, Hambantota District - Cad. Map No. 830081 and others	https://documents.gov.lk/view/extra-gazettes/egz_2019.html	en	https://documents.gov.lk/view/extra-gazettes/2019/12/2154-35_E.pdf	2154/35
lk_extraordinary_gazettes_2010s	2019-12-19-2019-12-19-2154-34-ta	2019-12-19-2154-34-ta	2019-12-19	Land Title Settlement Department - Galigamuwa, Galigamuwa D/S Division, Kegalle District - Cad. Map No. 610027 and others	https://documents.gov.lk/view/extra-gazettes/egz_2019.html	ta	https://documents.gov.lk/view/extra-gazettes/2019/12/2154-34_T.pdf	2154/34
lk_extraordinary_gazettes_2010s	2019-12-19-2019-12-19-2154-34-si	2019-12-19-2154-34-si	2019-12-19	Land Title Settlement Department - Galigamuwa, Galigamuwa D/S Division, Kegalle District - Cad. Map No. 610027 and others	https://documents.gov.lk/view/extra-gazettes/egz_2019.html	si	https://documents.gov.lk/view/extra-gazettes/2019/12/2154-34_S.pdf	2154/34
lk_extraordinary_gazettes_2010s	2019-12-19-2019-12-19-2154-34-en	2019-12-19-2154-34-en	2019-12-19	Land Title Settlement Department - Galigamuwa, Galigamuwa D/S Division, Kegalle District - Cad. Map No. 610027 and others	https://documents.gov.lk/view/extra-gazettes/egz_2019.html	en	https://documents.gov.lk/view/extra-gazettes/2019/12/2154-34_E.pdf	2154/34
lk_extraordinary_gazettes_2010s	2019-12-19-2019-12-19-2154-33-ta	2019-12-19-2154-33-ta	2019-12-19	Land Title Settlement Department - Mallanda, Kothmale D/S Division, Nuwara eliya District - Cad. Map No. 330300 and others	https://documents.gov.lk/view/extra-gazettes/egz_2019.html	ta	https://documents.gov.lk/view/extra-gazettes/2019/12/2154-33_T.pdf	2154/33
lk_extraordinary_gazettes_2010s	2019-12-19-2019-12-19-2154-33-si	2019-12-19-2154-33-si	2019-12-19	Land Title Settlement Department - Mallanda, Kothmale D/S Division, Nuwara eliya District - Cad. Map No. 330300 and others	https://documents.gov.lk/view/extra-gazettes/egz_2019.html	si	https://documents.gov.lk/view/extra-gazettes/2019/12/2154-33_S.pdf	2154/33
lk_extraordinary_gazettes_2010s	2019-12-19-2019-12-19-2154-33-en	2019-12-19-2154-33-en	2019-12-19	Land Title Settlement Department - Mallanda, Kothmale D/S Division, Nuwara eliya District - Cad. Map No. 330300 and others	https://documents.gov.lk/view/extra-gazettes/egz_2019.html	en	https://documents.gov.lk/view/extra-gazettes/2019/12/2154-33_E.pdf	2154/33
lk_extraordinary_gazettes_2010s	2019-12-19-2019-12-19-2154-32-ta	2019-12-19-2154-32-ta	2019-12-19	Land Title Settlement Department - Karamada, Udunuwara D/S Division, Kandy District - Cad. Map No. 320249 and others	https://documents.gov.lk/view/extra-gazettes/egz_2019.html	ta	https://documents.gov.lk/view/extra-gazettes/2019/12/2154-32_T.pdf	2154/32
lk_extraordinary_gazettes_2010s	2019-12-19-2019-12-19-2154-32-si	2019-12-19-2154-32-si	2019-12-19	Land Title Settlement Department - Karamada, Udunuwara D/S Division, Kandy District - Cad. Map No. 320249 and others	https://documents.gov.lk/view/extra-gazettes/egz_2019.html	si	https://documents.gov.lk/view/extra-gazettes/2019/12/2154-32_S.pdf	2154/32
lk_extraordinary_gazettes_2010s	2019-12-19-2019-12-19-2154-32-en	2019-12-19-2154-32-en	2019-12-19	Land Title Settlement Department - Karamada, Udunuwara D/S Division, Kandy District - Cad. Map No. 320249 and others	https://documents.gov.lk/view/extra-gazettes/egz_2019.html	en	https://documents.gov.lk/view/extra-gazettes/2019/12/2154-32_E.pdf	2154/32
lk_extraordinary_gazettes_2010s	2019-12-19-2019-12-19-2154-31-ta	2019-12-19-2154-31-ta	2019-12-19	Land Title Settlement Department - Kesbewa North, Kesbewa D/S Division, Colombo District - Cad. Map No. 521209	https://documents.gov.lk/view/extra-gazettes/egz_2019.html	ta	https://documents.gov.lk/view/extra-gazettes/2019/12/2154-31_T.pdf	2154/31
lk_extraordinary_gazettes_2010s	2019-12-19-2019-12-19-2154-31-si	2019-12-19-2154-31-si	2019-12-19	Land Title Settlement Department - Kesbewa North, Kesbewa D/S Division, Colombo District - Cad. Map No. 521209	https://documents.gov.lk/view/extra-gazettes/egz_2019.html	si	https://documents.gov.lk/view/extra-gazettes/2019/12/2154-31_S.pdf	2154/31
lk_extraordinary_gazettes_2010s	2019-12-19-2019-12-19-2154-31-en	2019-12-19-2154-31-en	2019-12-19	Land Title Settlement Department - Kesbewa North, Kesbewa D/S Division, Colombo District - Cad. Map No. 521209	https://documents.gov.lk/view/extra-gazettes/egz_2019.html	en	https://documents.gov.lk/view/extra-gazettes/2019/12/2154-31_E.pdf	2154/31
lk_extraordinary_gazettes_2010s	2019-12-19-2019-12-19-2154-30-ta	2019-12-19-2154-30-ta	2019-12-19	Land Title Settlement Department - Kohuwala, Dehiwala D/S Division, Colombo District - Cad. Map No. 520801 and others	https://documents.gov.lk/view/extra-gazettes/egz_2019.html	ta	https://documents.gov.lk/view/extra-gazettes/2019/12/2154-30_T.pdf	2154/30
lk_extraordinary_gazettes_2010s	2019-12-19-2019-12-19-2154-30-si	2019-12-19-2154-30-si	2019-12-19	Land Title Settlement Department - Kohuwala, Dehiwala D/S Division, Colombo District - Cad. Map No. 520801 and others	https://documents.gov.lk/view/extra-gazettes/egz_2019.html	si	https://documents.gov.lk/view/extra-gazettes/2019/12/2154-30_S.pdf	2154/30
lk_extraordinary_gazettes_2010s	2019-12-19-2019-12-19-2154-30-en	2019-12-19-2154-30-en	2019-12-19	Land Title Settlement Department - Kohuwala, Dehiwala D/S Division, Colombo District - Cad. Map No. 520801 and others	https://documents.gov.lk/view/extra-gazettes/egz_2019.html	en	https://documents.gov.lk/view/extra-gazettes/2019/12/2154-30_E.pdf	2154/30
lk_extraordinary_gazettes_2010s	2019-12-19-2019-12-19-2154-29-ta	2019-12-19-2154-29-ta	2019-12-19	Land Title Settlement Department - Rambadagalla, Rideegama D/S Division, Kurunegala District - Cad. Map No. 420111	https://documents.gov.lk/view/extra-gazettes/egz_2019.html	ta	https://documents.gov.lk/view/extra-gazettes/2019/12/2154-29_T.pdf	2154/29
lk_extraordinary_gazettes_2010s	2019-12-19-2019-12-19-2154-29-si	2019-12-19-2154-29-si	2019-12-19	Land Title Settlement Department - Rambadagalla, Rideegama D/S Division, Kurunegala District - Cad. Map No. 420111	https://documents.gov.lk/view/extra-gazettes/egz_2019.html	si	https://documents.gov.lk/view/extra-gazettes/2019/12/2154-29_S.pdf	2154/29
lk_extraordinary_gazettes_2010s	2019-12-19-2019-12-19-2154-29-en	2019-12-19-2154-29-en	2019-12-19	Land Title Settlement Department - Rambadagalla, Rideegama D/S Division, Kurunegala District - Cad. Map No. 420111	https://documents.gov.lk/view/extra-gazettes/egz_2019.html	en	https://documents.gov.lk/view/extra-gazettes/2019/12/2154-29_E.pdf	2154/29
lk_extraordinary_gazettes_2010s	2019-12-19-2019-12-19-2154-28-ta	2019-12-19-2154-28-ta	2019-12-19	Land Title Settlement Department - Notice calling for claims to property of Intestate, Homagama D/S Division and others	https://documents.gov.lk/view/extra-gazettes/egz_2019.html	ta	https://documents.gov.lk/view/extra-gazettes/2019/12/2154-28_T.pdf	2154/28
lk_extraordinary_gazettes_2010s	2019-12-19-2019-12-19-2154-28-si	2019-12-19-2154-28-si	2019-12-19	Land Title Settlement Department - Notice calling for claims to property of Intestate, Homagama D/S Division and others	https://documents.gov.lk/view/extra-gazettes/egz_2019.html	si	https://documents.gov.lk/view/extra-gazettes/2019/12/2154-28_S.pdf	2154/28
lk_extraordinary_gazettes_2010s	2019-12-19-2019-12-19-2154-28-en	2019-12-19-2154-28-en	2019-12-19	Land Title Settlement Department - Notice calling for claims to property of Intestate, Homagama D/S Division and others	https://documents.gov.lk/view/extra-gazettes/egz_2019.html	en	https://documents.gov.lk/view/extra-gazettes/2019/12/2154-28_E.pdf	2154/28
lk_extraordinary_gazettes_2010s	2019-12-19-2019-12-19-2154-27-ta	2019-12-19-2154-27-ta	2019-12-19	Land Title Settlement Department - Notice calling for claims to property of Intestate, Moratuwa D/S Division and others	https://documents.gov.lk/view/extra-gazettes/egz_2019.html	ta	https://documents.gov.lk/view/extra-gazettes/2019/12/2154-27_T.pdf	2154/27
lk_extraordinary_gazettes_2010s	2019-12-19-2019-12-19-2154-27-si	2019-12-19-2154-27-si	2019-12-19	Land Title Settlement Department - Notice calling for claims to property of Intestate, Moratuwa D/S Division and others	https://documents.gov.lk/view/extra-gazettes/egz_2019.html	si	https://documents.gov.lk/view/extra-gazettes/2019/12/2154-27_S.pdf	2154/27
lk_extraordinary_gazettes_2010s	2019-12-19-2019-12-19-2154-27-en	2019-12-19-2154-27-en	2019-12-19	Land Title Settlement Department - Notice calling for claims to property of Intestate, Moratuwa D/S Division and others	https://documents.gov.lk/view/extra-gazettes/egz_2019.html	en	https://documents.gov.lk/view/extra-gazettes/2019/12/2154-27_E.pdf	2154/27
lk_extraordinary_gazettes_2010s	2019-12-19-2019-12-19-2154-26-ta	2019-12-19-2154-26-ta	2019-12-19	Land Title Settlement Department - Kavisigamuwa, Rideegama D/S Division, Kurunegala District - Cad. Map No. 420066 and others	https://documents.gov.lk/view/extra-gazettes/egz_2019.html	ta	https://documents.gov.lk/view/extra-gazettes/2019/12/2154-26_T.pdf	2154/26
lk_extraordinary_gazettes_2010s	2019-12-19-2019-12-19-2154-26-si	2019-12-19-2154-26-si	2019-12-19	Land Title Settlement Department - Kavisigamuwa, Rideegama D/S Division, Kurunegala District - Cad. Map No. 420066 and others	https://documents.gov.lk/view/extra-gazettes/egz_2019.html	si	https://documents.gov.lk/view/extra-gazettes/2019/12/2154-26_S.pdf	2154/26
lk_extraordinary_gazettes_2010s	2019-12-19-2019-12-19-2154-26-en	2019-12-19-2154-26-en	2019-12-19	Land Title Settlement Department - Kavisigamuwa, Rideegama D/S Division, Kurunegala District - Cad. Map No. 420066 and others	https://documents.gov.lk/view/extra-gazettes/egz_2019.html	en	https://documents.gov.lk/view/extra-gazettes/2019/12/2154-26_E.pdf	2154/26
lk_extraordinary_gazettes_2010s	2019-12-19-2019-12-19-2154-25-ta	2019-12-19-2154-25-ta	2019-12-19	Land Title Settlement Department - Indibedda, Moratuwa D/S Division, Colombo District - Cad. Map No. 520203 and others	https://documents.gov.lk/view/extra-gazettes/egz_2019.html	ta	https://documents.gov.lk/view/extra-gazettes/2019/12/2154-25_T.pdf	2154/25
lk_extraordinary_gazettes_2010s	2019-12-19-2019-12-19-2154-25-si	2019-12-19-2154-25-si	2019-12-19	Land Title Settlement Department - Indibedda, Moratuwa D/S Division, Colombo District - Cad. Map No. 520203 and others	https://documents.gov.lk/view/extra-gazettes/egz_2019.html	si	https://documents.gov.lk/view/extra-gazettes/2019/12/2154-25_S.pdf	2154/25
lk_extraordinary_gazettes_2010s	2019-12-19-2019-12-19-2154-25-en	2019-12-19-2154-25-en	2019-12-19	Land Title Settlement Department - Indibedda, Moratuwa D/S Division, Colombo District - Cad. Map No. 520203 and others	https://documents.gov.lk/view/extra-gazettes/egz_2019.html	en	https://documents.gov.lk/view/extra-gazettes/2019/12/2154-25_E.pdf	2154/25
lk_extraordinary_gazettes_2010s	2019-12-19-2019-12-19-2154-24-ta	2019-12-19-2154-24-ta	2019-12-19	Land Title Settlement Department - Ihalamakandura, Pannala D/S Division, Kurunegala District - Cad. Map No. 420501 and others	https://documents.gov.lk/view/extra-gazettes/egz_2019.html	ta	https://documents.gov.lk/view/extra-gazettes/2019/12/2154-24_T.pdf	2154/24
lk_extraordinary_gazettes_2010s	2019-12-19-2019-12-19-2154-24-si	2019-12-19-2154-24-si	2019-12-19	Land Title Settlement Department - Ihalamakandura, Pannala D/S Division, Kurunegala District - Cad. Map No. 420501 and others	https://documents.gov.lk/view/extra-gazettes/egz_2019.html	si	https://documents.gov.lk/view/extra-gazettes/2019/12/2154-24_S.pdf	2154/24
lk_extraordinary_gazettes_2010s	2019-12-19-2019-12-19-2154-24-en	2019-12-19-2154-24-en	2019-12-19	Land Title Settlement Department - Ihalamakandura, Pannala D/S Division, Kurunegala District - Cad. Map No. 420501 and others	https://documents.gov.lk/view/extra-gazettes/egz_2019.html	en	https://documents.gov.lk/view/extra-gazettes/2019/12/2154-24_E.pdf	2154/24
lk_extraordinary_gazettes_2010s	2019-12-19-2019-12-19-2154-23-ta	2019-12-19-2154-23-ta	2019-12-19	Land Title Settlement  Department  - Hiripitiya, Homagama D/S Division, Colombo District - Cad. Map No. 520009 and others	https://documents.gov.lk/view/extra-gazettes/egz_2019.html	ta	https://documents.gov.lk/view/extra-gazettes/2019/12/2154-23_T.pdf	2154/23
lk_extraordinary_gazettes_2010s	2019-12-19-2019-12-19-2154-23-si	2019-12-19-2154-23-si	2019-12-19	Land Title Settlement  Department  - Hiripitiya, Homagama D/S Division, Colombo District - Cad. Map No. 520009 and others	https://documents.gov.lk/view/extra-gazettes/egz_2019.html	si	https://documents.gov.lk/view/extra-gazettes/2019/12/2154-23_S.pdf	2154/23
lk_extraordinary_gazettes_2010s	2019-12-19-2019-12-19-2154-23-en	2019-12-19-2154-23-en	2019-12-19	Land Title Settlement  Department  - Hiripitiya, Homagama D/S Division, Colombo District - Cad. Map No. 520009 and others	https://documents.gov.lk/view/extra-gazettes/egz_2019.html	en	https://documents.gov.lk/view/extra-gazettes/2019/12/2154-23_E.pdf	2154/23
lk_extraordinary_gazettes_2010s	2019-12-19-2019-12-19-2154-22-ta	2019-12-19-2154-22-ta	2019-12-19	Land Acquisition - Beligamuwa, Galewela D/S Division, Matale District - Hathadukkuwa, Galewela D/S Division, Matale District - Weralanda, Galewela D/S Division, Matale District	https://documents.gov.lk/view/extra-gazettes/egz_2019.html	ta	https://documents.gov.lk/view/extra-gazettes/2019/12/2154-22_T.pdf	2154/22
lk_extraordinary_gazettes_2010s	2019-12-19-2019-12-19-2154-22-si	2019-12-19-2154-22-si	2019-12-19	Land Acquisition - Beligamuwa, Galewela D/S Division, Matale District - Hathadukkuwa, Galewela D/S Division, Matale District - Weralanda, Galewela D/S Division, Matale District	https://documents.gov.lk/view/extra-gazettes/egz_2019.html	si	https://documents.gov.lk/view/extra-gazettes/2019/12/2154-22_S.pdf	2154/22
lk_extraordinary_gazettes_2010s	2019-12-19-2019-12-19-2154-22-en	2019-12-19-2154-22-en	2019-12-19	Land Acquisition - Beligamuwa, Galewela D/S Division, Matale District - Hathadukkuwa, Galewela D/S Division, Matale District - Weralanda, Galewela D/S Division, Matale District	https://documents.gov.lk/view/extra-gazettes/egz_2019.html	en	https://documents.gov.lk/view/extra-gazettes/2019/12/2154-22_E.pdf	2154/22
lk_extraordinary_gazettes_2010s	2019-12-19-2019-12-19-2154-21-ta	2019-12-19-2154-21-ta	2019-12-19	Chief Secretary's Office - Southern Province - Directived on the Southern Province Irrigation precept	https://documents.gov.lk/view/extra-gazettes/egz_2019.html	ta	https://documents.gov.lk/view/extra-gazettes/2019/12/2154-21_T.pdf	2154/21
lk_extraordinary_gazettes_2010s	2019-12-19-2019-12-19-2154-21-si	2019-12-19-2154-21-si	2019-12-19	Chief Secretary's Office - Southern Province - Directived on the Southern Province Irrigation precept	https://documents.gov.lk/view/extra-gazettes/egz_2019.html	si	https://documents.gov.lk/view/extra-gazettes/2019/12/2154-21_S.pdf	2154/21
lk_extraordinary_gazettes_2010s	2019-12-19-2019-12-19-2154-21-en	2019-12-19-2154-21-en	2019-12-19	Chief Secretary's Office - Southern Province - Directived on the Southern Province Irrigation precept	https://documents.gov.lk/view/extra-gazettes/egz_2019.html	en	https://documents.gov.lk/view/extra-gazettes/2019/12/2154-21_E.pdf	2154/21
lk_extraordinary_gazettes_2010s	2019-12-19-2019-12-19-2154-20-ta	2019-12-19-2154-20-ta	2019-12-19	Land Acquisition - Compensations for the acquisitions of the Land in Thimbirigasyaya D/S Division, Colombo District	https://documents.gov.lk/view/extra-gazettes/egz_2019.html	ta	https://documents.gov.lk/view/extra-gazettes/2019/12/2154-20_T.pdf	2154/20
lk_extraordinary_gazettes_2010s	2019-12-19-2019-12-19-2154-20-si	2019-12-19-2154-20-si	2019-12-19	Land Acquisition - Compensations for the acquisitions of the Land in Thimbirigasyaya D/S Division, Colombo District	https://documents.gov.lk/view/extra-gazettes/egz_2019.html	si	https://documents.gov.lk/view/extra-gazettes/2019/12/2154-20_S.pdf	2154/20
lk_extraordinary_gazettes_2010s	2019-12-19-2019-12-19-2154-20-en	2019-12-19-2154-20-en	2019-12-19	Land Acquisition - Compensations for the acquisitions of the Land in Thimbirigasyaya D/S Division, Colombo District	https://documents.gov.lk/view/extra-gazettes/egz_2019.html	en	https://documents.gov.lk/view/extra-gazettes/2019/12/2154-20_E.pdf	2154/20
lk_extraordinary_gazettes_2010s	2019-12-19-2019-12-19-2154-19-ta	2019-12-19-2154-19-ta	2019-12-19	Consumer Affairs Authority - Maximum Retail Price on Rice w.e.f. 19.12.2019	https://documents.gov.lk/view/extra-gazettes/egz_2019.html	ta	https://documents.gov.lk/view/extra-gazettes/2019/12/2154-19_T.pdf	2154/19
lk_extraordinary_gazettes_2010s	2019-12-19-2019-12-19-2154-19-si	2019-12-19-2154-19-si	2019-12-19	Consumer Affairs Authority - Maximum Retail Price on Rice w.e.f. 19.12.2019	https://documents.gov.lk/view/extra-gazettes/egz_2019.html	si	https://documents.gov.lk/view/extra-gazettes/2019/12/2154-19_S.pdf	2154/19
lk_extraordinary_gazettes_2010s	2019-12-19-2019-12-19-2154-19-en	2019-12-19-2154-19-en	2019-12-19	Consumer Affairs Authority - Maximum Retail Price on Rice w.e.f. 19.12.2019	https://documents.gov.lk/view/extra-gazettes/egz_2019.html	en	https://documents.gov.lk/view/extra-gazettes/2019/12/2154-19_E.pdf	2154/19
lk_extraordinary_gazettes_2010s	2019-12-19-2019-12-19-2154-18-ta	2019-12-19-2154-18-ta	2019-12-19	Ministry of Higher Education -  Competent Authority to the University of Vocational Technology	https://documents.gov.lk/view/extra-gazettes/egz_2019.html	ta	https://documents.gov.lk/view/extra-gazettes/2019/12/2154-18_T.pdf	2154/18
lk_extraordinary_gazettes_2010s	2019-12-19-2019-12-19-2154-18-si	2019-12-19-2154-18-si	2019-12-19	Ministry of Higher Education -  Competent Authority to the University of Vocational Technology	https://documents.gov.lk/view/extra-gazettes/egz_2019.html	si	https://documents.gov.lk/view/extra-gazettes/2019/12/2154-18_S.pdf	2154/18
lk_extraordinary_gazettes_2010s	2019-12-19-2019-12-19-2154-18-en	2019-12-19-2154-18-en	2019-12-19	Ministry of Higher Education -  Competent Authority to the University of Vocational Technology	https://documents.gov.lk/view/extra-gazettes/egz_2019.html	en	https://documents.gov.lk/view/extra-gazettes/2019/12/2154-18_E.pdf	2154/18
lk_extraordinary_gazettes_2010s	2019-12-18-2019-12-18-2154-17-ta	2019-12-18-2154-17-ta	2019-12-18	Land Title Settlement Department -  Amendment to the Gaz. Ex. No. 1997/06 of 14.12.2016 - Kesbewa D/S Division   -    Cad. Map No. 521203 and  others	https://documents.gov.lk/view/extra-gazettes/egz_2019.html	ta	https://documents.gov.lk/view/extra-gazettes/2019/12/2154-17_T.pdf	2154/17
lk_extraordinary_gazettes_2010s	2019-12-18-2019-12-18-2154-17-si	2019-12-18-2154-17-si	2019-12-18	Land Title Settlement Department -  Amendment to the Gaz. Ex. No. 1997/06 of 14.12.2016 - Kesbewa D/S Division   -    Cad. Map No. 521203 and  others	https://documents.gov.lk/view/extra-gazettes/egz_2019.html	si	https://documents.gov.lk/view/extra-gazettes/2019/12/2154-17_S.pdf	2154/17
lk_extraordinary_gazettes_2010s	2019-12-18-2019-12-18-2154-17-en	2019-12-18-2154-17-en	2019-12-18	Land Title Settlement Department -  Amendment to the Gaz. Ex. No. 1997/06 of 14.12.2016 - Kesbewa D/S Division   -    Cad. Map No. 521203 and  others	https://documents.gov.lk/view/extra-gazettes/egz_2019.html	en	https://documents.gov.lk/view/extra-gazettes/2019/12/2154-17_E.pdf	2154/17
lk_extraordinary_gazettes_2010s	2019-12-18-2019-12-18-2154-16-ta	2019-12-18-2154-16-ta	2019-12-18	Land Title Settlement Department -  Rathmalana,  Rathmalana D/S Division, Colombo  District  -    Cad. Map No. 521003 and  others	https://documents.gov.lk/view/extra-gazettes/egz_2019.html	ta	https://documents.gov.lk/view/extra-gazettes/2019/12/2154-16_T.pdf	2154/16
lk_extraordinary_gazettes_2010s	2019-12-18-2019-12-18-2154-16-si	2019-12-18-2154-16-si	2019-12-18	Land Title Settlement Department -  Rathmalana,  Rathmalana D/S Division, Colombo  District  -    Cad. Map No. 521003 and  others	https://documents.gov.lk/view/extra-gazettes/egz_2019.html	si	https://documents.gov.lk/view/extra-gazettes/2019/12/2154-16_S.pdf	2154/16
lk_extraordinary_gazettes_2010s	2019-12-18-2019-12-18-2154-16-en	2019-12-18-2154-16-en	2019-12-18	Land Title Settlement Department -  Rathmalana,  Rathmalana D/S Division, Colombo  District  -    Cad. Map No. 521003 and  others	https://documents.gov.lk/view/extra-gazettes/egz_2019.html	en	https://documents.gov.lk/view/extra-gazettes/2019/12/2154-16_E.pdf	2154/16
lk_extraordinary_gazettes_2010s	2019-12-18-2019-12-18-2154-15-ta	2019-12-18-2154-15-ta	2019-12-18	Land Title Settlement Department - Puttalam, Puttalam D/S Division, Puttalam District  -    Cad. Map No. 410111 and  others	https://documents.gov.lk/view/extra-gazettes/egz_2019.html	ta	https://documents.gov.lk/view/extra-gazettes/2019/12/2154-15_T.pdf	2154/15
lk_extraordinary_gazettes_2010s	2019-12-18-2019-12-18-2154-15-si	2019-12-18-2154-15-si	2019-12-18	Land Title Settlement Department - Puttalam, Puttalam D/S Division, Puttalam District  -    Cad. Map No. 410111 and  others	https://documents.gov.lk/view/extra-gazettes/egz_2019.html	si	https://documents.gov.lk/view/extra-gazettes/2019/12/2154-15_S.pdf	2154/15
lk_extraordinary_gazettes_2010s	2019-12-18-2019-12-18-2154-15-en	2019-12-18-2154-15-en	2019-12-18	Land Title Settlement Department - Puttalam, Puttalam D/S Division, Puttalam District  -    Cad. Map No. 410111 and  others	https://documents.gov.lk/view/extra-gazettes/egz_2019.html	en	https://documents.gov.lk/view/extra-gazettes/2019/12/2154-15_E.pdf	2154/15
lk_extraordinary_gazettes_2010s	2019-12-18-2019-12-18-2154-14-ta	2019-12-18-2154-14-ta	2019-12-18	Land Title Settlement Department - Bambaragammana, Wariyapola D/S Division, Kurunegala  District  - Cad. Map No. 420946 and  others	https://documents.gov.lk/view/extra-gazettes/egz_2019.html	ta	https://documents.gov.lk/view/extra-gazettes/2019/12/2154-14_T.pdf	2154/14
lk_extraordinary_gazettes_2010s	2019-12-18-2019-12-18-2154-14-si	2019-12-18-2154-14-si	2019-12-18	Land Title Settlement Department - Bambaragammana, Wariyapola D/S Division, Kurunegala  District  - Cad. Map No. 420946 and  others	https://documents.gov.lk/view/extra-gazettes/egz_2019.html	si	https://documents.gov.lk/view/extra-gazettes/2019/12/2154-14_S.pdf	2154/14
lk_extraordinary_gazettes_2010s	2019-12-18-2019-12-18-2154-14-en	2019-12-18-2154-14-en	2019-12-18	Land Title Settlement Department - Bambaragammana, Wariyapola D/S Division, Kurunegala  District  - Cad. Map No. 420946 and  others	https://documents.gov.lk/view/extra-gazettes/egz_2019.html	en	https://documents.gov.lk/view/extra-gazettes/2019/12/2154-14_E.pdf	2154/14
lk_extraordinary_gazettes_2010s	2019-12-18-2019-12-18-2154-13-ta	2019-12-18-2154-13-ta	2019-12-18	Land Title Settlement Department - Suwarapola, Kesbewa D/S Division, Colombo District - Cad. Map No. 521201 and others	https://documents.gov.lk/view/extra-gazettes/egz_2019.html	ta	https://documents.gov.lk/view/extra-gazettes/2019/12/2154-13_T.pdf	2154/13
lk_extraordinary_gazettes_2010s	2019-12-18-2019-12-18-2154-13-si	2019-12-18-2154-13-si	2019-12-18	Land Title Settlement Department - Suwarapola, Kesbewa D/S Division, Colombo District - Cad. Map No. 521201 and others	https://documents.gov.lk/view/extra-gazettes/egz_2019.html	si	https://documents.gov.lk/view/extra-gazettes/2019/12/2154-13_S.pdf	2154/13
lk_extraordinary_gazettes_2010s	2019-12-18-2019-12-18-2154-13-en	2019-12-18-2154-13-en	2019-12-18	Land Title Settlement Department - Suwarapola, Kesbewa D/S Division, Colombo District - Cad. Map No. 521201 and others	https://documents.gov.lk/view/extra-gazettes/egz_2019.html	en	https://documents.gov.lk/view/extra-gazettes/2019/12/2154-13_E.pdf	2154/13
lk_extraordinary_gazettes_2010s	2019-12-18-2019-12-18-2154-12-ta	2019-12-18-2154-12-ta	2019-12-18	Land  Acquisition - Maoya Village, Laggala Pallegama Matale District	https://documents.gov.lk/view/extra-gazettes/egz_2019.html	ta	https://documents.gov.lk/view/extra-gazettes/2019/12/2154-12_T.pdf	2154/12
lk_extraordinary_gazettes_2010s	2019-12-18-2019-12-18-2154-12-si	2019-12-18-2154-12-si	2019-12-18	Land  Acquisition - Maoya Village, Laggala Pallegama Matale District	https://documents.gov.lk/view/extra-gazettes/egz_2019.html	si	https://documents.gov.lk/view/extra-gazettes/2019/12/2154-12_S.pdf	2154/12
lk_extraordinary_gazettes_2010s	2019-12-18-2019-12-18-2154-12-en	2019-12-18-2154-12-en	2019-12-18	Land  Acquisition - Maoya Village, Laggala Pallegama Matale District	https://documents.gov.lk/view/extra-gazettes/egz_2019.html	en	https://documents.gov.lk/view/extra-gazettes/2019/12/2154-12_E.pdf	2154/12
lk_extraordinary_gazettes_2010s	2019-12-18-2019-12-18-2154-11-ta	2019-12-18-2154-11-ta	2019-12-18	Land Acquisition - Galatha, Udapalatha D/S Divsion,  Kandy District  - Nedunkulam, Jaffana D/S Division, Jaffana District	https://documents.gov.lk/view/extra-gazettes/egz_2019.html	ta	https://documents.gov.lk/view/extra-gazettes/2019/12/2154-11_T.pdf	2154/11
lk_extraordinary_gazettes_2010s	2019-12-18-2019-12-18-2154-11-si	2019-12-18-2154-11-si	2019-12-18	Land Acquisition - Galatha, Udapalatha D/S Divsion,  Kandy District  - Nedunkulam, Jaffana D/S Division, Jaffana District	https://documents.gov.lk/view/extra-gazettes/egz_2019.html	si	https://documents.gov.lk/view/extra-gazettes/2019/12/2154-11_S.pdf	2154/11
lk_extraordinary_gazettes_2010s	2019-12-18-2019-12-18-2154-11-en	2019-12-18-2154-11-en	2019-12-18	Land Acquisition - Galatha, Udapalatha D/S Divsion,  Kandy District  - Nedunkulam, Jaffana D/S Division, Jaffana District	https://documents.gov.lk/view/extra-gazettes/egz_2019.html	en	https://documents.gov.lk/view/extra-gazettes/2019/12/2154-11_E.pdf	2154/11
lk_extraordinary_gazettes_2010s	2019-12-18-2019-12-18-2154-10-ta	2019-12-18-2154-10-ta	2019-12-18	Ministry of Sports and Youth Affairs - Powers and Functions vested by the Ministry of Sports and Youth Affairs to the State Minister	https://documents.gov.lk/view/extra-gazettes/egz_2019.html	ta	https://documents.gov.lk/view/extra-gazettes/2019/12/2154-10_T.pdf	2154/10
lk_extraordinary_gazettes_2010s	2019-12-18-2019-12-18-2154-10-si	2019-12-18-2154-10-si	2019-12-18	Ministry of Sports and Youth Affairs - Powers and Functions vested by the Ministry of Sports and Youth Affairs to the State Minister	https://documents.gov.lk/view/extra-gazettes/egz_2019.html	si	https://documents.gov.lk/view/extra-gazettes/2019/12/2154-10_S.pdf	2154/10
lk_extraordinary_gazettes_2010s	2019-12-18-2019-12-18-2154-10-en	2019-12-18-2154-10-en	2019-12-18	Ministry of Sports and Youth Affairs - Powers and Functions vested by the Ministry of Sports and Youth Affairs to the State Minister	https://documents.gov.lk/view/extra-gazettes/egz_2019.html	en	https://documents.gov.lk/view/extra-gazettes/2019/12/2154-10_E.pdf	2154/10
lk_extraordinary_gazettes_2010s	2019-12-18-2019-12-18-2154-09-ta	2019-12-18-2154-09-ta	2019-12-18	Land Acquisition - Maviddapuram, Valikamam North D/S Division, Jaffna District and amendment to the Gaz. Ex. No. 2122/55 of 10.05.2019 Pannala D/S Division	https://documents.gov.lk/view/extra-gazettes/egz_2019.html	ta	https://documents.gov.lk/view/extra-gazettes/2019/12/2154-09_T.pdf	2154/09
lk_extraordinary_gazettes_2010s	2019-12-18-2019-12-18-2154-09-si	2019-12-18-2154-09-si	2019-12-18	Land Acquisition - Maviddapuram, Valikamam North D/S Division, Jaffna District and amendment to the Gaz. Ex. No. 2122/55 of 10.05.2019 Pannala D/S Division	https://documents.gov.lk/view/extra-gazettes/egz_2019.html	si	https://documents.gov.lk/view/extra-gazettes/2019/12/2154-09_S.pdf	2154/09
lk_extraordinary_gazettes_2010s	2019-12-18-2019-12-18-2154-09-en	2019-12-18-2154-09-en	2019-12-18	Land Acquisition - Maviddapuram, Valikamam North D/S Division, Jaffna District and amendment to the Gaz. Ex. No. 2122/55 of 10.05.2019 Pannala D/S Division	https://documents.gov.lk/view/extra-gazettes/egz_2019.html	en	https://documents.gov.lk/view/extra-gazettes/2019/12/2154-09_E.pdf	2154/09
lk_extraordinary_gazettes_2010s	2019-12-17-2019-12-17-2154-08-ta	2019-12-17-2154-08-ta	2019-12-17	Land Acquisition - Dambagolla, Galewela D/S Division, Matale District	https://documents.gov.lk/view/extra-gazettes/egz_2019.html	ta	https://documents.gov.lk/view/extra-gazettes/2019/12/2154-08_T.pdf	2154/08
lk_extraordinary_gazettes_2010s	2019-12-17-2019-12-17-2154-08-si	2019-12-17-2154-08-si	2019-12-17	Land Acquisition - Dambagolla, Galewela D/S Division, Matale District	https://documents.gov.lk/view/extra-gazettes/egz_2019.html	si	https://documents.gov.lk/view/extra-gazettes/2019/12/2154-08_S.pdf	2154/08
lk_extraordinary_gazettes_2010s	2019-12-17-2019-12-17-2154-08-en	2019-12-17-2154-08-en	2019-12-17	Land Acquisition - Dambagolla, Galewela D/S Division, Matale District	https://documents.gov.lk/view/extra-gazettes/egz_2019.html	en	https://documents.gov.lk/view/extra-gazettes/2019/12/2154-08_E.pdf	2154/08
lk_extraordinary_gazettes_2010s	2019-12-17-2019-12-17-2154-07-ta	2019-12-17-2154-07-ta	2019-12-17	Land Acquisition - Welikada, Sri Jayawardenapura - Kotte D/S Division, Colombo District	https://documents.gov.lk/view/extra-gazettes/egz_2019.html	ta	https://documents.gov.lk/view/extra-gazettes/2019/12/2154-07_T.pdf	2154/07
lk_extraordinary_gazettes_2010s	2019-12-17-2019-12-17-2154-07-si	2019-12-17-2154-07-si	2019-12-17	Land Acquisition - Welikada, Sri Jayawardenapura - Kotte D/S Division, Colombo District	https://documents.gov.lk/view/extra-gazettes/egz_2019.html	si	https://documents.gov.lk/view/extra-gazettes/2019/12/2154-07_S.pdf	2154/07
lk_extraordinary_gazettes_2010s	2019-12-17-2019-12-17-2154-07-en	2019-12-17-2154-07-en	2019-12-17	Land Acquisition - Welikada, Sri Jayawardenapura - Kotte D/S Division, Colombo District	https://documents.gov.lk/view/extra-gazettes/egz_2019.html	en	https://documents.gov.lk/view/extra-gazettes/2019/12/2154-07_E.pdf	2154/07
lk_extraordinary_gazettes_2010s	2019-12-16-2019-12-16-2154-06-ta	2019-12-16-2154-06-ta	2019-12-16	Land Acquisition - Heediyawala, Meerigama D/S Division, Gampaha District - Ekamuthugama, Medirigiriya D/S Division, Polonnaruwa Districe	https://documents.gov.lk/view/extra-gazettes/egz_2019.html	ta	https://documents.gov.lk/view/extra-gazettes/2019/12/2154-06_T.pdf	2154/06
lk_extraordinary_gazettes_2010s	2019-12-16-2019-12-16-2154-06-si	2019-12-16-2154-06-si	2019-12-16	Land Acquisition - Heediyawala, Meerigama D/S Division, Gampaha District - Ekamuthugama, Medirigiriya D/S Division, Polonnaruwa Districe	https://documents.gov.lk/view/extra-gazettes/egz_2019.html	si	https://documents.gov.lk/view/extra-gazettes/2019/12/2154-06_S.pdf	2154/06
lk_extraordinary_gazettes_2010s	2019-12-16-2019-12-16-2154-06-en	2019-12-16-2154-06-en	2019-12-16	Land Acquisition - Heediyawala, Meerigama D/S Division, Gampaha District - Ekamuthugama, Medirigiriya D/S Division, Polonnaruwa Districe	https://documents.gov.lk/view/extra-gazettes/egz_2019.html	en	https://documents.gov.lk/view/extra-gazettes/2019/12/2154-06_E.pdf	2154/06
lk_extraordinary_gazettes_2010s	2019-12-16-2019-12-16-2154-05-ta	2019-12-16-2154-05-ta	2019-12-16	Presidential  Secretariat - Appoint Ms. S. M. Mohamed and 26 others as Secretaries to Ministries	https://documents.gov.lk/view/extra-gazettes/egz_2019.html	ta	https://documents.gov.lk/view/extra-gazettes/2019/12/2154-05_T.pdf	2154/05
lk_extraordinary_gazettes_2010s	2019-12-16-2019-12-16-2154-05-si	2019-12-16-2154-05-si	2019-12-16	Presidential  Secretariat - Appoint Ms. S. M. Mohamed and 26 others as Secretaries to Ministries	https://documents.gov.lk/view/extra-gazettes/egz_2019.html	si	https://documents.gov.lk/view/extra-gazettes/2019/12/2154-05_S.pdf	2154/05
lk_extraordinary_gazettes_2010s	2019-12-16-2019-12-16-2154-05-en	2019-12-16-2154-05-en	2019-12-16	Presidential  Secretariat - Appoint Ms. S. M. Mohamed and 26 others as Secretaries to Ministries	https://documents.gov.lk/view/extra-gazettes/egz_2019.html	en	https://documents.gov.lk/view/extra-gazettes/2019/12/2154-05_E.pdf	2154/05
lk_extraordinary_gazettes_2010s	2019-12-16-2019-12-16-2154-04-ta	2019-12-16-2154-04-ta	2019-12-16	Land Acquisition - Deddugoda-North, Galle Four Gravets D/S Division, Galle District	https://documents.gov.lk/view/extra-gazettes/egz_2019.html	ta	https://documents.gov.lk/view/extra-gazettes/2019/12/2154-04_T.pdf	2154/04
lk_extraordinary_gazettes_2010s	2019-12-16-2019-12-16-2154-04-si	2019-12-16-2154-04-si	2019-12-16	Land Acquisition - Deddugoda-North, Galle Four Gravets D/S Division, Galle District	https://documents.gov.lk/view/extra-gazettes/egz_2019.html	si	https://documents.gov.lk/view/extra-gazettes/2019/12/2154-04_S.pdf	2154/04
lk_extraordinary_gazettes_2010s	2019-12-16-2019-12-16-2154-04-en	2019-12-16-2154-04-en	2019-12-16	Land Acquisition - Deddugoda-North, Galle Four Gravets D/S Division, Galle District	https://documents.gov.lk/view/extra-gazettes/egz_2019.html	en	https://documents.gov.lk/view/extra-gazettes/2019/12/2154-04_E.pdf	2154/04
lk_extraordinary_gazettes_2010s	2019-12-16-2019-12-16-2154-03-ta	2019-12-16-2154-03-ta	2019-12-16	Sri Lanka Customs - Rates of Exchange Effective from 16.12.2019 to 22.12.2019	https://documents.gov.lk/view/extra-gazettes/egz_2019.html	ta	https://documents.gov.lk/view/extra-gazettes/2019/12/2154-03_T.pdf	2154/03
lk_extraordinary_gazettes_2010s	2019-12-16-2019-12-16-2154-03-si	2019-12-16-2154-03-si	2019-12-16	Sri Lanka Customs - Rates of Exchange Effective from 16.12.2019 to 22.12.2019	https://documents.gov.lk/view/extra-gazettes/egz_2019.html	si	https://documents.gov.lk/view/extra-gazettes/2019/12/2154-03_S.pdf	2154/03
lk_extraordinary_gazettes_2010s	2019-12-16-2019-12-16-2154-03-en	2019-12-16-2154-03-en	2019-12-16	Sri Lanka Customs - Rates of Exchange Effective from 16.12.2019 to 22.12.2019	https://documents.gov.lk/view/extra-gazettes/egz_2019.html	en	https://documents.gov.lk/view/extra-gazettes/2019/12/2154-03_E.pdf	2154/03
lk_extraordinary_gazettes_2010s	2019-12-16-2019-12-16-2154-02-ta	2019-12-16-2154-02-ta	2019-12-16	Land Acquisition - Attaragallewa, Elahera D/S Division, Polonnaruwa District	https://documents.gov.lk/view/extra-gazettes/egz_2019.html	ta	https://documents.gov.lk/view/extra-gazettes/2019/12/2154-02_T.pdf	2154/02
lk_extraordinary_gazettes_2010s	2019-12-16-2019-12-16-2154-02-si	2019-12-16-2154-02-si	2019-12-16	Land Acquisition - Attaragallewa, Elahera D/S Division, Polonnaruwa District	https://documents.gov.lk/view/extra-gazettes/egz_2019.html	si	https://documents.gov.lk/view/extra-gazettes/2019/12/2154-02_S.pdf	2154/02
lk_extraordinary_gazettes_2010s	2019-12-16-2019-12-16-2154-02-en	2019-12-16-2154-02-en	2019-12-16	Land Acquisition - Attaragallewa, Elahera D/S Division, Polonnaruwa District	https://documents.gov.lk/view/extra-gazettes/egz_2019.html	en	https://documents.gov.lk/view/extra-gazettes/2019/12/2154-02_E.pdf	2154/02
lk_extraordinary_gazettes_2010s	2019-12-16-2019-12-16-2154-01-ta	2019-12-16-2154-01-ta	2019-12-16	Land Acquisition - Kosgama, Panwila D/S Division, Kandy District	https://documents.gov.lk/view/extra-gazettes/egz_2019.html	ta	https://documents.gov.lk/view/extra-gazettes/2019/12/2154-01_T.pdf	2154/01
lk_extraordinary_gazettes_2010s	2019-12-16-2019-12-16-2154-01-si	2019-12-16-2154-01-si	2019-12-16	Land Acquisition - Kosgama, Panwila D/S Division, Kandy District	https://documents.gov.lk/view/extra-gazettes/egz_2019.html	si	https://documents.gov.lk/view/extra-gazettes/2019/12/2154-01_S.pdf	2154/01
lk_extraordinary_gazettes_2010s	2019-12-16-2019-12-16-2154-01-en	2019-12-16-2154-01-en	2019-12-16	Land Acquisition - Kosgama, Panwila D/S Division, Kandy District	https://documents.gov.lk/view/extra-gazettes/egz_2019.html	en	https://documents.gov.lk/view/extra-gazettes/2019/12/2154-01_E.pdf	2154/01
lk_extraordinary_gazettes_2010s	2019-12-14-2019-12-14-2153-29-ta	2019-12-14-2153-29-ta	2019-12-14	Department of Fiscal Policy - Amendment to the Gaz. Ex. No. 2147/22 of 31.10.2019	https://documents.gov.lk/view/extra-gazettes/egz_2019.html	ta	https://documents.gov.lk/view/extra-gazettes/2019/12/2153-29_T.pdf	2153/29
lk_extraordinary_gazettes_2010s	2019-12-14-2019-12-14-2153-29-si	2019-12-14-2153-29-si	2019-12-14	Department of Fiscal Policy - Amendment to the Gaz. Ex. No. 2147/22 of 31.10.2019	https://documents.gov.lk/view/extra-gazettes/egz_2019.html	si	https://documents.gov.lk/view/extra-gazettes/2019/12/2153-29_S.pdf	2153/29
lk_extraordinary_gazettes_2010s	2019-12-14-2019-12-14-2153-29-en	2019-12-14-2153-29-en	2019-12-14	Department of Fiscal Policy - Amendment to the Gaz. Ex. No. 2147/22 of 31.10.2019	https://documents.gov.lk/view/extra-gazettes/egz_2019.html	en	https://documents.gov.lk/view/extra-gazettes/2019/12/2153-29_E.pdf	2153/29
lk_extraordinary_gazettes_2010s	2019-12-13-2019-12-13-2153-28-ta	2019-12-13-2153-28-ta	2019-12-13	Department of Trade and Investment Policy - Special Commodity Levy on Wheat Flour w.e.f. 14.12.2019	https://documents.gov.lk/view/extra-gazettes/egz_2019.html	ta	https://documents.gov.lk/view/extra-gazettes/2019/12/2153-28_T.pdf	2153/28
lk_extraordinary_gazettes_2010s	2019-12-13-2019-12-13-2153-28-si	2019-12-13-2153-28-si	2019-12-13	Department of Trade and Investment Policy - Special Commodity Levy on Wheat Flour w.e.f. 14.12.2019	https://documents.gov.lk/view/extra-gazettes/egz_2019.html	si	https://documents.gov.lk/view/extra-gazettes/2019/12/2153-28_S.pdf	2153/28
lk_extraordinary_gazettes_2010s	2019-12-13-2019-12-13-2153-28-en	2019-12-13-2153-28-en	2019-12-13	Department of Trade and Investment Policy - Special Commodity Levy on Wheat Flour w.e.f. 14.12.2019	https://documents.gov.lk/view/extra-gazettes/egz_2019.html	en	https://documents.gov.lk/view/extra-gazettes/2019/12/2153-28_E.pdf	2153/28
lk_extraordinary_gazettes_2010s	2019-12-13-2019-12-13-2153-27-si	2019-12-13-2153-27-si	2019-12-13	Ministry of Skills Development, Employment and Labour Relations   -  Award made  to  the Industrial Disputes between, Fashili Azhar and Medisos (pvt) Ltd. -  Inter Company Employees Union and Ceylon Holiday Resorts Ltd.	https://documents.gov.lk/view/extra-gazettes/egz_2019.html	si	https://documents.gov.lk/view/extra-gazettes/2019/12/2153-27_S.pdf	2153/27
lk_extraordinary_gazettes_2010s	2019-12-13-2019-12-13-2153-26-ta	2019-12-13-2153-26-ta	2019-12-13	Land  Acquisition   -  Amendments  to   the  Gaz. Ex. No.  2077/02 of 25.06.2018 - Amendments  to the Gaz. Ex. No. 2085/21 of 24.08.2018 -  Amendments to the Gaz. Ex. No.  2088/21 of 10.09.2018 -  Amendment to the Gaz. Ex. No.  2088/21 o 10.09.2018 - ThamanKaduwa D/S Division, Polonnaruwa District	https://documents.gov.lk/view/extra-gazettes/egz_2019.html	ta	https://documents.gov.lk/view/extra-gazettes/2019/12/2153-26_T.pdf	2153/26
lk_extraordinary_gazettes_2010s	2019-12-13-2019-12-13-2153-26-si	2019-12-13-2153-26-si	2019-12-13	Land  Acquisition   -  Amendments  to   the  Gaz. Ex. No.  2077/02 of 25.06.2018 - Amendments  to the Gaz. Ex. No. 2085/21 of 24.08.2018 -  Amendments to the Gaz. Ex. No.  2088/21 of 10.09.2018 -  Amendment to the Gaz. Ex. No.  2088/21 o 10.09.2018 - ThamanKaduwa D/S Division, Polonnaruwa District	https://documents.gov.lk/view/extra-gazettes/egz_2019.html	si	https://documents.gov.lk/view/extra-gazettes/2019/12/2153-26_S.pdf	2153/26
lk_extraordinary_gazettes_2010s	2019-12-13-2019-12-13-2153-26-en	2019-12-13-2153-26-en	2019-12-13	Land  Acquisition   -  Amendments  to   the  Gaz. Ex. No.  2077/02 of 25.06.2018 - Amendments  to the Gaz. Ex. No. 2085/21 of 24.08.2018 -  Amendments to the Gaz. Ex. No.  2088/21 of 10.09.2018 -  Amendment to the Gaz. Ex. No.  2088/21 o 10.09.2018 - ThamanKaduwa D/S Division, Polonnaruwa District	https://documents.gov.lk/view/extra-gazettes/egz_2019.html	en	https://documents.gov.lk/view/extra-gazettes/2019/12/2153-26_E.pdf	2153/26
lk_extraordinary_gazettes_2010s	2019-12-13-2019-12-13-2153-25-ta	2019-12-13-2153-25-ta	2019-12-13	Land Title Settlement  Department   - Bogamuwa, Gampaha D/S Division, Gampaha  District - Cad. Map No.  511800	https://documents.gov.lk/view/extra-gazettes/egz_2019.html	ta	https://documents.gov.lk/view/extra-gazettes/2019/12/2153-25_T.pdf	2153/25
lk_extraordinary_gazettes_2010s	2019-12-13-2019-12-13-2153-25-si	2019-12-13-2153-25-si	2019-12-13	Land Title Settlement  Department   - Bogamuwa, Gampaha D/S Division, Gampaha  District - Cad. Map No.  511800	https://documents.gov.lk/view/extra-gazettes/egz_2019.html	si	https://documents.gov.lk/view/extra-gazettes/2019/12/2153-25_S.pdf	2153/25
lk_extraordinary_gazettes_2010s	2019-12-13-2019-12-13-2153-25-en	2019-12-13-2153-25-en	2019-12-13	Land Title Settlement  Department   - Bogamuwa, Gampaha D/S Division, Gampaha  District - Cad. Map No.  511800	https://documents.gov.lk/view/extra-gazettes/egz_2019.html	en	https://documents.gov.lk/view/extra-gazettes/2019/12/2153-25_E.pdf	2153/25
lk_extraordinary_gazettes_2010s	2019-12-13-2019-12-13-2153-24-ta	2019-12-13-2153-24-ta	2019-12-13	Land Title Settlement  Department   - Kiribathkumbura, Yatinuwara D/S Division, Kandy District - Cad. Map No. 320552	https://documents.gov.lk/view/extra-gazettes/egz_2019.html	ta	https://documents.gov.lk/view/extra-gazettes/2019/12/2153-24_T.pdf	2153/24
lk_extraordinary_gazettes_2010s	2019-12-13-2019-12-13-2153-24-si	2019-12-13-2153-24-si	2019-12-13	Land Title Settlement  Department   - Kiribathkumbura, Yatinuwara D/S Division, Kandy District - Cad. Map No. 320552	https://documents.gov.lk/view/extra-gazettes/egz_2019.html	si	https://documents.gov.lk/view/extra-gazettes/2019/12/2153-24_S.pdf	2153/24
lk_extraordinary_gazettes_2010s	2019-12-13-2019-12-13-2153-24-en	2019-12-13-2153-24-en	2019-12-13	Land Title Settlement  Department   - Kiribathkumbura, Yatinuwara D/S Division, Kandy District - Cad. Map No. 320552	https://documents.gov.lk/view/extra-gazettes/egz_2019.html	en	https://documents.gov.lk/view/extra-gazettes/2019/12/2153-24_E.pdf	2153/24
lk_extraordinary_gazettes_2010s	2019-12-13-2019-12-13-2153-23-ta	2019-12-13-2153-23-ta	2019-12-13	Land Title Settlement  Department   -  Bombugammana, Divulapitiya D/S Division, Gampaha District - Cad. Map No.  510041 and others	https://documents.gov.lk/view/extra-gazettes/egz_2019.html	ta	https://documents.gov.lk/view/extra-gazettes/2019/12/2153-23_T.pdf	2153/23
lk_extraordinary_gazettes_2010s	2019-12-13-2019-12-13-2153-23-si	2019-12-13-2153-23-si	2019-12-13	Land Title Settlement  Department   -  Bombugammana, Divulapitiya D/S Division, Gampaha District - Cad. Map No.  510041 and others	https://documents.gov.lk/view/extra-gazettes/egz_2019.html	si	https://documents.gov.lk/view/extra-gazettes/2019/12/2153-23_S.pdf	2153/23
lk_extraordinary_gazettes_2010s	2019-12-13-2019-12-13-2153-23-en	2019-12-13-2153-23-en	2019-12-13	Land Title Settlement  Department   -  Bombugammana, Divulapitiya D/S Division, Gampaha District - Cad. Map No.  510041 and others	https://documents.gov.lk/view/extra-gazettes/egz_2019.html	en	https://documents.gov.lk/view/extra-gazettes/2019/12/2153-23_E.pdf	2153/23
lk_extraordinary_gazettes_2010s	2019-12-13-2019-12-13-2153-22-ta	2019-12-13-2153-22-ta	2019-12-13	Land Title Settlement  Department   -  Amendment to  the Gaz. Ex. No. 1652/63  of   07.05.2010 Homagama D/S  Division and  other amendments	https://documents.gov.lk/view/extra-gazettes/egz_2019.html	ta	https://documents.gov.lk/view/extra-gazettes/2019/12/2153-22_T.pdf	2153/22
lk_extraordinary_gazettes_2010s	2019-12-13-2019-12-13-2153-22-si	2019-12-13-2153-22-si	2019-12-13	Land Title Settlement  Department   -  Amendment to  the Gaz. Ex. No. 1652/63  of   07.05.2010 Homagama D/S  Division and  other amendments	https://documents.gov.lk/view/extra-gazettes/egz_2019.html	si	https://documents.gov.lk/view/extra-gazettes/2019/12/2153-22_S.pdf	2153/22
lk_extraordinary_gazettes_2010s	2019-12-13-2019-12-13-2153-22-en	2019-12-13-2153-22-en	2019-12-13	Land Title Settlement  Department   -  Amendment to  the Gaz. Ex. No. 1652/63  of   07.05.2010 Homagama D/S  Division and  other amendments	https://documents.gov.lk/view/extra-gazettes/egz_2019.html	en	https://documents.gov.lk/view/extra-gazettes/2019/12/2153-22_E.pdf	2153/22
lk_extraordinary_gazettes_2010s	2019-12-13-2019-12-13-2153-21-ta	2019-12-13-2153-21-ta	2019-12-13	Land Title Settlement  Department   -  Amendment to  the Gaz. Ex. No. 2111/33 of 20.02.2019 Katana D/S Division	https://documents.gov.lk/view/extra-gazettes/egz_2019.html	ta	https://documents.gov.lk/view/extra-gazettes/2019/12/2153-21_T.pdf	2153/21
lk_extraordinary_gazettes_2010s	2019-12-13-2019-12-13-2153-21-si	2019-12-13-2153-21-si	2019-12-13	Land Title Settlement  Department   -  Amendment to  the Gaz. Ex. No. 2111/33 of 20.02.2019 Katana D/S Division	https://documents.gov.lk/view/extra-gazettes/egz_2019.html	si	https://documents.gov.lk/view/extra-gazettes/2019/12/2153-21_S.pdf	2153/21
lk_extraordinary_gazettes_2010s	2019-12-13-2019-12-13-2153-21-en	2019-12-13-2153-21-en	2019-12-13	Land Title Settlement  Department   -  Amendment to  the Gaz. Ex. No. 2111/33 of 20.02.2019 Katana D/S Division	https://documents.gov.lk/view/extra-gazettes/egz_2019.html	en	https://documents.gov.lk/view/extra-gazettes/2019/12/2153-21_E.pdf	2153/21
lk_extraordinary_gazettes_2010s	2019-12-13-2019-12-13-2153-20-ta	2019-12-13-2153-20-ta	2019-12-13	Ministry of Higher Education, Technology & Innovations - Appointment of Competent Authority Gampaha Wickramarachchi Ayurveda Institute	https://documents.gov.lk/view/extra-gazettes/egz_2019.html	ta	https://documents.gov.lk/view/extra-gazettes/2019/12/2153-20_T.pdf	2153/20
lk_extraordinary_gazettes_2010s	2019-12-13-2019-12-13-2153-20-si	2019-12-13-2153-20-si	2019-12-13	Ministry of Higher Education, Technology & Innovations - Appointment of Competent Authority Gampaha Wickramarachchi Ayurveda Institute	https://documents.gov.lk/view/extra-gazettes/egz_2019.html	si	https://documents.gov.lk/view/extra-gazettes/2019/12/2153-20_S.pdf	2153/20
lk_extraordinary_gazettes_2010s	2019-12-13-2019-12-13-2153-20-en	2019-12-13-2153-20-en	2019-12-13	Ministry of Higher Education, Technology & Innovations - Appointment of Competent Authority Gampaha Wickramarachchi Ayurveda Institute	https://documents.gov.lk/view/extra-gazettes/egz_2019.html	en	https://documents.gov.lk/view/extra-gazettes/2019/12/2153-20_E.pdf	2153/20
lk_extraordinary_gazettes_2010s	2019-12-13-2019-12-13-2153-19-ta	2019-12-13-2153-19-ta	2019-12-13	Ministry of Higher Education, Technology & Innovations - Appointment of Competent Authority University of Visual and Performing Arts	https://documents.gov.lk/view/extra-gazettes/egz_2019.html	ta	https://documents.gov.lk/view/extra-gazettes/2019/12/2153-19_T.pdf	2153/19
lk_extraordinary_gazettes_2010s	2019-12-13-2019-12-13-2153-19-si	2019-12-13-2153-19-si	2019-12-13	Ministry of Higher Education, Technology & Innovations - Appointment of Competent Authority University of Visual and Performing Arts	https://documents.gov.lk/view/extra-gazettes/egz_2019.html	si	https://documents.gov.lk/view/extra-gazettes/2019/12/2153-19_S.pdf	2153/19
lk_extraordinary_gazettes_2010s	2019-12-13-2019-12-13-2153-19-en	2019-12-13-2153-19-en	2019-12-13	Ministry of Higher Education, Technology & Innovations - Appointment of Competent Authority University of Visual and Performing Arts	https://documents.gov.lk/view/extra-gazettes/egz_2019.html	en	https://documents.gov.lk/view/extra-gazettes/2019/12/2153-19_E.pdf	2153/19
lk_extraordinary_gazettes_2010s	2019-12-12-2019-12-12-2153-18-ta	2019-12-12-2153-18-ta	2019-12-12	Election Commission - Order to Appoint Mr. U. L. W. P. Liyanage as a Member of the Parliament	https://documents.gov.lk/view/extra-gazettes/egz_2019.html	ta	https://documents.gov.lk/view/extra-gazettes/2019/12/2153-18_T.pdf	2153/18
lk_extraordinary_gazettes_2010s	2019-12-12-2019-12-12-2153-18-si	2019-12-12-2153-18-si	2019-12-12	Election Commission - Order to Appoint Mr. U. L. W. P. Liyanage as a Member of the Parliament	https://documents.gov.lk/view/extra-gazettes/egz_2019.html	si	https://documents.gov.lk/view/extra-gazettes/2019/12/2153-18_S.pdf	2153/18
lk_extraordinary_gazettes_2010s	2019-12-12-2019-12-12-2153-18-en	2019-12-12-2153-18-en	2019-12-12	Election Commission - Order to Appoint Mr. U. L. W. P. Liyanage as a Member of the Parliament	https://documents.gov.lk/view/extra-gazettes/egz_2019.html	en	https://documents.gov.lk/view/extra-gazettes/2019/12/2153-18_E.pdf	2153/18
lk_extraordinary_gazettes_2010s	2019-12-12-2019-12-12-2153-17-ta	2019-12-12-2153-17-ta	2019-12-12	Land Acquisition -  Guruwela, Laggala - Pallegama D/S Division, Matale District	https://documents.gov.lk/view/extra-gazettes/egz_2019.html	ta	https://documents.gov.lk/view/extra-gazettes/2019/12/2153-17_T.pdf	2153/17
lk_extraordinary_gazettes_2010s	2019-12-12-2019-12-12-2153-17-si	2019-12-12-2153-17-si	2019-12-12	Land Acquisition -  Guruwela, Laggala - Pallegama D/S Division, Matale District	https://documents.gov.lk/view/extra-gazettes/egz_2019.html	si	https://documents.gov.lk/view/extra-gazettes/2019/12/2153-17_S.pdf	2153/17
lk_extraordinary_gazettes_2010s	2019-12-12-2019-12-12-2153-17-en	2019-12-12-2153-17-en	2019-12-12	Land Acquisition -  Guruwela, Laggala - Pallegama D/S Division, Matale District	https://documents.gov.lk/view/extra-gazettes/egz_2019.html	en	https://documents.gov.lk/view/extra-gazettes/2019/12/2153-17_E.pdf	2153/17
lk_extraordinary_gazettes_2010s	2019-12-12-2019-12-12-2153-16-ta	2019-12-12-2153-16-ta	2019-12-12	Land Acquisition - Theliyagonna, Kurunegala D/S Division, Kurunegala District	https://documents.gov.lk/view/extra-gazettes/egz_2019.html	ta	https://documents.gov.lk/view/extra-gazettes/2019/12/2153-16_T.pdf	2153/16
lk_extraordinary_gazettes_2010s	2019-12-12-2019-12-12-2153-16-si	2019-12-12-2153-16-si	2019-12-12	Land Acquisition - Theliyagonna, Kurunegala D/S Division, Kurunegala District	https://documents.gov.lk/view/extra-gazettes/egz_2019.html	si	https://documents.gov.lk/view/extra-gazettes/2019/12/2153-16_S.pdf	2153/16
lk_extraordinary_gazettes_2010s	2019-12-12-2019-12-12-2153-16-en	2019-12-12-2153-16-en	2019-12-12	Land Acquisition - Theliyagonna, Kurunegala D/S Division, Kurunegala District	https://documents.gov.lk/view/extra-gazettes/egz_2019.html	en	https://documents.gov.lk/view/extra-gazettes/2019/12/2153-16_E.pdf	2153/16
lk_extraordinary_gazettes_2010s	2019-12-12-2019-12-12-2153-15-ta	2019-12-12-2153-15-ta	2019-12-12	Ministry  of Home Affairs  -  Regulations on  Asela Perehera Festival of Sankapala Rajamaha Viharaya in Embilipitiya D/S Division	https://documents.gov.lk/view/extra-gazettes/egz_2019.html	ta	https://documents.gov.lk/view/extra-gazettes/2019/12/2153-15_T.pdf	2153/15
lk_extraordinary_gazettes_2010s	2019-12-12-2019-12-12-2153-15-si	2019-12-12-2153-15-si	2019-12-12	Ministry  of Home Affairs  -  Regulations on  Asela Perehera Festival of Sankapala Rajamaha Viharaya in Embilipitiya D/S Division	https://documents.gov.lk/view/extra-gazettes/egz_2019.html	si	https://documents.gov.lk/view/extra-gazettes/2019/12/2153-15_S.pdf	2153/15
lk_extraordinary_gazettes_2010s	2019-12-12-2019-12-12-2153-15-en	2019-12-12-2153-15-en	2019-12-12	Ministry  of Home Affairs  -  Regulations on  Asela Perehera Festival of Sankapala Rajamaha Viharaya in Embilipitiya D/S Division	https://documents.gov.lk/view/extra-gazettes/egz_2019.html	en	https://documents.gov.lk/view/extra-gazettes/2019/12/2153-15_E.pdf	2153/15
lk_extraordinary_gazettes_2010s	2019-12-12-2019-12-12-2153-14-ta	2019-12-12-2153-14-ta	2019-12-12	Election Commission  - Declare that  A. Sivakumaran and L. Saththiyamoorthi as memners of the Karachchi P/S	https://documents.gov.lk/view/extra-gazettes/egz_2019.html	ta	https://documents.gov.lk/view/extra-gazettes/2019/12/2153-14_T.pdf	2153/14
lk_extraordinary_gazettes_2010s	2019-12-12-2019-12-12-2153-14-si	2019-12-12-2153-14-si	2019-12-12	Election Commission  - Declare that  A. Sivakumaran and L. Saththiyamoorthi as memners of the Karachchi P/S	https://documents.gov.lk/view/extra-gazettes/egz_2019.html	si	https://documents.gov.lk/view/extra-gazettes/2019/12/2153-14_S.pdf	2153/14
lk_extraordinary_gazettes_2010s	2019-12-12-2019-12-12-2153-14-en	2019-12-12-2153-14-en	2019-12-12	Election Commission  - Declare that  A. Sivakumaran and L. Saththiyamoorthi as memners of the Karachchi P/S	https://documents.gov.lk/view/extra-gazettes/egz_2019.html	en	https://documents.gov.lk/view/extra-gazettes/2019/12/2153-14_E.pdf	2153/14
lk_extraordinary_gazettes_2010s	2019-12-12-2019-12-12-2153-13-ta	2019-12-12-2153-13-ta	2019-12-12	Land Acquisition - Deddugoda, Galle Four Gravets D/S Division, Galle District	https://documents.gov.lk/view/extra-gazettes/egz_2019.html	ta	https://documents.gov.lk/view/extra-gazettes/2019/12/2153-13_T.pdf	2153/13
lk_extraordinary_gazettes_2010s	2019-12-12-2019-12-12-2153-13-si	2019-12-12-2153-13-si	2019-12-12	Land Acquisition - Deddugoda, Galle Four Gravets D/S Division, Galle District	https://documents.gov.lk/view/extra-gazettes/egz_2019.html	si	https://documents.gov.lk/view/extra-gazettes/2019/12/2153-13_S.pdf	2153/13
lk_extraordinary_gazettes_2010s	2019-12-12-2019-12-12-2153-13-en	2019-12-12-2153-13-en	2019-12-12	Land Acquisition - Deddugoda, Galle Four Gravets D/S Division, Galle District	https://documents.gov.lk/view/extra-gazettes/egz_2019.html	en	https://documents.gov.lk/view/extra-gazettes/2019/12/2153-13_E.pdf	2153/13
lk_extraordinary_gazettes_2010s	2019-12-10-2019-12-10-2153-12-ta	2019-12-10-2153-12-ta	2019-12-10	Presidential Secretariat - Duties and Functions	https://documents.gov.lk/view/extra-gazettes/egz_2019.html	ta	https://documents.gov.lk/view/extra-gazettes/2019/12/2153-12_T.pdf	2153/12
lk_extraordinary_gazettes_2010s	2019-12-10-2019-12-10-2153-12-si	2019-12-10-2153-12-si	2019-12-10	Presidential Secretariat - Duties and Functions	https://documents.gov.lk/view/extra-gazettes/egz_2019.html	si	https://documents.gov.lk/view/extra-gazettes/2019/12/2153-12_S.pdf	2153/12
lk_extraordinary_gazettes_2010s	2019-12-10-2019-12-10-2153-12-en	2019-12-10-2153-12-en	2019-12-10	Presidential Secretariat - Duties and Functions	https://documents.gov.lk/view/extra-gazettes/egz_2019.html	en	https://documents.gov.lk/view/extra-gazettes/2019/12/2153-12_E.pdf	2153/12
lk_extraordinary_gazettes_2010s	2019-12-10-2019-12-10-2153-11-ta	2019-12-10-2153-11-ta	2019-12-10	Presidential Secretariat - Order to appoint Hon. M. Amaraweera as the Minister of Transport Service Management  - Reserved	https://documents.gov.lk/view/extra-gazettes/egz_2019.html	ta	https://documents.gov.lk/view/extra-gazettes/2019/12/2153-11_T.pdf	2153/11
lk_extraordinary_gazettes_2010s	2019-12-10-2019-12-10-2153-11-si	2019-12-10-2153-11-si	2019-12-10	Presidential Secretariat - Order to appoint Hon. M. Amaraweera as the Minister of Transport Service Management  - Reserved	https://documents.gov.lk/view/extra-gazettes/egz_2019.html	si	https://documents.gov.lk/view/extra-gazettes/2019/12/2153-11_S.pdf	2153/11
lk_extraordinary_gazettes_2010s	2019-12-10-2019-12-10-2153-11-en	2019-12-10-2153-11-en	2019-12-10	Presidential Secretariat - Order to appoint Hon. M. Amaraweera as the Minister of Transport Service Management  - Reserved	https://documents.gov.lk/view/extra-gazettes/egz_2019.html	en	https://documents.gov.lk/view/extra-gazettes/2019/12/2153-11_E.pdf	2153/11
lk_extraordinary_gazettes_2010s	2019-12-10-2019-12-10-2153-10-ta	2019-12-10-2153-10-ta	2019-12-10	Presidential Secretariat  -  Minister  of  Passenger Transport Management   has  resigned his office  - Reserved	https://documents.gov.lk/view/extra-gazettes/egz_2019.html	ta	https://documents.gov.lk/view/extra-gazettes/2019/12/2153-10_T.pdf	2153/10
lk_extraordinary_gazettes_2010s	2019-12-10-2019-12-10-2153-10-si	2019-12-10-2153-10-si	2019-12-10	Presidential Secretariat  -  Minister  of  Passenger Transport Management   has  resigned his office  - Reserved	https://documents.gov.lk/view/extra-gazettes/egz_2019.html	si	https://documents.gov.lk/view/extra-gazettes/2019/12/2153-10_S.pdf	2153/10
lk_extraordinary_gazettes_2010s	2019-12-10-2019-12-10-2153-10-en	2019-12-10-2153-10-en	2019-12-10	Presidential Secretariat  -  Minister  of  Passenger Transport Management   has  resigned his office  - Reserved	https://documents.gov.lk/view/extra-gazettes/egz_2019.html	en	https://documents.gov.lk/view/extra-gazettes/2019/12/2153-10_E.pdf	2153/10
lk_extraordinary_gazettes_2010s	2019-12-10-2019-12-10-2153-09-ta	2019-12-10-2153-09-ta	2019-12-10	Election Commission - Appointed Chairman & Vice Chairman of  Elpitiya Pradeshiya Sabha	https://documents.gov.lk/view/extra-gazettes/egz_2019.html	ta	https://documents.gov.lk/view/extra-gazettes/2019/12/2153-09_T.pdf	2153/09
lk_extraordinary_gazettes_2010s	2019-12-10-2019-12-10-2153-09-si	2019-12-10-2153-09-si	2019-12-10	Election Commission - Appointed Chairman & Vice Chairman of  Elpitiya Pradeshiya Sabha	https://documents.gov.lk/view/extra-gazettes/egz_2019.html	si	https://documents.gov.lk/view/extra-gazettes/2019/12/2153-09_S.pdf	2153/09
lk_extraordinary_gazettes_2010s	2019-12-10-2019-12-10-2153-09-en	2019-12-10-2153-09-en	2019-12-10	Election Commission - Appointed Chairman & Vice Chairman of  Elpitiya Pradeshiya Sabha	https://documents.gov.lk/view/extra-gazettes/egz_2019.html	en	https://documents.gov.lk/view/extra-gazettes/2019/12/2153-09_E.pdf	2153/09
lk_extraordinary_gazettes_2010s	2019-12-09-2019-12-09-2153-07-ta	2019-12-09-2153-07-ta	2019-12-09	Land  Acquisition -  Denagamuwa, Mehiella, Wadugedarawatta, Mallawapitiya D/S Division, Kurunegala District	https://documents.gov.lk/view/extra-gazettes/egz_2019.html	ta	https://documents.gov.lk/view/extra-gazettes/2019/12/2153-07_T.pdf	2153/07
lk_extraordinary_gazettes_2010s	2019-12-09-2019-12-09-2153-07-si	2019-12-09-2153-07-si	2019-12-09	Land  Acquisition -  Denagamuwa, Mehiella, Wadugedarawatta, Mallawapitiya D/S Division, Kurunegala District	https://documents.gov.lk/view/extra-gazettes/egz_2019.html	si	https://documents.gov.lk/view/extra-gazettes/2019/12/2153-07_S.pdf	2153/07
lk_extraordinary_gazettes_2010s	2019-12-09-2019-12-09-2153-07-en	2019-12-09-2153-07-en	2019-12-09	Land  Acquisition -  Denagamuwa, Mehiella, Wadugedarawatta, Mallawapitiya D/S Division, Kurunegala District	https://documents.gov.lk/view/extra-gazettes/egz_2019.html	en	https://documents.gov.lk/view/extra-gazettes/2019/12/2153-07_E.pdf	2153/07
lk_extraordinary_gazettes_2010s	2019-12-09-2019-12-09-2153-06-ta	2019-12-09-2153-06-ta	2019-12-09	Office of  the Public Service Commission  - Service Minute of the Sri Lanka Teacher Education Service Second Amendment	https://documents.gov.lk/view/extra-gazettes/egz_2019.html	ta	https://documents.gov.lk/view/extra-gazettes/2019/12/2153-06_T.pdf	2153/06
lk_extraordinary_gazettes_2010s	2019-12-09-2019-12-09-2153-06-si	2019-12-09-2153-06-si	2019-12-09	Office of  the Public Service Commission  - Service Minute of the Sri Lanka Teacher Education Service Second Amendment	https://documents.gov.lk/view/extra-gazettes/egz_2019.html	si	https://documents.gov.lk/view/extra-gazettes/2019/12/2153-06_S.pdf	2153/06
lk_extraordinary_gazettes_2010s	2019-12-09-2019-12-09-2153-06-en	2019-12-09-2153-06-en	2019-12-09	Office of  the Public Service Commission  - Service Minute of the Sri Lanka Teacher Education Service Second Amendment	https://documents.gov.lk/view/extra-gazettes/egz_2019.html	en	https://documents.gov.lk/view/extra-gazettes/2019/12/2153-06_E.pdf	2153/06
lk_extraordinary_gazettes_2010s	2019-12-09-2019-12-09-2153-05-ta	2019-12-09-2153-05-ta	2019-12-09	Office of the Governor Ura Province - Order to appoint Mrs. R. H. C. Priyanthi and Others to the Provincial Serrice	https://documents.gov.lk/view/extra-gazettes/egz_2019.html	ta	https://documents.gov.lk/view/extra-gazettes/2019/12/2153-05_T.pdf	2153/05
lk_extraordinary_gazettes_2010s	2019-12-09-2019-12-09-2153-05-si	2019-12-09-2153-05-si	2019-12-09	Office of the Governor Ura Province - Order to appoint Mrs. R. H. C. Priyanthi and Others to the Provincial Serrice	https://documents.gov.lk/view/extra-gazettes/egz_2019.html	si	https://documents.gov.lk/view/extra-gazettes/2019/12/2153-05_S.pdf	2153/05
lk_extraordinary_gazettes_2010s	2019-12-09-2019-12-09-2153-05-en	2019-12-09-2153-05-en	2019-12-09	Office of the Governor Ura Province - Order to appoint Mrs. R. H. C. Priyanthi and Others to the Provincial Serrice	https://documents.gov.lk/view/extra-gazettes/egz_2019.html	en	https://documents.gov.lk/view/extra-gazettes/2019/12/2153-05_E.pdf	2153/05
lk_extraordinary_gazettes_2010s	2019-12-09-2019-12-09-2153-04-ta	2019-12-09-2153-04-ta	2019-12-09	Land Acquisition - Minneriya, Hingurakgoda D/S Division, Polonnaruwa District	https://documents.gov.lk/view/extra-gazettes/egz_2019.html	ta	https://documents.gov.lk/view/extra-gazettes/2019/12/2153-04_T.pdf	2153/04
lk_extraordinary_gazettes_2010s	2019-12-09-2019-12-09-2153-04-si	2019-12-09-2153-04-si	2019-12-09	Land Acquisition - Minneriya, Hingurakgoda D/S Division, Polonnaruwa District	https://documents.gov.lk/view/extra-gazettes/egz_2019.html	si	https://documents.gov.lk/view/extra-gazettes/2019/12/2153-04_S.pdf	2153/04
lk_extraordinary_gazettes_2010s	2019-12-09-2019-12-09-2153-04-en	2019-12-09-2153-04-en	2019-12-09	Land Acquisition - Minneriya, Hingurakgoda D/S Division, Polonnaruwa District	https://documents.gov.lk/view/extra-gazettes/egz_2019.html	en	https://documents.gov.lk/view/extra-gazettes/2019/12/2153-04_E.pdf	2153/04
lk_extraordinary_gazettes_2010s	2019-12-09-2019-12-09-2153-03-ta	2019-12-09-2153-03-ta	2019-12-09	Land Acquisition - Commpensations for the acquisitions of the Land in Nagada D/S Division, Galle District	https://documents.gov.lk/view/extra-gazettes/egz_2019.html	ta	https://documents.gov.lk/view/extra-gazettes/2019/12/2153-03_T.pdf	2153/03
lk_extraordinary_gazettes_2010s	2019-12-09-2019-12-09-2153-03-si	2019-12-09-2153-03-si	2019-12-09	Land Acquisition - Commpensations for the acquisitions of the Land in Nagada D/S Division, Galle District	https://documents.gov.lk/view/extra-gazettes/egz_2019.html	si	https://documents.gov.lk/view/extra-gazettes/2019/12/2153-03_S.pdf	2153/03
lk_extraordinary_gazettes_2010s	2019-12-09-2019-12-09-2153-03-en	2019-12-09-2153-03-en	2019-12-09	Land Acquisition - Commpensations for the acquisitions of the Land in Nagada D/S Division, Galle District	https://documents.gov.lk/view/extra-gazettes/egz_2019.html	en	https://documents.gov.lk/view/extra-gazettes/2019/12/2153-03_E.pdf	2153/03
lk_extraordinary_gazettes_2010s	2019-12-09-2019-12-09-2153-02-ta	2019-12-09-2153-02-ta	2019-12-09	Land Acquisition - Dewaladeniya, Maoya& Leloya, Laggala D/S Division, Pallegama, Matale District	https://documents.gov.lk/view/extra-gazettes/egz_2019.html	ta	https://documents.gov.lk/view/extra-gazettes/2019/12/2153-02_T.pdf	2153/02
lk_extraordinary_gazettes_2010s	2019-12-09-2019-12-09-2153-02-si	2019-12-09-2153-02-si	2019-12-09	Land Acquisition - Dewaladeniya, Maoya& Leloya, Laggala D/S Division, Pallegama, Matale District	https://documents.gov.lk/view/extra-gazettes/egz_2019.html	si	https://documents.gov.lk/view/extra-gazettes/2019/12/2153-02_S.pdf	2153/02
lk_extraordinary_gazettes_2010s	2019-12-09-2019-12-09-2153-02-en	2019-12-09-2153-02-en	2019-12-09	Land Acquisition - Dewaladeniya, Maoya& Leloya, Laggala D/S Division, Pallegama, Matale District	https://documents.gov.lk/view/extra-gazettes/egz_2019.html	en	https://documents.gov.lk/view/extra-gazettes/2019/12/2153-02_E.pdf	2153/02
lk_extraordinary_gazettes_2010s	2019-12-09-2019-12-09-2153-01-ta	2019-12-09-2153-01-ta	2019-12-09	Sri Lanka Customs -  Rates of Exchange effective from 09.12.2019 to 15.12.2019	https://documents.gov.lk/view/extra-gazettes/egz_2019.html	ta	https://documents.gov.lk/view/extra-gazettes/2019/12/2153-01_T.pdf	2153/01
lk_extraordinary_gazettes_2010s	2019-12-09-2019-12-09-2153-01-si	2019-12-09-2153-01-si	2019-12-09	Sri Lanka Customs -  Rates of Exchange effective from 09.12.2019 to 15.12.2019	https://documents.gov.lk/view/extra-gazettes/egz_2019.html	si	https://documents.gov.lk/view/extra-gazettes/2019/12/2153-01_S.pdf	2153/01
lk_extraordinary_gazettes_2010s	2019-12-09-2019-12-09-2153-01-en	2019-12-09-2153-01-en	2019-12-09	Sri Lanka Customs -  Rates of Exchange effective from 09.12.2019 to 15.12.2019	https://documents.gov.lk/view/extra-gazettes/egz_2019.html	en	https://documents.gov.lk/view/extra-gazettes/2019/12/2153-01_E.pdf	2153/01
lk_extraordinary_gazettes_2010s	2019-12-06-2019-12-06-2152-69-ta	2019-12-06-2152-69-ta	2019-12-06	Public Utilities Commission of Sr Lanka  -  Name or Categories of Persons to whom a certificate of Exemptions were issued	https://documents.gov.lk/view/extra-gazettes/egz_2019.html	ta	https://documents.gov.lk/view/extra-gazettes/2019/12/2152-69_T.pdf	2152/69
lk_extraordinary_gazettes_2010s	2019-12-06-2019-12-06-2152-69-si	2019-12-06-2152-69-si	2019-12-06	Public Utilities Commission of Sr Lanka  -  Name or Categories of Persons to whom a certificate of Exemptions were issued	https://documents.gov.lk/view/extra-gazettes/egz_2019.html	si	https://documents.gov.lk/view/extra-gazettes/2019/12/2152-69_S.pdf	2152/69
lk_extraordinary_gazettes_2010s	2019-12-06-2019-12-06-2152-69-en	2019-12-06-2152-69-en	2019-12-06	Public Utilities Commission of Sr Lanka  -  Name or Categories of Persons to whom a certificate of Exemptions were issued	https://documents.gov.lk/view/extra-gazettes/egz_2019.html	en	https://documents.gov.lk/view/extra-gazettes/2019/12/2152-69_E.pdf	2152/69
lk_extraordinary_gazettes_2010s	2019-12-06-2019-12-06-2152-68-ta	2019-12-06-2152-68-ta	2019-12-06	Mediation Boards Commission - Notice calling for Nominations  for the Appointment of Mediaters for Kurunegala Adminstrative Districts	https://documents.gov.lk/view/extra-gazettes/egz_2019.html	ta	https://documents.gov.lk/view/extra-gazettes/2019/12/2152-68_T.pdf	2152/68
lk_extraordinary_gazettes_2010s	2019-12-06-2019-12-06-2152-68-si	2019-12-06-2152-68-si	2019-12-06	Mediation Boards Commission - Notice calling for Nominations  for the Appointment of Mediaters for Kurunegala Adminstrative Districts	https://documents.gov.lk/view/extra-gazettes/egz_2019.html	si	https://documents.gov.lk/view/extra-gazettes/2019/12/2152-68_S.pdf	2152/68
lk_extraordinary_gazettes_2010s	2019-12-06-2019-12-06-2152-68-en	2019-12-06-2152-68-en	2019-12-06	Mediation Boards Commission - Notice calling for Nominations  for the Appointment of Mediaters for Kurunegala Adminstrative Districts	https://documents.gov.lk/view/extra-gazettes/egz_2019.html	en	https://documents.gov.lk/view/extra-gazettes/2019/12/2152-68_E.pdf	2152/68
lk_extraordinary_gazettes_2010s	2019-12-06-2019-12-06-2152-67-ta	2019-12-06-2152-67-ta	2019-12-06	Land Acquisition  -  Boyagane, Kurunegala D/S Division, Kurunegala District	https://documents.gov.lk/view/extra-gazettes/egz_2019.html	ta	https://documents.gov.lk/view/extra-gazettes/2019/12/2152-67_T.pdf	2152/67
lk_extraordinary_gazettes_2010s	2019-12-06-2019-12-06-2152-67-si	2019-12-06-2152-67-si	2019-12-06	Land Acquisition  -  Boyagane, Kurunegala D/S Division, Kurunegala District	https://documents.gov.lk/view/extra-gazettes/egz_2019.html	si	https://documents.gov.lk/view/extra-gazettes/2019/12/2152-67_S.pdf	2152/67
lk_extraordinary_gazettes_2010s	2019-12-06-2019-12-06-2152-67-en	2019-12-06-2152-67-en	2019-12-06	Land Acquisition  -  Boyagane, Kurunegala D/S Division, Kurunegala District	https://documents.gov.lk/view/extra-gazettes/egz_2019.html	en	https://documents.gov.lk/view/extra-gazettes/2019/12/2152-67_E.pdf	2152/67
lk_extraordinary_gazettes_2010s	2019-12-06-2019-12-06-2152-66-ta	2019-12-06-2152-66-ta	2019-12-06	Land Acquisition - Diganahena, Akuressa D/S Division, Matara District and an amendment to the Gaz. Ex. No. 2112/49 of 02.03.2019	https://documents.gov.lk/view/extra-gazettes/egz_2019.html	ta	https://documents.gov.lk/view/extra-gazettes/2019/12/2152-66_T.pdf	2152/66
lk_extraordinary_gazettes_2010s	2019-12-06-2019-12-06-2152-66-si	2019-12-06-2152-66-si	2019-12-06	Land Acquisition - Diganahena, Akuressa D/S Division, Matara District and an amendment to the Gaz. Ex. No. 2112/49 of 02.03.2019	https://documents.gov.lk/view/extra-gazettes/egz_2019.html	si	https://documents.gov.lk/view/extra-gazettes/2019/12/2152-66_S.pdf	2152/66
lk_extraordinary_gazettes_2010s	2019-12-06-2019-12-06-2152-66-en	2019-12-06-2152-66-en	2019-12-06	Land Acquisition - Diganahena, Akuressa D/S Division, Matara District and an amendment to the Gaz. Ex. No. 2112/49 of 02.03.2019	https://documents.gov.lk/view/extra-gazettes/egz_2019.html	en	https://documents.gov.lk/view/extra-gazettes/2019/12/2152-66_E.pdf	2152/66
lk_extraordinary_gazettes_2010s	2019-12-06-2019-12-06-2152-65-ta	2019-12-06-2152-65-ta	2019-12-06	Land Acquisition -  Gammedda, Pathadumbara D/S Division, Kandy District and Pamankada, Thimbirigasyaya D/S Division,  Colombo District	https://documents.gov.lk/view/extra-gazettes/egz_2019.html	ta	https://documents.gov.lk/view/extra-gazettes/2019/12/2152-65_T.pdf	2152/65
lk_extraordinary_gazettes_2010s	2019-12-06-2019-12-06-2152-65-si	2019-12-06-2152-65-si	2019-12-06	Land Acquisition -  Gammedda, Pathadumbara D/S Division, Kandy District and Pamankada, Thimbirigasyaya D/S Division,  Colombo District	https://documents.gov.lk/view/extra-gazettes/egz_2019.html	si	https://documents.gov.lk/view/extra-gazettes/2019/12/2152-65_S.pdf	2152/65
lk_extraordinary_gazettes_2010s	2019-12-06-2019-12-06-2152-65-en	2019-12-06-2152-65-en	2019-12-06	Land Acquisition -  Gammedda, Pathadumbara D/S Division, Kandy District and Pamankada, Thimbirigasyaya D/S Division,  Colombo District	https://documents.gov.lk/view/extra-gazettes/egz_2019.html	en	https://documents.gov.lk/view/extra-gazettes/2019/12/2152-65_E.pdf	2152/65
lk_extraordinary_gazettes_2010s	2019-12-06-2019-12-06-2152-64-ta	2019-12-06-2152-64-ta	2019-12-06	Central Bank of Sri Lanka   -   Cancellation of the Licence issued to Lankaputhra Development  Bank Ltd.	https://documents.gov.lk/view/extra-gazettes/egz_2019.html	ta	https://documents.gov.lk/view/extra-gazettes/2019/12/2152-64_T.pdf	2152/64
lk_extraordinary_gazettes_2010s	2019-12-06-2019-12-06-2152-64-si	2019-12-06-2152-64-si	2019-12-06	Central Bank of Sri Lanka   -   Cancellation of the Licence issued to Lankaputhra Development  Bank Ltd.	https://documents.gov.lk/view/extra-gazettes/egz_2019.html	si	https://documents.gov.lk/view/extra-gazettes/2019/12/2152-64_S.pdf	2152/64
lk_extraordinary_gazettes_2010s	2019-12-06-2019-12-06-2152-64-en	2019-12-06-2152-64-en	2019-12-06	Central Bank of Sri Lanka   -   Cancellation of the Licence issued to Lankaputhra Development  Bank Ltd.	https://documents.gov.lk/view/extra-gazettes/egz_2019.html	en	https://documents.gov.lk/view/extra-gazettes/2019/12/2152-64_E.pdf	2152/64
lk_extraordinary_gazettes_2010s	2019-12-06-2019-12-06-2152-63-ta	2019-12-06-2152-63-ta	2019-12-06	Reserved for Import & Export Control Department	https://documents.gov.lk/view/extra-gazettes/egz_2019.html	ta	https://documents.gov.lk/view/extra-gazettes/2019/12/2152-63_T.pdf	2152/63
lk_extraordinary_gazettes_2010s	2019-12-06-2019-12-06-2152-63-si	2019-12-06-2152-63-si	2019-12-06	Reserved for Import & Export Control Department	https://documents.gov.lk/view/extra-gazettes/egz_2019.html	si	https://documents.gov.lk/view/extra-gazettes/2019/12/2152-63_S.pdf	2152/63
lk_extraordinary_gazettes_2010s	2019-12-06-2019-12-06-2152-63-en	2019-12-06-2152-63-en	2019-12-06	Reserved for Import & Export Control Department	https://documents.gov.lk/view/extra-gazettes/egz_2019.html	en	https://documents.gov.lk/view/extra-gazettes/2019/12/2152-63_E.pdf	2152/63
lk_extraordinary_gazettes_2010s	2019-12-06-2019-12-06-2152-62-ta	2019-12-06-2152-62-ta	2019-12-06	Elections Commission - Names of Members, returned  for the Local Authority - Elpitiya in addition to the Gazette No. 2147/48 of 09.10.2019	https://documents.gov.lk/view/extra-gazettes/egz_2019.html	ta	https://documents.gov.lk/view/extra-gazettes/2019/12/2152-62_T.pdf	2152/62
lk_extraordinary_gazettes_2010s	2019-12-06-2019-12-06-2152-62-si	2019-12-06-2152-62-si	2019-12-06	Elections Commission - Names of Members, returned  for the Local Authority - Elpitiya in addition to the Gazette No. 2147/48 of 09.10.2019	https://documents.gov.lk/view/extra-gazettes/egz_2019.html	si	https://documents.gov.lk/view/extra-gazettes/2019/12/2152-62_S.pdf	2152/62
lk_extraordinary_gazettes_2010s	2019-12-06-2019-12-06-2152-62-en	2019-12-06-2152-62-en	2019-12-06	Elections Commission - Names of Members, returned  for the Local Authority - Elpitiya in addition to the Gazette No. 2147/48 of 09.10.2019	https://documents.gov.lk/view/extra-gazettes/egz_2019.html	en	https://documents.gov.lk/view/extra-gazettes/2019/12/2152-62_E.pdf	2152/62
lk_extraordinary_gazettes_2010s	2019-12-06-2019-12-06-2152-61-ta	2019-12-06-2152-61-ta	2019-12-06	Land Acquisition - Pubbiliya, Thumpane D/S Division, Kandy District and Mudagamuwa, Attanagalla D/S Division, Gampaha District	https://documents.gov.lk/view/extra-gazettes/egz_2019.html	ta	https://documents.gov.lk/view/extra-gazettes/2019/12/2152-61_T.pdf	2152/61
lk_extraordinary_gazettes_2010s	2019-12-06-2019-12-06-2152-61-si	2019-12-06-2152-61-si	2019-12-06	Land Acquisition - Pubbiliya, Thumpane D/S Division, Kandy District and Mudagamuwa, Attanagalla D/S Division, Gampaha District	https://documents.gov.lk/view/extra-gazettes/egz_2019.html	si	https://documents.gov.lk/view/extra-gazettes/2019/12/2152-61_S.pdf	2152/61
lk_extraordinary_gazettes_2010s	2019-12-06-2019-12-06-2152-61-en	2019-12-06-2152-61-en	2019-12-06	Land Acquisition - Pubbiliya, Thumpane D/S Division, Kandy District and Mudagamuwa, Attanagalla D/S Division, Gampaha District	https://documents.gov.lk/view/extra-gazettes/egz_2019.html	en	https://documents.gov.lk/view/extra-gazettes/2019/12/2152-61_E.pdf	2152/61
lk_extraordinary_gazettes_2010s	2019-12-06-2019-12-06-2152-60-ta	2019-12-06-2152-60-ta	2019-12-06	Reserved - Department of Fiscal Policy -- Amendment  to the Gaz.  Ex. No. 2151/52 of 29.11.2019, publish under  Value Added Tax Act	https://documents.gov.lk/view/extra-gazettes/egz_2019.html	ta	https://documents.gov.lk/view/extra-gazettes/2019/12/2152-60_T.pdf	2152/60
lk_extraordinary_gazettes_2010s	2019-12-06-2019-12-06-2152-60-si	2019-12-06-2152-60-si	2019-12-06	Reserved - Department of Fiscal Policy -- Amendment  to the Gaz.  Ex. No. 2151/52 of 29.11.2019, publish under  Value Added Tax Act	https://documents.gov.lk/view/extra-gazettes/egz_2019.html	si	https://documents.gov.lk/view/extra-gazettes/2019/12/2152-60_S.pdf	2152/60
lk_extraordinary_gazettes_2010s	2019-12-06-2019-12-06-2152-60-en	2019-12-06-2152-60-en	2019-12-06	Reserved - Department of Fiscal Policy -- Amendment  to the Gaz.  Ex. No. 2151/52 of 29.11.2019, publish under  Value Added Tax Act	https://documents.gov.lk/view/extra-gazettes/egz_2019.html	en	https://documents.gov.lk/view/extra-gazettes/2019/12/2152-60_E.pdf	2152/60
lk_extraordinary_gazettes_2010s	2019-12-05-2019-12-05-2152-59-ta	2019-12-05-2152-59-ta	2019-12-05	Sabaragamuwa  Provincial Council   -  By-Laws of  Ayagama   Pradeshiya  Sabha	https://documents.gov.lk/view/extra-gazettes/egz_2019.html	ta	https://documents.gov.lk/view/extra-gazettes/2019/12/2152-59_T.pdf	2152/59
lk_extraordinary_gazettes_2010s	2019-12-05-2019-12-05-2152-59-si	2019-12-05-2152-59-si	2019-12-05	Sabaragamuwa  Provincial Council   -  By-Laws of  Ayagama   Pradeshiya  Sabha	https://documents.gov.lk/view/extra-gazettes/egz_2019.html	si	https://documents.gov.lk/view/extra-gazettes/2019/12/2152-59_S.pdf	2152/59
lk_extraordinary_gazettes_2010s	2019-12-05-2019-12-05-2152-59-en	2019-12-05-2152-59-en	2019-12-05	Sabaragamuwa  Provincial Council   -  By-Laws of  Ayagama   Pradeshiya  Sabha	https://documents.gov.lk/view/extra-gazettes/egz_2019.html	en	https://documents.gov.lk/view/extra-gazettes/2019/12/2152-59_E.pdf	2152/59
lk_extraordinary_gazettes_2010s	2019-12-05-2019-12-05-2152-58-si	2019-12-05-2152-58-si	2019-12-05	Sabaragamuwa  Provincial Council   -  By-Laws of  Ytiyanthota   Pradeshiya  Sabha	https://documents.gov.lk/view/extra-gazettes/egz_2019.html	si	https://documents.gov.lk/view/extra-gazettes/2019/12/2152-58_S.pdf	2152/58
lk_extraordinary_gazettes_2010s	2019-12-05-2019-12-05-2152-58-en	2019-12-05-2152-58-en	2019-12-05	Sabaragamuwa  Provincial Council   -  By-Laws of  Ytiyanthota   Pradeshiya  Sabha	https://documents.gov.lk/view/extra-gazettes/egz_2019.html	en	https://documents.gov.lk/view/extra-gazettes/2019/12/2152-58_E.pdf	2152/58
lk_extraordinary_gazettes_2010s	2019-12-05-2019-12-05-2152-57-ta	2019-12-05-2152-57-ta	2019-12-05	Sabaragamuwa  Provincial Council   -  By-Laws of  Galigamuwa   Pradeshiya  Sabha	https://documents.gov.lk/view/extra-gazettes/egz_2019.html	ta	https://documents.gov.lk/view/extra-gazettes/2019/12/2152-57_T.pdf	2152/57
lk_extraordinary_gazettes_2010s	2019-12-05-2019-12-05-2152-57-si	2019-12-05-2152-57-si	2019-12-05	Sabaragamuwa  Provincial Council   -  By-Laws of  Galigamuwa   Pradeshiya  Sabha	https://documents.gov.lk/view/extra-gazettes/egz_2019.html	si	https://documents.gov.lk/view/extra-gazettes/2019/12/2152-57_S.pdf	2152/57
lk_extraordinary_gazettes_2010s	2019-12-05-2019-12-05-2152-57-en	2019-12-05-2152-57-en	2019-12-05	Sabaragamuwa  Provincial Council   -  By-Laws of  Galigamuwa   Pradeshiya  Sabha	https://documents.gov.lk/view/extra-gazettes/egz_2019.html	en	https://documents.gov.lk/view/extra-gazettes/2019/12/2152-57_E.pdf	2152/57
lk_extraordinary_gazettes_2010s	2019-12-05-2019-12-05-2152-56-ta	2019-12-05-2152-56-ta	2019-12-05	Sabaragamuwa  Provincial Council   -  By-Laws of  Bulathkohupitiya   Pradeshiya  Sabha	https://documents.gov.lk/view/extra-gazettes/egz_2019.html	ta	https://documents.gov.lk/view/extra-gazettes/2019/12/2152-56_T.pdf	2152/56
lk_extraordinary_gazettes_2010s	2019-12-05-2019-12-05-2152-56-si	2019-12-05-2152-56-si	2019-12-05	Sabaragamuwa  Provincial Council   -  By-Laws of  Bulathkohupitiya   Pradeshiya  Sabha	https://documents.gov.lk/view/extra-gazettes/egz_2019.html	si	https://documents.gov.lk/view/extra-gazettes/2019/12/2152-56_S.pdf	2152/56
lk_extraordinary_gazettes_2010s	2019-12-05-2019-12-05-2152-56-en	2019-12-05-2152-56-en	2019-12-05	Sabaragamuwa  Provincial Council   -  By-Laws of  Bulathkohupitiya   Pradeshiya  Sabha	https://documents.gov.lk/view/extra-gazettes/egz_2019.html	en	https://documents.gov.lk/view/extra-gazettes/2019/12/2152-56_E.pdf	2152/56
lk_extraordinary_gazettes_2010s	2019-12-05-2019-12-05-2152-55-ta	2019-12-05-2152-55-ta	2019-12-05	Sabaragamuwa  Provincial Council   -  By-Laws of  Aranayaka   Pradeshiya  Sabha	https://documents.gov.lk/view/extra-gazettes/egz_2019.html	ta	https://documents.gov.lk/view/extra-gazettes/2019/12/2152-55_T.pdf	2152/55
lk_extraordinary_gazettes_2010s	2019-12-05-2019-12-05-2152-55-si	2019-12-05-2152-55-si	2019-12-05	Sabaragamuwa  Provincial Council   -  By-Laws of  Aranayaka   Pradeshiya  Sabha	https://documents.gov.lk/view/extra-gazettes/egz_2019.html	si	https://documents.gov.lk/view/extra-gazettes/2019/12/2152-55_S.pdf	2152/55
lk_extraordinary_gazettes_2010s	2019-12-05-2019-12-05-2152-55-en	2019-12-05-2152-55-en	2019-12-05	Sabaragamuwa  Provincial Council   -  By-Laws of  Aranayaka   Pradeshiya  Sabha	https://documents.gov.lk/view/extra-gazettes/egz_2019.html	en	https://documents.gov.lk/view/extra-gazettes/2019/12/2152-55_E.pdf	2152/55
lk_extraordinary_gazettes_2010s	2019-12-05-2019-12-05-2152-54-si	2019-12-05-2152-54-si	2019-12-05	Sabaragamuwa  Provincial Council   -  By-Laws of  Rambukkana   Pradeshiya  Sabha	https://documents.gov.lk/view/extra-gazettes/egz_2019.html	si	https://documents.gov.lk/view/extra-gazettes/2019/12/2152-54_S.pdf	2152/54
lk_extraordinary_gazettes_2010s	2019-12-05-2019-12-05-2152-54-en	2019-12-05-2152-54-en	2019-12-05	Sabaragamuwa  Provincial Council   -  By-Laws of  Rambukkana   Pradeshiya  Sabha	https://documents.gov.lk/view/extra-gazettes/egz_2019.html	en	https://documents.gov.lk/view/extra-gazettes/2019/12/2152-54_E.pdf	2152/54
lk_extraordinary_gazettes_2010s	2019-12-05-2019-12-05-2152-53-ta	2019-12-05-2152-53-ta	2019-12-05	Sabaragamuwa  Provincial Council   -  By-Laws of  Warakapola  Pradeshiya Sabha	https://documents.gov.lk/view/extra-gazettes/egz_2019.html	ta	https://documents.gov.lk/view/extra-gazettes/2019/12/2152-53_T.pdf	2152/53
lk_extraordinary_gazettes_2010s	2019-12-05-2019-12-05-2152-53-si	2019-12-05-2152-53-si	2019-12-05	Sabaragamuwa  Provincial Council   -  By-Laws of  Warakapola  Pradeshiya Sabha	https://documents.gov.lk/view/extra-gazettes/egz_2019.html	si	https://documents.gov.lk/view/extra-gazettes/2019/12/2152-53_S.pdf	2152/53
lk_extraordinary_gazettes_2010s	2019-12-05-2019-12-05-2152-53-en	2019-12-05-2152-53-en	2019-12-05	Sabaragamuwa  Provincial Council   -  By-Laws of  Warakapola  Pradeshiya Sabha	https://documents.gov.lk/view/extra-gazettes/egz_2019.html	en	https://documents.gov.lk/view/extra-gazettes/2019/12/2152-53_E.pdf	2152/53
lk_extraordinary_gazettes_2010s	2019-12-05-2019-12-05-2152-52-ta	2019-12-05-2152-52-ta	2019-12-05	Sabaragamuwa  Provincial Council   -  By-Laws of  Kegalle  Pradeshiya Sabha	https://documents.gov.lk/view/extra-gazettes/egz_2019.html	ta	https://documents.gov.lk/view/extra-gazettes/2019/12/2152-52_T.pdf	2152/52
lk_extraordinary_gazettes_2010s	2019-12-05-2019-12-05-2152-52-si	2019-12-05-2152-52-si	2019-12-05	Sabaragamuwa  Provincial Council   -  By-Laws of  Kegalle  Pradeshiya Sabha	https://documents.gov.lk/view/extra-gazettes/egz_2019.html	si	https://documents.gov.lk/view/extra-gazettes/2019/12/2152-52_S.pdf	2152/52
lk_extraordinary_gazettes_2010s	2019-12-05-2019-12-05-2152-52-en	2019-12-05-2152-52-en	2019-12-05	Sabaragamuwa  Provincial Council   -  By-Laws of  Kegalle  Pradeshiya Sabha	https://documents.gov.lk/view/extra-gazettes/egz_2019.html	en	https://documents.gov.lk/view/extra-gazettes/2019/12/2152-52_E.pdf	2152/52
lk_extraordinary_gazettes_2010s	2019-12-05-2019-12-05-2152-51-ta	2019-12-05-2152-51-ta	2019-12-05	Sabaragamuwa  Provincial Council   -  By-Laws of  Dehiowita   Pradeshiya Sabha	https://documents.gov.lk/view/extra-gazettes/egz_2019.html	ta	https://documents.gov.lk/view/extra-gazettes/2019/12/2152-51_T.pdf	2152/51
lk_extraordinary_gazettes_2010s	2019-12-05-2019-12-05-2152-51-si	2019-12-05-2152-51-si	2019-12-05	Sabaragamuwa  Provincial Council   -  By-Laws of  Dehiowita   Pradeshiya Sabha	https://documents.gov.lk/view/extra-gazettes/egz_2019.html	si	https://documents.gov.lk/view/extra-gazettes/2019/12/2152-51_S.pdf	2152/51
lk_extraordinary_gazettes_2010s	2019-12-05-2019-12-05-2152-51-en	2019-12-05-2152-51-en	2019-12-05	Sabaragamuwa  Provincial Council   -  By-Laws of  Dehiowita   Pradeshiya Sabha	https://documents.gov.lk/view/extra-gazettes/egz_2019.html	en	https://documents.gov.lk/view/extra-gazettes/2019/12/2152-51_E.pdf	2152/51
lk_extraordinary_gazettes_2010s	2019-12-05-2019-12-05-2152-50-si	2019-12-05-2152-50-si	2019-12-05	Sabaragamuwa  Provincial Council   -  By-Laws of  Deraniyagala   Pradeshiya Sabha	https://documents.gov.lk/view/extra-gazettes/egz_2019.html	si	https://documents.gov.lk/view/extra-gazettes/2019/12/2152-50_S.pdf	2152/50
lk_extraordinary_gazettes_2010s	2019-12-05-2019-12-05-2152-50-en	2019-12-05-2152-50-en	2019-12-05	Sabaragamuwa  Provincial Council   -  By-Laws of  Deraniyagala   Pradeshiya Sabha	https://documents.gov.lk/view/extra-gazettes/egz_2019.html	en	https://documents.gov.lk/view/extra-gazettes/2019/12/2152-50_E.pdf	2152/50
lk_extraordinary_gazettes_2010s	2019-12-05-2019-12-05-2152-49-ta	2019-12-05-2152-49-ta	2019-12-05	Sabaragamuwa  Provincial Council   -  By-Laws of  Kolonna   Pradeshiya Sabha	https://documents.gov.lk/view/extra-gazettes/egz_2019.html	ta	https://documents.gov.lk/view/extra-gazettes/2019/12/2152-49_T.pdf	2152/49
lk_extraordinary_gazettes_2010s	2019-12-05-2019-12-05-2152-49-si	2019-12-05-2152-49-si	2019-12-05	Sabaragamuwa  Provincial Council   -  By-Laws of  Kolonna   Pradeshiya Sabha	https://documents.gov.lk/view/extra-gazettes/egz_2019.html	si	https://documents.gov.lk/view/extra-gazettes/2019/12/2152-49_S.pdf	2152/49
lk_extraordinary_gazettes_2010s	2019-12-05-2019-12-05-2152-49-en	2019-12-05-2152-49-en	2019-12-05	Sabaragamuwa  Provincial Council   -  By-Laws of  Kolonna   Pradeshiya Sabha	https://documents.gov.lk/view/extra-gazettes/egz_2019.html	en	https://documents.gov.lk/view/extra-gazettes/2019/12/2152-49_E.pdf	2152/49
lk_extraordinary_gazettes_2010s	2019-12-05-2019-12-05-2152-48-ta	2019-12-05-2152-48-ta	2019-12-05	Sabaragamuwa  Provincial Council   -  By-Laws of  Embilipitiya    Pradeshiya Sabha	https://documents.gov.lk/view/extra-gazettes/egz_2019.html	ta	https://documents.gov.lk/view/extra-gazettes/2019/12/2152-48_T.pdf	2152/48
lk_extraordinary_gazettes_2010s	2019-12-05-2019-12-05-2152-48-si	2019-12-05-2152-48-si	2019-12-05	Sabaragamuwa  Provincial Council   -  By-Laws of  Embilipitiya    Pradeshiya Sabha	https://documents.gov.lk/view/extra-gazettes/egz_2019.html	si	https://documents.gov.lk/view/extra-gazettes/2019/12/2152-48_S.pdf	2152/48
lk_extraordinary_gazettes_2010s	2019-12-05-2019-12-05-2152-48-en	2019-12-05-2152-48-en	2019-12-05	Sabaragamuwa  Provincial Council   -  By-Laws of  Embilipitiya    Pradeshiya Sabha	https://documents.gov.lk/view/extra-gazettes/egz_2019.html	en	https://documents.gov.lk/view/extra-gazettes/2019/12/2152-48_E.pdf	2152/48
lk_extraordinary_gazettes_2010s	2019-12-05-2019-12-05-2152-47-ta	2019-12-05-2152-47-ta	2019-12-05	Sabaragamuwa  Provincial Council   -  By-Laws of  Weligepola   Pradeshiya Sabha	https://documents.gov.lk/view/extra-gazettes/egz_2019.html	ta	https://documents.gov.lk/view/extra-gazettes/2019/12/2152-47_T.pdf	2152/47
lk_extraordinary_gazettes_2010s	2019-12-05-2019-12-05-2152-47-si	2019-12-05-2152-47-si	2019-12-05	Sabaragamuwa  Provincial Council   -  By-Laws of  Weligepola   Pradeshiya Sabha	https://documents.gov.lk/view/extra-gazettes/egz_2019.html	si	https://documents.gov.lk/view/extra-gazettes/2019/12/2152-47_S.pdf	2152/47
lk_extraordinary_gazettes_2010s	2019-12-05-2019-12-05-2152-47-en	2019-12-05-2152-47-en	2019-12-05	Sabaragamuwa  Provincial Council   -  By-Laws of  Weligepola   Pradeshiya Sabha	https://documents.gov.lk/view/extra-gazettes/egz_2019.html	en	https://documents.gov.lk/view/extra-gazettes/2019/12/2152-47_E.pdf	2152/47
lk_extraordinary_gazettes_2010s	2019-12-05-2019-12-05-2152-46-ta	2019-12-05-2152-46-ta	2019-12-05	Sabaragamuwa  Provincial Council   -  By-Laws of Imbulpe  Pradeshiya Sabha	https://documents.gov.lk/view/extra-gazettes/egz_2019.html	ta	https://documents.gov.lk/view/extra-gazettes/2019/12/2152-46_T.pdf	2152/46
lk_extraordinary_gazettes_2010s	2019-12-05-2019-12-05-2152-46-si	2019-12-05-2152-46-si	2019-12-05	Sabaragamuwa  Provincial Council   -  By-Laws of Imbulpe  Pradeshiya Sabha	https://documents.gov.lk/view/extra-gazettes/egz_2019.html	si	https://documents.gov.lk/view/extra-gazettes/2019/12/2152-46_S.pdf	2152/46
lk_extraordinary_gazettes_2010s	2019-12-05-2019-12-05-2152-46-en	2019-12-05-2152-46-en	2019-12-05	Sabaragamuwa  Provincial Council   -  By-Laws of Imbulpe  Pradeshiya Sabha	https://documents.gov.lk/view/extra-gazettes/egz_2019.html	en	https://documents.gov.lk/view/extra-gazettes/2019/12/2152-46_E.pdf	2152/46
lk_extraordinary_gazettes_2010s	2019-12-05-2019-12-05-2152-45-si	2019-12-05-2152-45-si	2019-12-05	Sabaragamuwa  Provincial Council   -  By-Laws of Balangoda  Pradeshiya Sabha	https://documents.gov.lk/view/extra-gazettes/egz_2019.html	si	https://documents.gov.lk/view/extra-gazettes/2019/12/2152-45_S.pdf	2152/45
lk_extraordinary_gazettes_2010s	2019-12-05-2019-12-05-2152-45-en	2019-12-05-2152-45-en	2019-12-05	Sabaragamuwa  Provincial Council   -  By-Laws of Balangoda  Pradeshiya Sabha	https://documents.gov.lk/view/extra-gazettes/egz_2019.html	en	https://documents.gov.lk/view/extra-gazettes/2019/12/2152-45_E.pdf	2152/45
lk_extraordinary_gazettes_2010s	2019-12-05-2019-12-05-2152-44-ta	2019-12-05-2152-44-ta	2019-12-05	Sabaragamuwa  Provincial Council   -  By-Laws of Kahawattha Pradeshiya Sabha	https://documents.gov.lk/view/extra-gazettes/egz_2019.html	ta	https://documents.gov.lk/view/extra-gazettes/2019/12/2152-44_T.pdf	2152/44
lk_extraordinary_gazettes_2010s	2019-12-05-2019-12-05-2152-44-si	2019-12-05-2152-44-si	2019-12-05	Sabaragamuwa  Provincial Council   -  By-Laws of Kahawattha Pradeshiya Sabha	https://documents.gov.lk/view/extra-gazettes/egz_2019.html	si	https://documents.gov.lk/view/extra-gazettes/2019/12/2152-44_S.pdf	2152/44
lk_extraordinary_gazettes_2010s	2019-12-05-2019-12-05-2152-44-en	2019-12-05-2152-44-en	2019-12-05	Sabaragamuwa  Provincial Council   -  By-Laws of Kahawattha Pradeshiya Sabha	https://documents.gov.lk/view/extra-gazettes/egz_2019.html	en	https://documents.gov.lk/view/extra-gazettes/2019/12/2152-44_E.pdf	2152/44
lk_extraordinary_gazettes_2010s	2019-12-05-2019-12-05-2152-43-ta	2019-12-05-2152-43-ta	2019-12-05	Sabaragamuwa  Provincial Council   -  By-Laws of Pelmadulla Pradeshiya Sabha	https://documents.gov.lk/view/extra-gazettes/egz_2019.html	ta	https://documents.gov.lk/view/extra-gazettes/2019/12/2152-43_T.pdf	2152/43
lk_extraordinary_gazettes_2010s	2019-12-05-2019-12-05-2152-43-si	2019-12-05-2152-43-si	2019-12-05	Sabaragamuwa  Provincial Council   -  By-Laws of Pelmadulla Pradeshiya Sabha	https://documents.gov.lk/view/extra-gazettes/egz_2019.html	si	https://documents.gov.lk/view/extra-gazettes/2019/12/2152-43_S.pdf	2152/43
lk_extraordinary_gazettes_2010s	2019-12-05-2019-12-05-2152-43-en	2019-12-05-2152-43-en	2019-12-05	Sabaragamuwa  Provincial Council   -  By-Laws of Pelmadulla Pradeshiya Sabha	https://documents.gov.lk/view/extra-gazettes/egz_2019.html	en	https://documents.gov.lk/view/extra-gazettes/2019/12/2152-43_E.pdf	2152/43
lk_extraordinary_gazettes_2010s	2019-12-05-2019-12-05-2152-42-ta	2019-12-05-2152-42-ta	2019-12-05	Sabaragamuwa  Provincial Council   -  By-Laws of Godakawela Pradeshiya Sabha	https://documents.gov.lk/view/extra-gazettes/egz_2019.html	ta	https://documents.gov.lk/view/extra-gazettes/2019/12/2152-42_T.pdf	2152/42
lk_extraordinary_gazettes_2010s	2019-12-05-2019-12-05-2152-42-si	2019-12-05-2152-42-si	2019-12-05	Sabaragamuwa  Provincial Council   -  By-Laws of Godakawela Pradeshiya Sabha	https://documents.gov.lk/view/extra-gazettes/egz_2019.html	si	https://documents.gov.lk/view/extra-gazettes/2019/12/2152-42_S.pdf	2152/42
lk_extraordinary_gazettes_2010s	2019-12-05-2019-12-05-2152-42-en	2019-12-05-2152-42-en	2019-12-05	Sabaragamuwa  Provincial Council   -  By-Laws of Godakawela Pradeshiya Sabha	https://documents.gov.lk/view/extra-gazettes/egz_2019.html	en	https://documents.gov.lk/view/extra-gazettes/2019/12/2152-42_E.pdf	2152/42
lk_extraordinary_gazettes_2010s	2019-12-05-2019-12-05-2152-41-ta	2019-12-05-2152-41-ta	2019-12-05	Sabaragamuwa  Provincial Council   -  By-Laws of  Rathnapura  Pradeshiya Sabha	https://documents.gov.lk/view/extra-gazettes/egz_2019.html	ta	https://documents.gov.lk/view/extra-gazettes/2019/12/2152-41_T.pdf	2152/41
lk_extraordinary_gazettes_2010s	2019-12-05-2019-12-05-2152-41-si	2019-12-05-2152-41-si	2019-12-05	Sabaragamuwa  Provincial Council   -  By-Laws of  Rathnapura  Pradeshiya Sabha	https://documents.gov.lk/view/extra-gazettes/egz_2019.html	si	https://documents.gov.lk/view/extra-gazettes/2019/12/2152-41_S.pdf	2152/41
lk_extraordinary_gazettes_2010s	2019-12-05-2019-12-05-2152-41-en	2019-12-05-2152-41-en	2019-12-05	Sabaragamuwa  Provincial Council   -  By-Laws of  Rathnapura  Pradeshiya Sabha	https://documents.gov.lk/view/extra-gazettes/egz_2019.html	en	https://documents.gov.lk/view/extra-gazettes/2019/12/2152-41_E.pdf	2152/41
lk_extraordinary_gazettes_2010s	2019-12-05-2019-12-05-2152-40-ta	2019-12-05-2152-40-ta	2019-12-05	Sabaragamuwa  Provincial Council   -  By-Laws of  Nivithigala  Pradeshiya Sabha	https://documents.gov.lk/view/extra-gazettes/egz_2019.html	ta	https://documents.gov.lk/view/extra-gazettes/2019/12/2152-40_T.pdf	2152/40
lk_extraordinary_gazettes_2010s	2019-12-05-2019-12-05-2152-40-si	2019-12-05-2152-40-si	2019-12-05	Sabaragamuwa  Provincial Council   -  By-Laws of  Nivithigala  Pradeshiya Sabha	https://documents.gov.lk/view/extra-gazettes/egz_2019.html	si	https://documents.gov.lk/view/extra-gazettes/2019/12/2152-40_S.pdf	2152/40
lk_extraordinary_gazettes_2010s	2019-12-05-2019-12-05-2152-40-en	2019-12-05-2152-40-en	2019-12-05	Sabaragamuwa  Provincial Council   -  By-Laws of  Nivithigala  Pradeshiya Sabha	https://documents.gov.lk/view/extra-gazettes/egz_2019.html	en	https://documents.gov.lk/view/extra-gazettes/2019/12/2152-40_E.pdf	2152/40
lk_extraordinary_gazettes_2010s	2019-12-05-2019-12-05-2152-39-ta	2019-12-05-2152-39-ta	2019-12-05	Sabaragamuwa  Provincial Council   -  By-Laws of  Kalawana   Pradeshiya Sabha	https://documents.gov.lk/view/extra-gazettes/egz_2019.html	ta	https://documents.gov.lk/view/extra-gazettes/2019/12/2152-39_T.pdf	2152/39
lk_extraordinary_gazettes_2010s	2019-12-05-2019-12-05-2152-39-si	2019-12-05-2152-39-si	2019-12-05	Sabaragamuwa  Provincial Council   -  By-Laws of  Kalawana   Pradeshiya Sabha	https://documents.gov.lk/view/extra-gazettes/egz_2019.html	si	https://documents.gov.lk/view/extra-gazettes/2019/12/2152-39_S.pdf	2152/39
lk_extraordinary_gazettes_2010s	2019-12-05-2019-12-05-2152-39-en	2019-12-05-2152-39-en	2019-12-05	Sabaragamuwa  Provincial Council   -  By-Laws of  Kalawana   Pradeshiya Sabha	https://documents.gov.lk/view/extra-gazettes/egz_2019.html	en	https://documents.gov.lk/view/extra-gazettes/2019/12/2152-39_E.pdf	2152/39
lk_extraordinary_gazettes_2010s	2019-12-05-2019-12-05-2152-38-ta	2019-12-05-2152-38-ta	2019-12-05	Sabaragamuwa  Provincial Council   -  By-Laws of Kuruwila  Pradeshiya Sabha	https://documents.gov.lk/view/extra-gazettes/egz_2019.html	ta	https://documents.gov.lk/view/extra-gazettes/2019/12/2152-38_T.pdf	2152/38
lk_extraordinary_gazettes_2010s	2019-12-05-2019-12-05-2152-38-si	2019-12-05-2152-38-si	2019-12-05	Sabaragamuwa  Provincial Council   -  By-Laws of Kuruwila  Pradeshiya Sabha	https://documents.gov.lk/view/extra-gazettes/egz_2019.html	si	https://documents.gov.lk/view/extra-gazettes/2019/12/2152-38_S.pdf	2152/38
lk_extraordinary_gazettes_2010s	2019-12-05-2019-12-05-2152-38-en	2019-12-05-2152-38-en	2019-12-05	Sabaragamuwa  Provincial Council   -  By-Laws of Kuruwila  Pradeshiya Sabha	https://documents.gov.lk/view/extra-gazettes/egz_2019.html	en	https://documents.gov.lk/view/extra-gazettes/2019/12/2152-38_E.pdf	2152/38
lk_extraordinary_gazettes_2010s	2019-12-05-2019-12-05-2152-37-ta	2019-12-05-2152-37-ta	2019-12-05	Sabaragamuwa  Provincial Council   -  By-Laws of Eheliyagoda  Pradeshiya Sabha	https://documents.gov.lk/view/extra-gazettes/egz_2019.html	ta	https://documents.gov.lk/view/extra-gazettes/2019/12/2152-37_T.pdf	2152/37
lk_extraordinary_gazettes_2010s	2019-12-05-2019-12-05-2152-37-si	2019-12-05-2152-37-si	2019-12-05	Sabaragamuwa  Provincial Council   -  By-Laws of Eheliyagoda  Pradeshiya Sabha	https://documents.gov.lk/view/extra-gazettes/egz_2019.html	si	https://documents.gov.lk/view/extra-gazettes/2019/12/2152-37_S.pdf	2152/37
lk_extraordinary_gazettes_2010s	2019-12-05-2019-12-05-2152-37-en	2019-12-05-2152-37-en	2019-12-05	Sabaragamuwa  Provincial Council   -  By-Laws of Eheliyagoda  Pradeshiya Sabha	https://documents.gov.lk/view/extra-gazettes/egz_2019.html	en	https://documents.gov.lk/view/extra-gazettes/2019/12/2152-37_E.pdf	2152/37
lk_extraordinary_gazettes_2010s	2019-12-05-2019-12-05-2152-36-ta	2019-12-05-2152-36-ta	2019-12-05	Sabaragamuwa  Provincial Council   -  By-Laws of Embilipitiya Urban Council	https://documents.gov.lk/view/extra-gazettes/egz_2019.html	ta	https://documents.gov.lk/view/extra-gazettes/2019/12/2152-36_T.pdf	2152/36
lk_extraordinary_gazettes_2010s	2019-12-05-2019-12-05-2152-36-si	2019-12-05-2152-36-si	2019-12-05	Sabaragamuwa  Provincial Council   -  By-Laws of Embilipitiya Urban Council	https://documents.gov.lk/view/extra-gazettes/egz_2019.html	si	https://documents.gov.lk/view/extra-gazettes/2019/12/2152-36_S.pdf	2152/36
lk_extraordinary_gazettes_2010s	2019-12-05-2019-12-05-2152-36-en	2019-12-05-2152-36-en	2019-12-05	Sabaragamuwa  Provincial Council   -  By-Laws of Embilipitiya Urban Council	https://documents.gov.lk/view/extra-gazettes/egz_2019.html	en	https://documents.gov.lk/view/extra-gazettes/2019/12/2152-36_E.pdf	2152/36
lk_extraordinary_gazettes_2010s	2019-12-05-2019-12-05-2152-35-ta	2019-12-05-2152-35-ta	2019-12-05	Department of Fiscal Policy - The Finance Act - Commercial Hub Regulations of Sri Lanka No. 01 of 2019	https://documents.gov.lk/view/extra-gazettes/egz_2019.html	ta	https://documents.gov.lk/view/extra-gazettes/2019/12/2152-35_T.pdf	2152/35
lk_extraordinary_gazettes_2010s	2019-12-05-2019-12-05-2152-35-si	2019-12-05-2152-35-si	2019-12-05	Department of Fiscal Policy - The Finance Act - Commercial Hub Regulations of Sri Lanka No. 01 of 2019	https://documents.gov.lk/view/extra-gazettes/egz_2019.html	si	https://documents.gov.lk/view/extra-gazettes/2019/12/2152-35_S.pdf	2152/35
lk_extraordinary_gazettes_2010s	2019-12-05-2019-12-05-2152-35-en	2019-12-05-2152-35-en	2019-12-05	Department of Fiscal Policy - The Finance Act - Commercial Hub Regulations of Sri Lanka No. 01 of 2019	https://documents.gov.lk/view/extra-gazettes/egz_2019.html	en	https://documents.gov.lk/view/extra-gazettes/2019/12/2152-35_E.pdf	2152/35
lk_extraordinary_gazettes_2010s	2019-12-05-2019-12-05-2152-34-ta	2019-12-05-2152-34-ta	2019-12-05	Sabaragamuwa Provincial Council  -   By laws of Balangoda Urban  Council	https://documents.gov.lk/view/extra-gazettes/egz_2019.html	ta	https://documents.gov.lk/view/extra-gazettes/2019/12/2152-34_T.pdf	2152/34
lk_extraordinary_gazettes_2010s	2019-12-05-2019-12-05-2152-34-si	2019-12-05-2152-34-si	2019-12-05	Sabaragamuwa Provincial Council  -   By laws of Balangoda Urban  Council	https://documents.gov.lk/view/extra-gazettes/egz_2019.html	si	https://documents.gov.lk/view/extra-gazettes/2019/12/2152-34_S.pdf	2152/34
lk_extraordinary_gazettes_2010s	2019-12-05-2019-12-05-2152-34-en	2019-12-05-2152-34-en	2019-12-05	Sabaragamuwa Provincial Council  -   By laws of Balangoda Urban  Council	https://documents.gov.lk/view/extra-gazettes/egz_2019.html	en	https://documents.gov.lk/view/extra-gazettes/2019/12/2152-34_E.pdf	2152/34
lk_extraordinary_gazettes_2010s	2019-12-05-2019-12-05-2152-33-ta	2019-12-05-2152-33-ta	2019-12-05	Land Acquisition -  Compensations for the acquisitions of the lands in  Mahara D/S Division, Gampaha District	https://documents.gov.lk/view/extra-gazettes/egz_2019.html	ta	https://documents.gov.lk/view/extra-gazettes/2019/12/2152-33_T.pdf	2152/33
lk_extraordinary_gazettes_2010s	2019-12-05-2019-12-05-2152-33-si	2019-12-05-2152-33-si	2019-12-05	Land Acquisition -  Compensations for the acquisitions of the lands in  Mahara D/S Division, Gampaha District	https://documents.gov.lk/view/extra-gazettes/egz_2019.html	si	https://documents.gov.lk/view/extra-gazettes/2019/12/2152-33_S.pdf	2152/33
lk_extraordinary_gazettes_2010s	2019-12-05-2019-12-05-2152-33-en	2019-12-05-2152-33-en	2019-12-05	Land Acquisition -  Compensations for the acquisitions of the lands in  Mahara D/S Division, Gampaha District	https://documents.gov.lk/view/extra-gazettes/egz_2019.html	en	https://documents.gov.lk/view/extra-gazettes/2019/12/2152-33_E.pdf	2152/33
lk_extraordinary_gazettes_2010s	2019-12-05-2019-12-05-2152-32-ta	2019-12-05-2152-32-ta	2019-12-05	Dept. of Fiscal Policy  -  Ports and Airports Development Levy Act No.18 of 2011 - Order under section 03	https://documents.gov.lk/view/extra-gazettes/egz_2019.html	ta	https://documents.gov.lk/view/extra-gazettes/2019/12/2152-32_T.pdf	2152/32
lk_extraordinary_gazettes_2010s	2019-12-05-2019-12-05-2152-32-si	2019-12-05-2152-32-si	2019-12-05	Dept. of Fiscal Policy  -  Ports and Airports Development Levy Act No.18 of 2011 - Order under section 03	https://documents.gov.lk/view/extra-gazettes/egz_2019.html	si	https://documents.gov.lk/view/extra-gazettes/2019/12/2152-32_S.pdf	2152/32
lk_extraordinary_gazettes_2010s	2019-12-05-2019-12-05-2152-32-en	2019-12-05-2152-32-en	2019-12-05	Dept. of Fiscal Policy  -  Ports and Airports Development Levy Act No.18 of 2011 - Order under section 03	https://documents.gov.lk/view/extra-gazettes/egz_2019.html	en	https://documents.gov.lk/view/extra-gazettes/2019/12/2152-32_E.pdf	2152/32
lk_extraordinary_gazettes_2010s	2019-12-04-2019-12-04-2152-31-ta	2019-12-04-2152-31-ta	2019-12-04	Land Title Settlement Department - Amendment to the Gaz. Ex. No. 1685/5 of 21.12.2010, Moratuwa  D/S Division and other amendments	https://documents.gov.lk/view/extra-gazettes/egz_2019.html	ta	https://documents.gov.lk/view/extra-gazettes/2019/12/2152-31_T.pdf	2152/31
lk_extraordinary_gazettes_2010s	2019-12-04-2019-12-04-2152-31-si	2019-12-04-2152-31-si	2019-12-04	Land Title Settlement Department - Amendment to the Gaz. Ex. No. 1685/5 of 21.12.2010, Moratuwa  D/S Division and other amendments	https://documents.gov.lk/view/extra-gazettes/egz_2019.html	si	https://documents.gov.lk/view/extra-gazettes/2019/12/2152-31_S.pdf	2152/31
lk_extraordinary_gazettes_2010s	2019-12-04-2019-12-04-2152-31-en	2019-12-04-2152-31-en	2019-12-04	Land Title Settlement Department - Amendment to the Gaz. Ex. No. 1685/5 of 21.12.2010, Moratuwa  D/S Division and other amendments	https://documents.gov.lk/view/extra-gazettes/egz_2019.html	en	https://documents.gov.lk/view/extra-gazettes/2019/12/2152-31_E.pdf	2152/31
lk_extraordinary_gazettes_2010s	2019-12-04-2019-12-04-2152-30-ta	2019-12-04-2152-30-ta	2019-12-04	Land Title Settlement Department - Calling for claims to the land Parcels in Dehiwala, Kurunegala, Kandy  D/S Divisions etc.	https://documents.gov.lk/view/extra-gazettes/egz_2019.html	ta	https://documents.gov.lk/view/extra-gazettes/2019/12/2152-30_T.pdf	2152/30
lk_extraordinary_gazettes_2010s	2019-12-04-2019-12-04-2152-30-si	2019-12-04-2152-30-si	2019-12-04	Land Title Settlement Department - Calling for claims to the land Parcels in Dehiwala, Kurunegala, Kandy  D/S Divisions etc.	https://documents.gov.lk/view/extra-gazettes/egz_2019.html	si	https://documents.gov.lk/view/extra-gazettes/2019/12/2152-30_S.pdf	2152/30
lk_extraordinary_gazettes_2010s	2019-12-04-2019-12-04-2152-30-en	2019-12-04-2152-30-en	2019-12-04	Land Title Settlement Department - Calling for claims to the land Parcels in Dehiwala, Kurunegala, Kandy  D/S Divisions etc.	https://documents.gov.lk/view/extra-gazettes/egz_2019.html	en	https://documents.gov.lk/view/extra-gazettes/2019/12/2152-30_E.pdf	2152/30
lk_extraordinary_gazettes_2010s	2019-12-04-2019-12-04-2152-29-ta	2019-12-04-2152-29-ta	2019-12-04	Land Title Settlement Department - Calling for claims to the land Parcels in Homagama, Matara, Wariyapola  D/S Divisions etc.	https://documents.gov.lk/view/extra-gazettes/egz_2019.html	ta	https://documents.gov.lk/view/extra-gazettes/2019/12/2152-29_T.pdf	2152/29
lk_extraordinary_gazettes_2010s	2019-12-04-2019-12-04-2152-29-si	2019-12-04-2152-29-si	2019-12-04	Land Title Settlement Department - Calling for claims to the land Parcels in Homagama, Matara, Wariyapola  D/S Divisions etc.	https://documents.gov.lk/view/extra-gazettes/egz_2019.html	si	https://documents.gov.lk/view/extra-gazettes/2019/12/2152-29_S.pdf	2152/29
lk_extraordinary_gazettes_2010s	2019-12-04-2019-12-04-2152-29-en	2019-12-04-2152-29-en	2019-12-04	Land Title Settlement Department - Calling for claims to the land Parcels in Homagama, Matara, Wariyapola  D/S Divisions etc.	https://documents.gov.lk/view/extra-gazettes/egz_2019.html	en	https://documents.gov.lk/view/extra-gazettes/2019/12/2152-29_E.pdf	2152/29
lk_extraordinary_gazettes_2010s	2019-12-04-2019-12-04-2152-28-ta	2019-12-04-2152-28-ta	2019-12-04	Land Title Settlement Department - Calling for claims to land Parcel in Homagama D/S Division and other land parcels	https://documents.gov.lk/view/extra-gazettes/egz_2019.html	ta	https://documents.gov.lk/view/extra-gazettes/2019/12/2152-28_T.pdf	2152/28
lk_extraordinary_gazettes_2010s	2019-12-04-2019-12-04-2152-28-si	2019-12-04-2152-28-si	2019-12-04	Land Title Settlement Department - Calling for claims to land Parcel in Homagama D/S Division and other land parcels	https://documents.gov.lk/view/extra-gazettes/egz_2019.html	si	https://documents.gov.lk/view/extra-gazettes/2019/12/2152-28_S.pdf	2152/28
lk_extraordinary_gazettes_2010s	2019-12-04-2019-12-04-2152-28-en	2019-12-04-2152-28-en	2019-12-04	Land Title Settlement Department - Calling for claims to land Parcel in Homagama D/S Division and other land parcels	https://documents.gov.lk/view/extra-gazettes/egz_2019.html	en	https://documents.gov.lk/view/extra-gazettes/2019/12/2152-28_E.pdf	2152/28
lk_extraordinary_gazettes_2010s	2019-12-04-2019-12-04-2152-27-si	2019-12-04-2152-27-si	2019-12-04	Land Title Settlement Department - Andiambalama, Katana D/S Division, Gampaha District - Cad. Map No. 511201	https://documents.gov.lk/view/extra-gazettes/egz_2019.html	si	https://documents.gov.lk/view/extra-gazettes/2019/12/2152-27_S.pdf	2152/27
lk_extraordinary_gazettes_2010s	2019-12-04-2019-12-04-2152-27-en	2019-12-04-2152-27-en	2019-12-04	Land Title Settlement Department - Andiambalama, Katana D/S Division, Gampaha District - Cad. Map No. 511201	https://documents.gov.lk/view/extra-gazettes/egz_2019.html	en	https://documents.gov.lk/view/extra-gazettes/2019/12/2152-27_E.pdf	2152/27
lk_extraordinary_gazettes_2010s	2019-12-04-2019-12-04-2152-26-ta	2019-12-04-2152-26-ta	2019-12-04	Governor's Secretariat of Southern Province - Dismissals, from the membership of the Director Board	https://documents.gov.lk/view/extra-gazettes/egz_2019.html	ta	https://documents.gov.lk/view/extra-gazettes/2019/12/2152-26_T.pdf	2152/26
lk_extraordinary_gazettes_2010s	2019-12-04-2019-12-04-2152-26-si	2019-12-04-2152-26-si	2019-12-04	Governor's Secretariat of Southern Province - Dismissals, from the membership of the Director Board	https://documents.gov.lk/view/extra-gazettes/egz_2019.html	si	https://documents.gov.lk/view/extra-gazettes/2019/12/2152-26_S.pdf	2152/26
lk_extraordinary_gazettes_2010s	2019-12-04-2019-12-04-2152-26-en	2019-12-04-2152-26-en	2019-12-04	Governor's Secretariat of Southern Province - Dismissals, from the membership of the Director Board	https://documents.gov.lk/view/extra-gazettes/egz_2019.html	en	https://documents.gov.lk/view/extra-gazettes/2019/12/2152-26_E.pdf	2152/26
lk_extraordinary_gazettes_2010s	2019-12-04-2019-12-04-2152-25-ta	2019-12-04-2152-25-ta	2019-12-04	Land Title Settlement Department - Galgamuwa, Meerigama D/S Division, Gampaha District - Cad. Map No. 510247	https://documents.gov.lk/view/extra-gazettes/egz_2019.html	ta	https://documents.gov.lk/view/extra-gazettes/2019/12/2152-25_T.pdf	2152/25
lk_extraordinary_gazettes_2010s	2019-12-04-2019-12-04-2152-25-si	2019-12-04-2152-25-si	2019-12-04	Land Title Settlement Department - Galgamuwa, Meerigama D/S Division, Gampaha District - Cad. Map No. 510247	https://documents.gov.lk/view/extra-gazettes/egz_2019.html	si	https://documents.gov.lk/view/extra-gazettes/2019/12/2152-25_S.pdf	2152/25
lk_extraordinary_gazettes_2010s	2019-12-04-2019-12-04-2152-25-en	2019-12-04-2152-25-en	2019-12-04	Land Title Settlement Department - Galgamuwa, Meerigama D/S Division, Gampaha District - Cad. Map No. 510247	https://documents.gov.lk/view/extra-gazettes/egz_2019.html	en	https://documents.gov.lk/view/extra-gazettes/2019/12/2152-25_E.pdf	2152/25
lk_extraordinary_gazettes_2010s	2019-12-04-2019-12-04-2152-24-ta	2019-12-04-2152-24-ta	2019-12-04	Land Title Settlement Department - Mr. Lavinia, Rathmalana D/S Division, Colombo District - Cad. Map No. 521004	https://documents.gov.lk/view/extra-gazettes/egz_2019.html	ta	https://documents.gov.lk/view/extra-gazettes/2019/12/2152-24_T.pdf	2152/24
lk_extraordinary_gazettes_2010s	2019-12-04-2019-12-04-2152-24-si	2019-12-04-2152-24-si	2019-12-04	Land Title Settlement Department - Mr. Lavinia, Rathmalana D/S Division, Colombo District - Cad. Map No. 521004	https://documents.gov.lk/view/extra-gazettes/egz_2019.html	si	https://documents.gov.lk/view/extra-gazettes/2019/12/2152-24_S.pdf	2152/24
lk_extraordinary_gazettes_2010s	2019-12-04-2019-12-04-2152-24-en	2019-12-04-2152-24-en	2019-12-04	Land Title Settlement Department - Mr. Lavinia, Rathmalana D/S Division, Colombo District - Cad. Map No. 521004	https://documents.gov.lk/view/extra-gazettes/egz_2019.html	en	https://documents.gov.lk/view/extra-gazettes/2019/12/2152-24_E.pdf	2152/24
lk_extraordinary_gazettes_2010s	2019-12-04-2019-12-04-2152-23-ta	2019-12-04-2152-23-ta	2019-12-04	Land Title Settlement Department - Wattala, Wattala D/S Division, Gampaha District - Cad. Map No. 512000	https://documents.gov.lk/view/extra-gazettes/egz_2019.html	ta	https://documents.gov.lk/view/extra-gazettes/2019/12/2152-23_T.pdf	2152/23
lk_extraordinary_gazettes_2010s	2019-12-04-2019-12-04-2152-23-si	2019-12-04-2152-23-si	2019-12-04	Land Title Settlement Department - Wattala, Wattala D/S Division, Gampaha District - Cad. Map No. 512000	https://documents.gov.lk/view/extra-gazettes/egz_2019.html	si	https://documents.gov.lk/view/extra-gazettes/2019/12/2152-23_S.pdf	2152/23
lk_extraordinary_gazettes_2010s	2019-12-04-2019-12-04-2152-23-en	2019-12-04-2152-23-en	2019-12-04	Land Title Settlement Department - Wattala, Wattala D/S Division, Gampaha District - Cad. Map No. 512000	https://documents.gov.lk/view/extra-gazettes/egz_2019.html	en	https://documents.gov.lk/view/extra-gazettes/2019/12/2152-23_E.pdf	2152/23
lk_extraordinary_gazettes_2010s	2019-12-04-2019-12-04-2152-22-ta	2019-12-04-2152-22-ta	2019-12-04	Land Title Settlement Department - Wikiliya, Balangoda D/S Division, Rathnapura District - Cad. Map No. 620059	https://documents.gov.lk/view/extra-gazettes/egz_2019.html	ta	https://documents.gov.lk/view/extra-gazettes/2019/12/2152-22_T.pdf	2152/22
lk_extraordinary_gazettes_2010s	2019-12-04-2019-12-04-2152-22-si	2019-12-04-2152-22-si	2019-12-04	Land Title Settlement Department - Wikiliya, Balangoda D/S Division, Rathnapura District - Cad. Map No. 620059	https://documents.gov.lk/view/extra-gazettes/egz_2019.html	si	https://documents.gov.lk/view/extra-gazettes/2019/12/2152-22_S.pdf	2152/22
lk_extraordinary_gazettes_2010s	2019-12-04-2019-12-04-2152-22-en	2019-12-04-2152-22-en	2019-12-04	Land Title Settlement Department - Wikiliya, Balangoda D/S Division, Rathnapura District - Cad. Map No. 620059	https://documents.gov.lk/view/extra-gazettes/egz_2019.html	en	https://documents.gov.lk/view/extra-gazettes/2019/12/2152-22_E.pdf	2152/22
lk_extraordinary_gazettes_2010s	2019-12-04-2019-12-04-2152-21-ta	2019-12-04-2152-21-ta	2019-12-04	Land  Title Settlement Department - Rajanganaya-yaya 01, Rajanganaya D/S Division,  Anuradhapura District -  Cad. Map No. 11077	https://documents.gov.lk/view/extra-gazettes/egz_2019.html	ta	https://documents.gov.lk/view/extra-gazettes/2019/12/2152-21_T.pdf	2152/21
lk_extraordinary_gazettes_2010s	2019-12-04-2019-12-04-2152-21-si	2019-12-04-2152-21-si	2019-12-04	Land  Title Settlement Department - Rajanganaya-yaya 01, Rajanganaya D/S Division,  Anuradhapura District -  Cad. Map No. 11077	https://documents.gov.lk/view/extra-gazettes/egz_2019.html	si	https://documents.gov.lk/view/extra-gazettes/2019/12/2152-21_S.pdf	2152/21
lk_extraordinary_gazettes_2010s	2019-12-04-2019-12-04-2152-21-en	2019-12-04-2152-21-en	2019-12-04	Land  Title Settlement Department - Rajanganaya-yaya 01, Rajanganaya D/S Division,  Anuradhapura District -  Cad. Map No. 11077	https://documents.gov.lk/view/extra-gazettes/egz_2019.html	en	https://documents.gov.lk/view/extra-gazettes/2019/12/2152-21_E.pdf	2152/21
lk_extraordinary_gazettes_2010s	2019-12-04-2019-12-04-2152-20-ta	2019-12-04-2152-20-ta	2019-12-04	Land Acquisition - Getamanna, Beliattha D/S Division, Hambanthota District	https://documents.gov.lk/view/extra-gazettes/egz_2019.html	ta	https://documents.gov.lk/view/extra-gazettes/2019/12/2152-20_T.pdf	2152/20
lk_extraordinary_gazettes_2010s	2019-12-04-2019-12-04-2152-20-si	2019-12-04-2152-20-si	2019-12-04	Land Acquisition - Getamanna, Beliattha D/S Division, Hambanthota District	https://documents.gov.lk/view/extra-gazettes/egz_2019.html	si	https://documents.gov.lk/view/extra-gazettes/2019/12/2152-20_S.pdf	2152/20
lk_extraordinary_gazettes_2010s	2019-12-04-2019-12-04-2152-20-en	2019-12-04-2152-20-en	2019-12-04	Land Acquisition - Getamanna, Beliattha D/S Division, Hambanthota District	https://documents.gov.lk/view/extra-gazettes/egz_2019.html	en	https://documents.gov.lk/view/extra-gazettes/2019/12/2152-20_E.pdf	2152/20
lk_extraordinary_gazettes_2010s	2019-12-04-2019-12-04-2152-19-ta	2019-12-04-2152-19-ta	2019-12-04	Land Title Settlement Department - Panakawa, Galigamuwa D/S Division, Kegalle District - Cad. Map No. 610026	https://documents.gov.lk/view/extra-gazettes/egz_2019.html	ta	https://documents.gov.lk/view/extra-gazettes/2019/12/2152-19_T.pdf	2152/19
lk_extraordinary_gazettes_2010s	2019-12-04-2019-12-04-2152-19-si	2019-12-04-2152-19-si	2019-12-04	Land Title Settlement Department - Panakawa, Galigamuwa D/S Division, Kegalle District - Cad. Map No. 610026	https://documents.gov.lk/view/extra-gazettes/egz_2019.html	si	https://documents.gov.lk/view/extra-gazettes/2019/12/2152-19_S.pdf	2152/19
lk_extraordinary_gazettes_2010s	2019-12-04-2019-12-04-2152-19-en	2019-12-04-2152-19-en	2019-12-04	Land Title Settlement Department - Panakawa, Galigamuwa D/S Division, Kegalle District - Cad. Map No. 610026	https://documents.gov.lk/view/extra-gazettes/egz_2019.html	en	https://documents.gov.lk/view/extra-gazettes/2019/12/2152-19_E.pdf	2152/19
lk_extraordinary_gazettes_2010s	2019-12-04-2019-12-04-2152-18-ta	2019-12-04-2152-18-ta	2019-12-04	Land Title Settlement Department - Bathgampattuwa, Hingurakgoda D/S Division, Polonnaruwa District - Cad. Map No. 120136	https://documents.gov.lk/view/extra-gazettes/egz_2019.html	ta	https://documents.gov.lk/view/extra-gazettes/2019/12/2152-18_T.pdf	2152/18
lk_extraordinary_gazettes_2010s	2019-12-04-2019-12-04-2152-18-si	2019-12-04-2152-18-si	2019-12-04	Land Title Settlement Department - Bathgampattuwa, Hingurakgoda D/S Division, Polonnaruwa District - Cad. Map No. 120136	https://documents.gov.lk/view/extra-gazettes/egz_2019.html	si	https://documents.gov.lk/view/extra-gazettes/2019/12/2152-18_S.pdf	2152/18
lk_extraordinary_gazettes_2010s	2019-12-04-2019-12-04-2152-18-en	2019-12-04-2152-18-en	2019-12-04	Land Title Settlement Department - Bathgampattuwa, Hingurakgoda D/S Division, Polonnaruwa District - Cad. Map No. 120136	https://documents.gov.lk/view/extra-gazettes/egz_2019.html	en	https://documents.gov.lk/view/extra-gazettes/2019/12/2152-18_E.pdf	2152/18
lk_extraordinary_gazettes_2010s	2019-12-03-2019-12-03-2152-17-ta	2019-12-03-2152-17-ta	2019-12-03	Land Title Settlement Department - Borukgomuwa, Meerigama D/S Division, Gampaha District - Cad. Map No. 510207	https://documents.gov.lk/view/extra-gazettes/egz_2019.html	ta	https://documents.gov.lk/view/extra-gazettes/2019/12/2152-17_T.pdf	2152/17
lk_extraordinary_gazettes_2010s	2019-12-03-2019-12-03-2152-17-si	2019-12-03-2152-17-si	2019-12-03	Land Title Settlement Department - Borukgomuwa, Meerigama D/S Division, Gampaha District - Cad. Map No. 510207	https://documents.gov.lk/view/extra-gazettes/egz_2019.html	si	https://documents.gov.lk/view/extra-gazettes/2019/12/2152-17_S.pdf	2152/17
lk_extraordinary_gazettes_2010s	2019-12-03-2019-12-03-2152-17-en	2019-12-03-2152-17-en	2019-12-03	Land Title Settlement Department - Borukgomuwa, Meerigama D/S Division, Gampaha District - Cad. Map No. 510207	https://documents.gov.lk/view/extra-gazettes/egz_2019.html	en	https://documents.gov.lk/view/extra-gazettes/2019/12/2152-17_E.pdf	2152/17
lk_extraordinary_gazettes_2010s	2019-12-03-2019-12-03-2152-16-ta	2019-12-03-2152-16-ta	2019-12-03	Land Title Settlement Department - Pilikuttuwa, Mahara D/S Division, Gampaha District - Cad. Map No. 510800	https://documents.gov.lk/view/extra-gazettes/egz_2019.html	ta	https://documents.gov.lk/view/extra-gazettes/2019/12/2152-16_T.pdf	2152/16
lk_extraordinary_gazettes_2010s	2019-12-03-2019-12-03-2152-16-si	2019-12-03-2152-16-si	2019-12-03	Land Title Settlement Department - Pilikuttuwa, Mahara D/S Division, Gampaha District - Cad. Map No. 510800	https://documents.gov.lk/view/extra-gazettes/egz_2019.html	si	https://documents.gov.lk/view/extra-gazettes/2019/12/2152-16_S.pdf	2152/16
lk_extraordinary_gazettes_2010s	2019-12-03-2019-12-03-2152-16-en	2019-12-03-2152-16-en	2019-12-03	Land Title Settlement Department - Pilikuttuwa, Mahara D/S Division, Gampaha District - Cad. Map No. 510800	https://documents.gov.lk/view/extra-gazettes/egz_2019.html	en	https://documents.gov.lk/view/extra-gazettes/2019/12/2152-16_E.pdf	2152/16
lk_extraordinary_gazettes_2010s	2019-12-03-2019-12-03-2152-15-ta	2019-12-03-2152-15-ta	2019-12-03	Land Title Settlement Department - Mudduwa, Rathnapura D/S Division, Rathnapura District - Cad. Map No. 620278	https://documents.gov.lk/view/extra-gazettes/egz_2019.html	ta	https://documents.gov.lk/view/extra-gazettes/2019/12/2152-15_T.pdf	2152/15
lk_extraordinary_gazettes_2010s	2019-12-03-2019-12-03-2152-15-si	2019-12-03-2152-15-si	2019-12-03	Land Title Settlement Department - Mudduwa, Rathnapura D/S Division, Rathnapura District - Cad. Map No. 620278	https://documents.gov.lk/view/extra-gazettes/egz_2019.html	si	https://documents.gov.lk/view/extra-gazettes/2019/12/2152-15_S.pdf	2152/15
lk_extraordinary_gazettes_2010s	2019-12-03-2019-12-03-2152-15-en	2019-12-03-2152-15-en	2019-12-03	Land Title Settlement Department - Mudduwa, Rathnapura D/S Division, Rathnapura District - Cad. Map No. 620278	https://documents.gov.lk/view/extra-gazettes/egz_2019.html	en	https://documents.gov.lk/view/extra-gazettes/2019/12/2152-15_E.pdf	2152/15
lk_extraordinary_gazettes_2010s	2019-12-03-2019-12-03-2152-14-ta	2019-12-03-2152-14-ta	2019-12-03	Governor's office of Western Province - Matters/Allegations to be inquired in relation to Wattala-Mabola Urban Council	https://documents.gov.lk/view/extra-gazettes/egz_2019.html	ta	https://documents.gov.lk/view/extra-gazettes/2019/12/2152-14_T.pdf	2152/14
lk_extraordinary_gazettes_2010s	2019-12-03-2019-12-03-2152-14-si	2019-12-03-2152-14-si	2019-12-03	Governor's office of Western Province - Matters/Allegations to be inquired in relation to Wattala-Mabola Urban Council	https://documents.gov.lk/view/extra-gazettes/egz_2019.html	si	https://documents.gov.lk/view/extra-gazettes/2019/12/2152-14_S.pdf	2152/14
lk_extraordinary_gazettes_2010s	2019-12-03-2019-12-03-2152-14-en	2019-12-03-2152-14-en	2019-12-03	Governor's office of Western Province - Matters/Allegations to be inquired in relation to Wattala-Mabola Urban Council	https://documents.gov.lk/view/extra-gazettes/egz_2019.html	en	https://documents.gov.lk/view/extra-gazettes/2019/12/2152-14_E.pdf	2152/14
lk_extraordinary_gazettes_2010s	2019-12-03-2019-12-03-2152-13-ta	2019-12-03-2152-13-ta	2019-12-03	Department of Fiscal Policy -  Excise Duty on locally produced wine w.e.f. 03.12.2019	https://documents.gov.lk/view/extra-gazettes/egz_2019.html	ta	https://documents.gov.lk/view/extra-gazettes/2019/12/2152-13_T.pdf	2152/13
lk_extraordinary_gazettes_2010s	2019-12-03-2019-12-03-2152-13-si	2019-12-03-2152-13-si	2019-12-03	Department of Fiscal Policy -  Excise Duty on locally produced wine w.e.f. 03.12.2019	https://documents.gov.lk/view/extra-gazettes/egz_2019.html	si	https://documents.gov.lk/view/extra-gazettes/2019/12/2152-13_S.pdf	2152/13
lk_extraordinary_gazettes_2010s	2019-12-03-2019-12-03-2152-13-en	2019-12-03-2152-13-en	2019-12-03	Department of Fiscal Policy -  Excise Duty on locally produced wine w.e.f. 03.12.2019	https://documents.gov.lk/view/extra-gazettes/egz_2019.html	en	https://documents.gov.lk/view/extra-gazettes/2019/12/2152-13_E.pdf	2152/13
lk_extraordinary_gazettes_2010s	2019-12-03-2019-12-03-2152-12-ta	2019-12-03-2152-12-ta	2019-12-03	Department of Fiscal Policy  -  Excise Duty on Foreign Liquor w.e.f.  03.12.2019	https://documents.gov.lk/view/extra-gazettes/egz_2019.html	ta	https://documents.gov.lk/view/extra-gazettes/2019/12/2152-12_T.pdf	2152/12
lk_extraordinary_gazettes_2010s	2019-12-03-2019-12-03-2152-12-si	2019-12-03-2152-12-si	2019-12-03	Department of Fiscal Policy  -  Excise Duty on Foreign Liquor w.e.f.  03.12.2019	https://documents.gov.lk/view/extra-gazettes/egz_2019.html	si	https://documents.gov.lk/view/extra-gazettes/2019/12/2152-12_S.pdf	2152/12
lk_extraordinary_gazettes_2010s	2019-12-03-2019-12-03-2152-12-en	2019-12-03-2152-12-en	2019-12-03	Department of Fiscal Policy  -  Excise Duty on Foreign Liquor w.e.f.  03.12.2019	https://documents.gov.lk/view/extra-gazettes/egz_2019.html	en	https://documents.gov.lk/view/extra-gazettes/2019/12/2152-12_E.pdf	2152/12
lk_extraordinary_gazettes_2010s	2019-12-03-2019-12-03-2152-11-ta	2019-12-03-2152-11-ta	2019-12-03	Dept. of Fiscal Policy - Excise Duty on Liquor,  with effect from 03.19.2019	https://documents.gov.lk/view/extra-gazettes/egz_2019.html	ta	https://documents.gov.lk/view/extra-gazettes/2019/12/2152-11_T.pdf	2152/11
lk_extraordinary_gazettes_2010s	2019-12-03-2019-12-03-2152-11-si	2019-12-03-2152-11-si	2019-12-03	Dept. of Fiscal Policy - Excise Duty on Liquor,  with effect from 03.19.2019	https://documents.gov.lk/view/extra-gazettes/egz_2019.html	si	https://documents.gov.lk/view/extra-gazettes/2019/12/2152-11_S.pdf	2152/11
lk_extraordinary_gazettes_2010s	2019-12-03-2019-12-03-2152-11-en	2019-12-03-2152-11-en	2019-12-03	Dept. of Fiscal Policy - Excise Duty on Liquor,  with effect from 03.19.2019	https://documents.gov.lk/view/extra-gazettes/egz_2019.html	en	https://documents.gov.lk/view/extra-gazettes/2019/12/2152-11_E.pdf	2152/11
lk_extraordinary_gazettes_2010s	2019-12-03-2019-12-03-2152-10-ta	2019-12-03-2152-10-ta	2019-12-03	Land Acquisition - Compensation for the acquisition of the lands in Kolonnawa D/S Division, Colombo District	https://documents.gov.lk/view/extra-gazettes/egz_2019.html	ta	https://documents.gov.lk/view/extra-gazettes/2019/12/2152-10_T.pdf	2152/10
lk_extraordinary_gazettes_2010s	2019-12-03-2019-12-03-2152-10-si	2019-12-03-2152-10-si	2019-12-03	Land Acquisition - Compensation for the acquisition of the lands in Kolonnawa D/S Division, Colombo District	https://documents.gov.lk/view/extra-gazettes/egz_2019.html	si	https://documents.gov.lk/view/extra-gazettes/2019/12/2152-10_S.pdf	2152/10
lk_extraordinary_gazettes_2010s	2019-12-03-2019-12-03-2152-10-en	2019-12-03-2152-10-en	2019-12-03	Land Acquisition - Compensation for the acquisition of the lands in Kolonnawa D/S Division, Colombo District	https://documents.gov.lk/view/extra-gazettes/egz_2019.html	en	https://documents.gov.lk/view/extra-gazettes/2019/12/2152-10_E.pdf	2152/10
lk_extraordinary_gazettes_2010s	2019-12-03-2019-12-03-2152-09-ta	2019-12-03-2152-09-ta	2019-12-03	Election Commission   -  Declare that T. Sujivan and T. Victor Raj as Member of the Vavuniya (Tamil) South Pradeshiya Sabha	https://documents.gov.lk/view/extra-gazettes/egz_2019.html	ta	https://documents.gov.lk/view/extra-gazettes/2019/12/2152-09_T.pdf	2152/09
lk_extraordinary_gazettes_2010s	2019-12-03-2019-12-03-2152-09-si	2019-12-03-2152-09-si	2019-12-03	Election Commission   -  Declare that T. Sujivan and T. Victor Raj as Member of the Vavuniya (Tamil) South Pradeshiya Sabha	https://documents.gov.lk/view/extra-gazettes/egz_2019.html	si	https://documents.gov.lk/view/extra-gazettes/2019/12/2152-09_S.pdf	2152/09
lk_extraordinary_gazettes_2010s	2019-12-03-2019-12-03-2152-09-en	2019-12-03-2152-09-en	2019-12-03	Election Commission   -  Declare that T. Sujivan and T. Victor Raj as Member of the Vavuniya (Tamil) South Pradeshiya Sabha	https://documents.gov.lk/view/extra-gazettes/egz_2019.html	en	https://documents.gov.lk/view/extra-gazettes/2019/12/2152-09_E.pdf	2152/09
lk_extraordinary_gazettes_2010s	2019-12-03-2019-12-03-2152-08-ta	2019-12-03-2152-08-ta	2019-12-03	Election Commission -  Declare that Wijayakumar Joel Niroshan as a member of the Vavuniya Urban  Council	https://documents.gov.lk/view/extra-gazettes/egz_2019.html	ta	https://documents.gov.lk/view/extra-gazettes/2019/12/2152-08_T.pdf	2152/08
lk_extraordinary_gazettes_2010s	2019-12-03-2019-12-03-2152-08-si	2019-12-03-2152-08-si	2019-12-03	Election Commission -  Declare that Wijayakumar Joel Niroshan as a member of the Vavuniya Urban  Council	https://documents.gov.lk/view/extra-gazettes/egz_2019.html	si	https://documents.gov.lk/view/extra-gazettes/2019/12/2152-08_S.pdf	2152/08
lk_extraordinary_gazettes_2010s	2019-12-03-2019-12-03-2152-08-en	2019-12-03-2152-08-en	2019-12-03	Election Commission -  Declare that Wijayakumar Joel Niroshan as a member of the Vavuniya Urban  Council	https://documents.gov.lk/view/extra-gazettes/egz_2019.html	en	https://documents.gov.lk/view/extra-gazettes/2019/12/2152-08_E.pdf	2152/08
lk_extraordinary_gazettes_2010s	2019-12-02-2019-12-02-2152-07-ta	2019-12-02-2152-07-ta	2019-12-02	Presidential Secretariat  - Prorogue the Parliament w.e.f. Midnight of the 02.12.2019 and hereby fix the 03.01.2020 at 10.00 a.m. for the Commencement of the next Session and summon the Parliament	https://documents.gov.lk/view/extra-gazettes/egz_2019.html	ta	https://documents.gov.lk/view/extra-gazettes/2019/12/2152-07_T.pdf	2152/07
lk_extraordinary_gazettes_2010s	2019-12-02-2019-12-02-2152-07-si	2019-12-02-2152-07-si	2019-12-02	Presidential Secretariat  - Prorogue the Parliament w.e.f. Midnight of the 02.12.2019 and hereby fix the 03.01.2020 at 10.00 a.m. for the Commencement of the next Session and summon the Parliament	https://documents.gov.lk/view/extra-gazettes/egz_2019.html	si	https://documents.gov.lk/view/extra-gazettes/2019/12/2152-07_S.pdf	2152/07
lk_extraordinary_gazettes_2010s	2019-12-02-2019-12-02-2152-07-en	2019-12-02-2152-07-en	2019-12-02	Presidential Secretariat  - Prorogue the Parliament w.e.f. Midnight of the 02.12.2019 and hereby fix the 03.01.2020 at 10.00 a.m. for the Commencement of the next Session and summon the Parliament	https://documents.gov.lk/view/extra-gazettes/egz_2019.html	en	https://documents.gov.lk/view/extra-gazettes/2019/12/2152-07_E.pdf	2152/07
lk_extraordinary_gazettes_2010s	2019-12-02-2019-12-02-2152-06-ta	2019-12-02-2152-06-ta	2019-12-02	Land Acquisition - Bope, Padukka D/S Division, Colombo District	https://documents.gov.lk/view/extra-gazettes/egz_2019.html	ta	https://documents.gov.lk/view/extra-gazettes/2019/12/2152-06_T.pdf	2152/06
lk_extraordinary_gazettes_2010s	2019-12-02-2019-12-02-2152-06-si	2019-12-02-2152-06-si	2019-12-02	Land Acquisition - Bope, Padukka D/S Division, Colombo District	https://documents.gov.lk/view/extra-gazettes/egz_2019.html	si	https://documents.gov.lk/view/extra-gazettes/2019/12/2152-06_S.pdf	2152/06
lk_extraordinary_gazettes_2010s	2019-12-02-2019-12-02-2152-06-en	2019-12-02-2152-06-en	2019-12-02	Land Acquisition - Bope, Padukka D/S Division, Colombo District	https://documents.gov.lk/view/extra-gazettes/egz_2019.html	en	https://documents.gov.lk/view/extra-gazettes/2019/12/2152-06_E.pdf	2152/06
lk_extraordinary_gazettes_2010s	2019-12-02-2019-12-02-2152-05-ta	2019-12-02-2152-05-ta	2019-12-02	Dept. of Local Government North Central Province -  Appointment  of  Mr. G. R. Gamlath as a Deputy Mayor for Polonnaruwa MC	https://documents.gov.lk/view/extra-gazettes/egz_2019.html	ta	https://documents.gov.lk/view/extra-gazettes/2019/12/2152-05_T.pdf	2152/05
lk_extraordinary_gazettes_2010s	2019-12-02-2019-12-02-2152-05-si	2019-12-02-2152-05-si	2019-12-02	Dept. of Local Government North Central Province -  Appointment  of  Mr. G. R. Gamlath as a Deputy Mayor for Polonnaruwa MC	https://documents.gov.lk/view/extra-gazettes/egz_2019.html	si	https://documents.gov.lk/view/extra-gazettes/2019/12/2152-05_S.pdf	2152/05
lk_extraordinary_gazettes_2010s	2019-12-02-2019-12-02-2152-05-en	2019-12-02-2152-05-en	2019-12-02	Dept. of Local Government North Central Province -  Appointment  of  Mr. G. R. Gamlath as a Deputy Mayor for Polonnaruwa MC	https://documents.gov.lk/view/extra-gazettes/egz_2019.html	en	https://documents.gov.lk/view/extra-gazettes/2019/12/2152-05_E.pdf	2152/05
lk_extraordinary_gazettes_2010s	2019-12-02-2019-12-02-2152-04-ta	2019-12-02-2152-04-ta	2019-12-02	Office of  the Governor - Uva Province -  Two Appointments has been made by the Governor of  the Uva-Province	https://documents.gov.lk/view/extra-gazettes/egz_2019.html	ta	https://documents.gov.lk/view/extra-gazettes/2019/12/2152-04_T.pdf	2152/04
lk_extraordinary_gazettes_2010s	2019-12-02-2019-12-02-2152-04-si	2019-12-02-2152-04-si	2019-12-02	Office of  the Governor - Uva Province -  Two Appointments has been made by the Governor of  the Uva-Province	https://documents.gov.lk/view/extra-gazettes/egz_2019.html	si	https://documents.gov.lk/view/extra-gazettes/2019/12/2152-04_S.pdf	2152/04
lk_extraordinary_gazettes_2010s	2019-12-02-2019-12-02-2152-04-en	2019-12-02-2152-04-en	2019-12-02	Office of  the Governor - Uva Province -  Two Appointments has been made by the Governor of  the Uva-Province	https://documents.gov.lk/view/extra-gazettes/egz_2019.html	en	https://documents.gov.lk/view/extra-gazettes/2019/12/2152-04_E.pdf	2152/04
lk_extraordinary_gazettes_2010s	2019-12-02-2019-12-02-2152-03-ta	2019-12-02-2152-03-ta	2019-12-02	Land Acquisition - Athulugama, Dehiowita D/S Division, Kegalle District	https://documents.gov.lk/view/extra-gazettes/egz_2019.html	ta	https://documents.gov.lk/view/extra-gazettes/2019/12/2152-03_T.pdf	2152/03
lk_extraordinary_gazettes_2010s	2019-12-02-2019-12-02-2152-03-si	2019-12-02-2152-03-si	2019-12-02	Land Acquisition - Athulugama, Dehiowita D/S Division, Kegalle District	https://documents.gov.lk/view/extra-gazettes/egz_2019.html	si	https://documents.gov.lk/view/extra-gazettes/2019/12/2152-03_S.pdf	2152/03
lk_extraordinary_gazettes_2010s	2019-12-02-2019-12-02-2152-03-en	2019-12-02-2152-03-en	2019-12-02	Land Acquisition - Athulugama, Dehiowita D/S Division, Kegalle District	https://documents.gov.lk/view/extra-gazettes/egz_2019.html	en	https://documents.gov.lk/view/extra-gazettes/2019/12/2152-03_E.pdf	2152/03
lk_extraordinary_gazettes_2010s	2019-12-02-2019-12-02-2152-02-ta	2019-12-02-2152-02-ta	2019-12-02	Land Acquisition - Compensation for the acquisitions of the lands in Imbulpe D/S Division, Rathnapura District	https://documents.gov.lk/view/extra-gazettes/egz_2019.html	ta	https://documents.gov.lk/view/extra-gazettes/2019/12/2152-02_T.pdf	2152/02
lk_extraordinary_gazettes_2010s	2019-12-02-2019-12-02-2152-02-si	2019-12-02-2152-02-si	2019-12-02	Land Acquisition - Compensation for the acquisitions of the lands in Imbulpe D/S Division, Rathnapura District	https://documents.gov.lk/view/extra-gazettes/egz_2019.html	si	https://documents.gov.lk/view/extra-gazettes/2019/12/2152-02_S.pdf	2152/02
lk_extraordinary_gazettes_2010s	2019-12-02-2019-12-02-2152-02-en	2019-12-02-2152-02-en	2019-12-02	Land Acquisition - Compensation for the acquisitions of the lands in Imbulpe D/S Division, Rathnapura District	https://documents.gov.lk/view/extra-gazettes/egz_2019.html	en	https://documents.gov.lk/view/extra-gazettes/2019/12/2152-02_E.pdf	2152/02
lk_extraordinary_gazettes_2010s	2019-12-02-2019-12-02-2152-01-ta	2019-12-02-2152-01-ta	2019-12-02	Sri Lanka Customs  -  Rates of  Exchange  effective from 02/12/2019 to 08/12/2019	https://documents.gov.lk/view/extra-gazettes/egz_2019.html	ta	https://documents.gov.lk/view/extra-gazettes/2019/12/2152-01_T.pdf	2152/01
lk_extraordinary_gazettes_2010s	2019-12-02-2019-12-02-2152-01-si	2019-12-02-2152-01-si	2019-12-02	Sri Lanka Customs  -  Rates of  Exchange  effective from 02/12/2019 to 08/12/2019	https://documents.gov.lk/view/extra-gazettes/egz_2019.html	si	https://documents.gov.lk/view/extra-gazettes/2019/12/2152-01_S.pdf	2152/01
lk_extraordinary_gazettes_2010s	2019-12-02-2019-12-02-2152-01-en	2019-12-02-2152-01-en	2019-12-02	Sri Lanka Customs  -  Rates of  Exchange  effective from 02/12/2019 to 08/12/2019	https://documents.gov.lk/view/extra-gazettes/egz_2019.html	en	https://documents.gov.lk/view/extra-gazettes/2019/12/2152-01_E.pdf	2152/01
lk_extraordinary_gazettes_2010s	2019-12-01-2019-12-01-2151-60-ta	2019-12-01-2151-60-ta	2019-12-01	Dept. of Fiscal Policy  - Declare  the rate of Excise Duty on Cigars, Tobacco or Tobacco Substitutions w.e.f. 01.12.2019	https://documents.gov.lk/view/extra-gazettes/egz_2019.html	ta	https://documents.gov.lk/view/extra-gazettes/2019/12/2151-60_T.pdf	2151/60
lk_extraordinary_gazettes_2010s	2019-12-01-2019-12-01-2151-60-si	2019-12-01-2151-60-si	2019-12-01	Dept. of Fiscal Policy  - Declare  the rate of Excise Duty on Cigars, Tobacco or Tobacco Substitutions w.e.f. 01.12.2019	https://documents.gov.lk/view/extra-gazettes/egz_2019.html	si	https://documents.gov.lk/view/extra-gazettes/2019/12/2151-60_S.pdf	2151/60
lk_extraordinary_gazettes_2010s	2019-12-01-2019-12-01-2151-60-en	2019-12-01-2151-60-en	2019-12-01	Dept. of Fiscal Policy  - Declare  the rate of Excise Duty on Cigars, Tobacco or Tobacco Substitutions w.e.f. 01.12.2019	https://documents.gov.lk/view/extra-gazettes/egz_2019.html	en	https://documents.gov.lk/view/extra-gazettes/2019/12/2151-60_E.pdf	2151/60
lk_extraordinary_gazettes_2010s	2019-11-30-2019-11-30-2151-59-ta	2019-11-30-2151-59-ta	2019-11-30	Central Bank of Sri Lanka  - Balance sheet as at 31st October 2019	https://documents.gov.lk/view/extra-gazettes/egz_2019.html	ta	https://documents.gov.lk/view/extra-gazettes/2019/11/2151-59_T.pdf	2151/59
lk_extraordinary_gazettes_2010s	2019-11-30-2019-11-30-2151-59-si	2019-11-30-2151-59-si	2019-11-30	Central Bank of Sri Lanka  - Balance sheet as at 31st October 2019	https://documents.gov.lk/view/extra-gazettes/egz_2019.html	si	https://documents.gov.lk/view/extra-gazettes/2019/11/2151-59_S.pdf	2151/59
lk_extraordinary_gazettes_2010s	2019-11-30-2019-11-30-2151-59-en	2019-11-30-2151-59-en	2019-11-30	Central Bank of Sri Lanka  - Balance sheet as at 31st October 2019	https://documents.gov.lk/view/extra-gazettes/egz_2019.html	en	https://documents.gov.lk/view/extra-gazettes/2019/11/2151-59_E.pdf	2151/59
lk_extraordinary_gazettes_2010s	2019-11-29-2019-11-29-2151-58-ta	2019-11-29-2151-58-ta	2019-11-29	Consumer Affairs Authority - Directs for Lunch Sheets, effect from 01.06.2020	https://documents.gov.lk/view/extra-gazettes/egz_2019.html	ta	https://documents.gov.lk/view/extra-gazettes/2019/11/2151-58_T.pdf	2151/58
lk_extraordinary_gazettes_2010s	2019-11-29-2019-11-29-2151-58-si	2019-11-29-2151-58-si	2019-11-29	Consumer Affairs Authority - Directs for Lunch Sheets, effect from 01.06.2020	https://documents.gov.lk/view/extra-gazettes/egz_2019.html	si	https://documents.gov.lk/view/extra-gazettes/2019/11/2151-58_S.pdf	2151/58
lk_extraordinary_gazettes_2010s	2019-11-29-2019-11-29-2151-58-en	2019-11-29-2151-58-en	2019-11-29	Consumer Affairs Authority - Directs for Lunch Sheets, effect from 01.06.2020	https://documents.gov.lk/view/extra-gazettes/egz_2019.html	en	https://documents.gov.lk/view/extra-gazettes/2019/11/2151-58_E.pdf	2151/58
lk_extraordinary_gazettes_2010s	2019-11-29-2019-11-29-2151-57-ta	2019-11-29-2151-57-ta	2019-11-29	Election Commission - Declare that S. Kulathilaka as a member of the Polonnaruwa Pradeshiya Sabha	https://documents.gov.lk/view/extra-gazettes/egz_2019.html	ta	https://documents.gov.lk/view/extra-gazettes/2019/11/2151-57_T.pdf	2151/57
lk_extraordinary_gazettes_2010s	2019-11-29-2019-11-29-2151-57-si	2019-11-29-2151-57-si	2019-11-29	Election Commission - Declare that S. Kulathilaka as a member of the Polonnaruwa Pradeshiya Sabha	https://documents.gov.lk/view/extra-gazettes/egz_2019.html	si	https://documents.gov.lk/view/extra-gazettes/2019/11/2151-57_S.pdf	2151/57
lk_extraordinary_gazettes_2010s	2019-11-29-2019-11-29-2151-57-en	2019-11-29-2151-57-en	2019-11-29	Election Commission - Declare that S. Kulathilaka as a member of the Polonnaruwa Pradeshiya Sabha	https://documents.gov.lk/view/extra-gazettes/egz_2019.html	en	https://documents.gov.lk/view/extra-gazettes/2019/11/2151-57_E.pdf	2151/57
lk_extraordinary_gazettes_2010s	2019-11-29-2019-11-29-2151-56-ta	2019-11-29-2151-56-ta	2019-11-29	Land Acquisition - Weragampita, Marata D/S Division, Matara District	https://documents.gov.lk/view/extra-gazettes/egz_2019.html	ta	https://documents.gov.lk/view/extra-gazettes/2019/11/2151-56_T.pdf	2151/56
lk_extraordinary_gazettes_2010s	2019-11-29-2019-11-29-2151-56-si	2019-11-29-2151-56-si	2019-11-29	Land Acquisition - Weragampita, Marata D/S Division, Matara District	https://documents.gov.lk/view/extra-gazettes/egz_2019.html	si	https://documents.gov.lk/view/extra-gazettes/2019/11/2151-56_S.pdf	2151/56
lk_extraordinary_gazettes_2010s	2019-11-29-2019-11-29-2151-56-en	2019-11-29-2151-56-en	2019-11-29	Land Acquisition - Weragampita, Marata D/S Division, Matara District	https://documents.gov.lk/view/extra-gazettes/egz_2019.html	en	https://documents.gov.lk/view/extra-gazettes/2019/11/2151-56_E.pdf	2151/56
lk_extraordinary_gazettes_2010s	2019-11-29-2019-11-29-2151-55-si	2019-11-29-2151-55-si	2019-11-29	Ministry of Labour & Trade Union Relations -  Award made to the Industrial Dispute between  N. D.A.  Abeysekera and   Sri Lanka Transport Board	https://documents.gov.lk/view/extra-gazettes/egz_2019.html	si	https://documents.gov.lk/view/extra-gazettes/2019/11/2151-55_S.pdf	2151/55
lk_extraordinary_gazettes_2010s	2019-11-29-2019-11-29-2151-54-ta	2019-11-29-2151-54-ta	2019-11-29	Election Commission - Two members has Vacated their Office in Kalmunai Municipal  Council	https://documents.gov.lk/view/extra-gazettes/egz_2019.html	ta	https://documents.gov.lk/view/extra-gazettes/2019/11/2151-54_T.pdf	2151/54
lk_extraordinary_gazettes_2010s	2019-11-29-2019-11-29-2151-54-si	2019-11-29-2151-54-si	2019-11-29	Election Commission - Two members has Vacated their Office in Kalmunai Municipal  Council	https://documents.gov.lk/view/extra-gazettes/egz_2019.html	si	https://documents.gov.lk/view/extra-gazettes/2019/11/2151-54_S.pdf	2151/54
lk_extraordinary_gazettes_2010s	2019-11-29-2019-11-29-2151-54-en	2019-11-29-2151-54-en	2019-11-29	Election Commission - Two members has Vacated their Office in Kalmunai Municipal  Council	https://documents.gov.lk/view/extra-gazettes/egz_2019.html	en	https://documents.gov.lk/view/extra-gazettes/2019/11/2151-54_E.pdf	2151/54
lk_extraordinary_gazettes_2010s	2019-11-29-2019-11-29-2151-53-ta	2019-11-29-2151-53-ta	2019-11-29	Election Commission - Declare that W. S. H. Fernando as a member of the Negombo Municipal Council	https://documents.gov.lk/view/extra-gazettes/egz_2019.html	ta	https://documents.gov.lk/view/extra-gazettes/2019/11/2151-53_T.pdf	2151/53
lk_extraordinary_gazettes_2010s	2019-11-29-2019-11-29-2151-53-si	2019-11-29-2151-53-si	2019-11-29	Election Commission - Declare that W. S. H. Fernando as a member of the Negombo Municipal Council	https://documents.gov.lk/view/extra-gazettes/egz_2019.html	si	https://documents.gov.lk/view/extra-gazettes/2019/11/2151-53_S.pdf	2151/53
lk_extraordinary_gazettes_2010s	2019-11-29-2019-11-29-2151-53-en	2019-11-29-2151-53-en	2019-11-29	Election Commission - Declare that W. S. H. Fernando as a member of the Negombo Municipal Council	https://documents.gov.lk/view/extra-gazettes/egz_2019.html	en	https://documents.gov.lk/view/extra-gazettes/2019/11/2151-53_E.pdf	2151/53
lk_extraordinary_gazettes_2010s	2019-11-29-2019-11-29-2151-52-ta	2019-11-29-2151-52-ta	2019-11-29	Dept. of Fiscal Policy  -   Order under Value Added Tax Act,  (Hotel & Financial  Services, Import or Supply of Goods) w.e.f. 01.12.2019	https://documents.gov.lk/view/extra-gazettes/egz_2019.html	ta	https://documents.gov.lk/view/extra-gazettes/2019/11/2151-52_T.pdf	2151/52
lk_extraordinary_gazettes_2010s	2019-11-29-2019-11-29-2151-52-si	2019-11-29-2151-52-si	2019-11-29	Dept. of Fiscal Policy  -   Order under Value Added Tax Act,  (Hotel & Financial  Services, Import or Supply of Goods) w.e.f. 01.12.2019	https://documents.gov.lk/view/extra-gazettes/egz_2019.html	si	https://documents.gov.lk/view/extra-gazettes/2019/11/2151-52_S.pdf	2151/52
lk_extraordinary_gazettes_2010s	2019-11-29-2019-11-29-2151-52-en	2019-11-29-2151-52-en	2019-11-29	Dept. of Fiscal Policy  -   Order under Value Added Tax Act,  (Hotel & Financial  Services, Import or Supply of Goods) w.e.f. 01.12.2019	https://documents.gov.lk/view/extra-gazettes/egz_2019.html	en	https://documents.gov.lk/view/extra-gazettes/2019/11/2151-52_E.pdf	2151/52
lk_extraordinary_gazettes_2010s	2019-11-28-2019-11-28-2151-51-si	2019-11-28-2151-51-si	2019-11-28	Ministry of Labour and Trade Union Relations - Industrial Dispute - Mrs. S. P. M. Martheenu and Land Reform Commission	https://documents.gov.lk/view/extra-gazettes/egz_2019.html	si	https://documents.gov.lk/view/extra-gazettes/2019/11/2151-51_S.pdf	2151/51
lk_extraordinary_gazettes_2010s	2019-11-28-2019-11-28-2151-51-en	2019-11-28-2151-51-en	2019-11-28	Ministry of Labour and Trade Union Relations - Industrial Dispute - Mrs. S. P. M. Martheenu and Land Reform Commission	https://documents.gov.lk/view/extra-gazettes/egz_2019.html	en	https://documents.gov.lk/view/extra-gazettes/2019/11/2151-51_E.pdf	2151/51
lk_extraordinary_gazettes_2010s	2019-11-28-2019-11-28-2151-50-ta	2019-11-28-2151-50-ta	2019-11-28	Divisional Secretariat - Pelmadulla - The pageant in which the statute of Deity Sri Sumana Saman and the enclosure casket with relics will carried to the Sri Pada	https://documents.gov.lk/view/extra-gazettes/egz_2019.html	ta	https://documents.gov.lk/view/extra-gazettes/2019/11/2151-50_T.pdf	2151/50
lk_extraordinary_gazettes_2010s	2019-11-28-2019-11-28-2151-50-si	2019-11-28-2151-50-si	2019-11-28	Divisional Secretariat - Pelmadulla - The pageant in which the statute of Deity Sri Sumana Saman and the enclosure casket with relics will carried to the Sri Pada	https://documents.gov.lk/view/extra-gazettes/egz_2019.html	si	https://documents.gov.lk/view/extra-gazettes/2019/11/2151-50_S.pdf	2151/50
lk_extraordinary_gazettes_2010s	2019-11-28-2019-11-28-2151-50-en	2019-11-28-2151-50-en	2019-11-28	Divisional Secretariat - Pelmadulla - The pageant in which the statute of Deity Sri Sumana Saman and the enclosure casket with relics will carried to the Sri Pada	https://documents.gov.lk/view/extra-gazettes/egz_2019.html	en	https://documents.gov.lk/view/extra-gazettes/2019/11/2151-50_E.pdf	2151/50
lk_extraordinary_gazettes_2010s	2019-11-28-2019-11-28-2151-49-ta	2019-11-28-2151-49-ta	2019-11-28	Land Acquisition - Malwana, Galigamuwa D/S Division, Kegalle District	https://documents.gov.lk/view/extra-gazettes/egz_2019.html	ta	https://documents.gov.lk/view/extra-gazettes/2019/11/2151-49_T.pdf	2151/49
lk_extraordinary_gazettes_2010s	2019-11-28-2019-11-28-2151-49-si	2019-11-28-2151-49-si	2019-11-28	Land Acquisition - Malwana, Galigamuwa D/S Division, Kegalle District	https://documents.gov.lk/view/extra-gazettes/egz_2019.html	si	https://documents.gov.lk/view/extra-gazettes/2019/11/2151-49_S.pdf	2151/49
lk_extraordinary_gazettes_2010s	2019-11-28-2019-11-28-2151-49-en	2019-11-28-2151-49-en	2019-11-28	Land Acquisition - Malwana, Galigamuwa D/S Division, Kegalle District	https://documents.gov.lk/view/extra-gazettes/egz_2019.html	en	https://documents.gov.lk/view/extra-gazettes/2019/11/2151-49_E.pdf	2151/49
lk_extraordinary_gazettes_2010s	2019-11-28-2019-11-28-2151-48-ta	2019-11-28-2151-48-ta	2019-11-28	Department of Labour, Labour Standards Division - Wages Boards on the Cocoa, Cardamom and Pepper growing and manufacturing trade	https://documents.gov.lk/view/extra-gazettes/egz_2019.html	ta	https://documents.gov.lk/view/extra-gazettes/2019/11/2151-48_T.pdf	2151/48
lk_extraordinary_gazettes_2010s	2019-11-28-2019-11-28-2151-48-si	2019-11-28-2151-48-si	2019-11-28	Department of Labour, Labour Standards Division - Wages Boards on the Cocoa, Cardamom and Pepper growing and manufacturing trade	https://documents.gov.lk/view/extra-gazettes/egz_2019.html	si	https://documents.gov.lk/view/extra-gazettes/2019/11/2151-48_S.pdf	2151/48
lk_extraordinary_gazettes_2010s	2019-11-28-2019-11-28-2151-48-en	2019-11-28-2151-48-en	2019-11-28	Department of Labour, Labour Standards Division - Wages Boards on the Cocoa, Cardamom and Pepper growing and manufacturing trade	https://documents.gov.lk/view/extra-gazettes/egz_2019.html	en	https://documents.gov.lk/view/extra-gazettes/2019/11/2151-48_E.pdf	2151/48
lk_extraordinary_gazettes_2010s	2019-11-28-2019-11-28-2151-47-ta	2019-11-28-2151-47-ta	2019-11-28	Land Title Settlement Department - Niyangama, Udapalatha D/S Division, Kandy District - Cad. Map No. 320019 and others	https://documents.gov.lk/view/extra-gazettes/egz_2019.html	ta	https://documents.gov.lk/view/extra-gazettes/2019/11/2151-47_T.pdf	2151/47
lk_extraordinary_gazettes_2010s	2019-11-28-2019-11-28-2151-47-si	2019-11-28-2151-47-si	2019-11-28	Land Title Settlement Department - Niyangama, Udapalatha D/S Division, Kandy District - Cad. Map No. 320019 and others	https://documents.gov.lk/view/extra-gazettes/egz_2019.html	si	https://documents.gov.lk/view/extra-gazettes/2019/11/2151-47_S.pdf	2151/47
lk_extraordinary_gazettes_2010s	2019-11-28-2019-11-28-2151-47-en	2019-11-28-2151-47-en	2019-11-28	Land Title Settlement Department - Niyangama, Udapalatha D/S Division, Kandy District - Cad. Map No. 320019 and others	https://documents.gov.lk/view/extra-gazettes/egz_2019.html	en	https://documents.gov.lk/view/extra-gazettes/2019/11/2151-47_E.pdf	2151/47
lk_extraordinary_gazettes_2010s	2019-11-28-2019-11-28-2151-46-ta	2019-11-28-2151-46-ta	2019-11-28	Land Title Settlement Department - Pethiyagoda, Rideemaliyadda D/S Division, Badalla District - Cad. Map No. 710012 and others	https://documents.gov.lk/view/extra-gazettes/egz_2019.html	ta	https://documents.gov.lk/view/extra-gazettes/2019/11/2151-46_T.pdf	2151/46
lk_extraordinary_gazettes_2010s	2019-11-28-2019-11-28-2151-46-si	2019-11-28-2151-46-si	2019-11-28	Land Title Settlement Department - Pethiyagoda, Rideemaliyadda D/S Division, Badalla District - Cad. Map No. 710012 and others	https://documents.gov.lk/view/extra-gazettes/egz_2019.html	si	https://documents.gov.lk/view/extra-gazettes/2019/11/2151-46_S.pdf	2151/46
lk_extraordinary_gazettes_2010s	2019-11-28-2019-11-28-2151-46-en	2019-11-28-2151-46-en	2019-11-28	Land Title Settlement Department - Pethiyagoda, Rideemaliyadda D/S Division, Badalla District - Cad. Map No. 710012 and others	https://documents.gov.lk/view/extra-gazettes/egz_2019.html	en	https://documents.gov.lk/view/extra-gazettes/2019/11/2151-46_E.pdf	2151/46
lk_extraordinary_gazettes_2010s	2019-11-28-2019-11-28-2151-45-ta	2019-11-28-2151-45-ta	2019-11-28	Land Title Settlement Department - Tholabugolla, Galewela D/S Division, Matale District - Cad. Map No. 310085 and others	https://documents.gov.lk/view/extra-gazettes/egz_2019.html	ta	https://documents.gov.lk/view/extra-gazettes/2019/11/2151-45_T.pdf	2151/45
lk_extraordinary_gazettes_2010s	2019-11-28-2019-11-28-2151-45-si	2019-11-28-2151-45-si	2019-11-28	Land Title Settlement Department - Tholabugolla, Galewela D/S Division, Matale District - Cad. Map No. 310085 and others	https://documents.gov.lk/view/extra-gazettes/egz_2019.html	si	https://documents.gov.lk/view/extra-gazettes/2019/11/2151-45_S.pdf	2151/45
lk_extraordinary_gazettes_2010s	2019-11-28-2019-11-28-2151-45-en	2019-11-28-2151-45-en	2019-11-28	Land Title Settlement Department - Tholabugolla, Galewela D/S Division, Matale District - Cad. Map No. 310085 and others	https://documents.gov.lk/view/extra-gazettes/egz_2019.html	en	https://documents.gov.lk/view/extra-gazettes/2019/11/2151-45_E.pdf	2151/45
lk_extraordinary_gazettes_2010s	2019-11-28-2019-11-28-2151-44-ta	2019-11-28-2151-44-ta	2019-11-28	Reserved - Dept. of Trade & Investment Policy  - Order under Special Commodity Levy :  waive off on importation of fish and chilles w.e.f. 29.11.2019	https://documents.gov.lk/view/extra-gazettes/egz_2019.html	ta	https://documents.gov.lk/view/extra-gazettes/2019/11/2151-44_T.pdf	2151/44
lk_extraordinary_gazettes_2010s	2019-11-28-2019-11-28-2151-44-si	2019-11-28-2151-44-si	2019-11-28	Reserved - Dept. of Trade & Investment Policy  - Order under Special Commodity Levy :  waive off on importation of fish and chilles w.e.f. 29.11.2019	https://documents.gov.lk/view/extra-gazettes/egz_2019.html	si	https://documents.gov.lk/view/extra-gazettes/2019/11/2151-44_S.pdf	2151/44
lk_extraordinary_gazettes_2010s	2019-11-28-2019-11-28-2151-44-en	2019-11-28-2151-44-en	2019-11-28	Reserved - Dept. of Trade & Investment Policy  - Order under Special Commodity Levy :  waive off on importation of fish and chilles w.e.f. 29.11.2019	https://documents.gov.lk/view/extra-gazettes/egz_2019.html	en	https://documents.gov.lk/view/extra-gazettes/2019/11/2151-44_E.pdf	2151/44
lk_extraordinary_gazettes_2010s	2019-11-28-2019-11-28-2151-43-ta	2019-11-28-2151-43-ta	2019-11-28	Land Title Settlement Department - Mailawalana, Dompe D/S Division, Gampaha District - Cad. Map No. 511000 and others	https://documents.gov.lk/view/extra-gazettes/egz_2019.html	ta	https://documents.gov.lk/view/extra-gazettes/2019/11/2151-43_T.pdf	2151/43
lk_extraordinary_gazettes_2010s	2019-11-28-2019-11-28-2151-43-si	2019-11-28-2151-43-si	2019-11-28	Land Title Settlement Department - Mailawalana, Dompe D/S Division, Gampaha District - Cad. Map No. 511000 and others	https://documents.gov.lk/view/extra-gazettes/egz_2019.html	si	https://documents.gov.lk/view/extra-gazettes/2019/11/2151-43_S.pdf	2151/43
lk_extraordinary_gazettes_2010s	2019-11-28-2019-11-28-2151-43-en	2019-11-28-2151-43-en	2019-11-28	Land Title Settlement Department - Mailawalana, Dompe D/S Division, Gampaha District - Cad. Map No. 511000 and others	https://documents.gov.lk/view/extra-gazettes/egz_2019.html	en	https://documents.gov.lk/view/extra-gazettes/2019/11/2151-43_E.pdf	2151/43
lk_extraordinary_gazettes_2010s	2019-11-28-2019-11-28-2151-42-ta	2019-11-28-2151-42-ta	2019-11-28	Land Title Settlement Department  - Adukkana,  Kurunegala D/S Division, Kurunegala District - Cad. Map No. 420351 and others	https://documents.gov.lk/view/extra-gazettes/egz_2019.html	ta	https://documents.gov.lk/view/extra-gazettes/2019/11/2151-42_T.pdf	2151/42
lk_extraordinary_gazettes_2010s	2019-11-28-2019-11-28-2151-42-si	2019-11-28-2151-42-si	2019-11-28	Land Title Settlement Department  - Adukkana,  Kurunegala D/S Division, Kurunegala District - Cad. Map No. 420351 and others	https://documents.gov.lk/view/extra-gazettes/egz_2019.html	si	https://documents.gov.lk/view/extra-gazettes/2019/11/2151-42_S.pdf	2151/42
lk_extraordinary_gazettes_2010s	2019-11-28-2019-11-28-2151-42-en	2019-11-28-2151-42-en	2019-11-28	Land Title Settlement Department  - Adukkana,  Kurunegala D/S Division, Kurunegala District - Cad. Map No. 420351 and others	https://documents.gov.lk/view/extra-gazettes/egz_2019.html	en	https://documents.gov.lk/view/extra-gazettes/2019/11/2151-42_E.pdf	2151/42
lk_extraordinary_gazettes_2010s	2019-11-28-2019-11-28-2151-41-ta	2019-11-28-2151-41-ta	2019-11-28	Dept. of Government Information -  Guidelines  for the issuing of official media accreditation cards for the year 2020	https://documents.gov.lk/view/extra-gazettes/egz_2019.html	ta	https://documents.gov.lk/view/extra-gazettes/2019/11/2151-41_T.pdf	2151/41
lk_extraordinary_gazettes_2010s	2019-11-28-2019-11-28-2151-41-si	2019-11-28-2151-41-si	2019-11-28	Dept. of Government Information -  Guidelines  for the issuing of official media accreditation cards for the year 2020	https://documents.gov.lk/view/extra-gazettes/egz_2019.html	si	https://documents.gov.lk/view/extra-gazettes/2019/11/2151-41_S.pdf	2151/41
lk_extraordinary_gazettes_2010s	2019-11-28-2019-11-28-2151-41-en	2019-11-28-2151-41-en	2019-11-28	Dept. of Government Information -  Guidelines  for the issuing of official media accreditation cards for the year 2020	https://documents.gov.lk/view/extra-gazettes/egz_2019.html	en	https://documents.gov.lk/view/extra-gazettes/2019/11/2151-41_E.pdf	2151/41
lk_extraordinary_gazettes_2010s	2019-11-28-2019-11-28-2151-40-ta	2019-11-28-2151-40-ta	2019-11-28	Land  Title Settlement Department  - Attidiya South,  Rathmalana D/S Division, Colombo District - Cad. Map No. 521002 and others	https://documents.gov.lk/view/extra-gazettes/egz_2019.html	ta	https://documents.gov.lk/view/extra-gazettes/2019/11/2151-40_T.pdf	2151/40
lk_extraordinary_gazettes_2010s	2019-11-28-2019-11-28-2151-40-si	2019-11-28-2151-40-si	2019-11-28	Land  Title Settlement Department  - Attidiya South,  Rathmalana D/S Division, Colombo District - Cad. Map No. 521002 and others	https://documents.gov.lk/view/extra-gazettes/egz_2019.html	si	https://documents.gov.lk/view/extra-gazettes/2019/11/2151-40_S.pdf	2151/40
lk_extraordinary_gazettes_2010s	2019-11-28-2019-11-28-2151-40-en	2019-11-28-2151-40-en	2019-11-28	Land  Title Settlement Department  - Attidiya South,  Rathmalana D/S Division, Colombo District - Cad. Map No. 521002 and others	https://documents.gov.lk/view/extra-gazettes/egz_2019.html	en	https://documents.gov.lk/view/extra-gazettes/2019/11/2151-40_E.pdf	2151/40
lk_extraordinary_gazettes_2010s	2019-11-28-2019-11-28-2151-39-ta	2019-11-28-2151-39-ta	2019-11-28	Colombo Municipal Council   - Colombo Municipal Council Budget 2020	https://documents.gov.lk/view/extra-gazettes/egz_2019.html	ta	https://documents.gov.lk/view/extra-gazettes/2019/11/2151-39_T.pdf	2151/39
lk_extraordinary_gazettes_2010s	2019-11-28-2019-11-28-2151-39-si	2019-11-28-2151-39-si	2019-11-28	Colombo Municipal Council   - Colombo Municipal Council Budget 2020	https://documents.gov.lk/view/extra-gazettes/egz_2019.html	si	https://documents.gov.lk/view/extra-gazettes/2019/11/2151-39_S.pdf	2151/39
lk_extraordinary_gazettes_2010s	2019-11-28-2019-11-28-2151-39-en	2019-11-28-2151-39-en	2019-11-28	Colombo Municipal Council   - Colombo Municipal Council Budget 2020	https://documents.gov.lk/view/extra-gazettes/egz_2019.html	en	https://documents.gov.lk/view/extra-gazettes/2019/11/2151-39_E.pdf	2151/39
lk_extraordinary_gazettes_2010s	2019-11-27-2019-11-27-2151-38-ta	2019-11-27-2151-38-ta	2019-11-27	Presidential Secretariat    -   Order to  appoint Hon. Ministers	https://documents.gov.lk/view/extra-gazettes/egz_2019.html	ta	https://documents.gov.lk/view/extra-gazettes/2019/11/2151-38_T.pdf	2151/38
lk_extraordinary_gazettes_2010s	2019-11-27-2019-11-27-2151-38-si	2019-11-27-2151-38-si	2019-11-27	Presidential Secretariat    -   Order to  appoint Hon. Ministers	https://documents.gov.lk/view/extra-gazettes/egz_2019.html	si	https://documents.gov.lk/view/extra-gazettes/2019/11/2151-38_S.pdf	2151/38
lk_extraordinary_gazettes_2010s	2019-11-27-2019-11-27-2151-38-en	2019-11-27-2151-38-en	2019-11-27	Presidential Secretariat    -   Order to  appoint Hon. Ministers	https://documents.gov.lk/view/extra-gazettes/egz_2019.html	en	https://documents.gov.lk/view/extra-gazettes/2019/11/2151-38_E.pdf	2151/38
lk_extraordinary_gazettes_2010s	2019-11-27-2019-11-27-2151-37-ta	2019-11-27-2151-37-ta	2019-11-27	Land Title Settlement Department    - Dehigolla, Mahiyanganaya D/S Division,  Badulla   District - Cad. Map No. 710024	https://documents.gov.lk/view/extra-gazettes/egz_2019.html	ta	https://documents.gov.lk/view/extra-gazettes/2019/11/2151-37_T.pdf	2151/37
lk_extraordinary_gazettes_2010s	2019-11-27-2019-11-27-2151-37-si	2019-11-27-2151-37-si	2019-11-27	Land Title Settlement Department    - Dehigolla, Mahiyanganaya D/S Division,  Badulla   District - Cad. Map No. 710024	https://documents.gov.lk/view/extra-gazettes/egz_2019.html	si	https://documents.gov.lk/view/extra-gazettes/2019/11/2151-37_S.pdf	2151/37
lk_extraordinary_gazettes_2010s	2019-11-27-2019-11-27-2151-37-en	2019-11-27-2151-37-en	2019-11-27	Land Title Settlement Department    - Dehigolla, Mahiyanganaya D/S Division,  Badulla   District - Cad. Map No. 710024	https://documents.gov.lk/view/extra-gazettes/egz_2019.html	en	https://documents.gov.lk/view/extra-gazettes/2019/11/2151-37_E.pdf	2151/37
lk_extraordinary_gazettes_2010s	2019-11-27-2019-11-27-2151-36-ta	2019-11-27-2151-36-ta	2019-11-27	Land Title Settlement Department    - Mabodala, Minuwangoda D/S Division,  Gampaha   District - Cad. Map No. 510401  and  others	https://documents.gov.lk/view/extra-gazettes/egz_2019.html	ta	https://documents.gov.lk/view/extra-gazettes/2019/11/2151-36_T.pdf	2151/36
lk_extraordinary_gazettes_2010s	2019-11-27-2019-11-27-2151-36-si	2019-11-27-2151-36-si	2019-11-27	Land Title Settlement Department    - Mabodala, Minuwangoda D/S Division,  Gampaha   District - Cad. Map No. 510401  and  others	https://documents.gov.lk/view/extra-gazettes/egz_2019.html	si	https://documents.gov.lk/view/extra-gazettes/2019/11/2151-36_S.pdf	2151/36
lk_extraordinary_gazettes_2010s	2019-11-27-2019-11-27-2151-36-en	2019-11-27-2151-36-en	2019-11-27	Land Title Settlement Department    - Mabodala, Minuwangoda D/S Division,  Gampaha   District - Cad. Map No. 510401  and  others	https://documents.gov.lk/view/extra-gazettes/egz_2019.html	en	https://documents.gov.lk/view/extra-gazettes/2019/11/2151-36_E.pdf	2151/36
lk_extraordinary_gazettes_2010s	2019-11-27-2019-11-27-2151-35-ta	2019-11-27-2151-35-ta	2019-11-27	Land Title Settlement Department    - Hevanpola, Rideegama  D/S Division,  Kurunegala  District - Cad. Map No. 420049  and  others	https://documents.gov.lk/view/extra-gazettes/egz_2019.html	ta	https://documents.gov.lk/view/extra-gazettes/2019/11/2151-35_T.pdf	2151/35
lk_extraordinary_gazettes_2010s	2019-11-27-2019-11-27-2151-35-si	2019-11-27-2151-35-si	2019-11-27	Land Title Settlement Department    - Hevanpola, Rideegama  D/S Division,  Kurunegala  District - Cad. Map No. 420049  and  others	https://documents.gov.lk/view/extra-gazettes/egz_2019.html	si	https://documents.gov.lk/view/extra-gazettes/2019/11/2151-35_S.pdf	2151/35
lk_extraordinary_gazettes_2010s	2019-11-27-2019-11-27-2151-35-en	2019-11-27-2151-35-en	2019-11-27	Land Title Settlement Department    - Hevanpola, Rideegama  D/S Division,  Kurunegala  District - Cad. Map No. 420049  and  others	https://documents.gov.lk/view/extra-gazettes/egz_2019.html	en	https://documents.gov.lk/view/extra-gazettes/2019/11/2151-35_E.pdf	2151/35
lk_extraordinary_gazettes_2010s	2019-11-27-2019-11-27-2151-34-ta	2019-11-27-2151-34-ta	2019-11-27	Land Title Settlement Department    -  Kohuwala, Dehiwala  D/S Division,  Colombo District - Cad. Map No. 520801 and  others	https://documents.gov.lk/view/extra-gazettes/egz_2019.html	ta	https://documents.gov.lk/view/extra-gazettes/2019/11/2151-34_T.pdf	2151/34
lk_extraordinary_gazettes_2010s	2019-11-27-2019-11-27-2151-34-si	2019-11-27-2151-34-si	2019-11-27	Land Title Settlement Department    -  Kohuwala, Dehiwala  D/S Division,  Colombo District - Cad. Map No. 520801 and  others	https://documents.gov.lk/view/extra-gazettes/egz_2019.html	si	https://documents.gov.lk/view/extra-gazettes/2019/11/2151-34_S.pdf	2151/34
lk_extraordinary_gazettes_2010s	2019-11-27-2019-11-27-2151-34-en	2019-11-27-2151-34-en	2019-11-27	Land Title Settlement Department    -  Kohuwala, Dehiwala  D/S Division,  Colombo District - Cad. Map No. 520801 and  others	https://documents.gov.lk/view/extra-gazettes/egz_2019.html	en	https://documents.gov.lk/view/extra-gazettes/2019/11/2151-34_E.pdf	2151/34
lk_extraordinary_gazettes_2010s	2019-11-27-2019-11-27-2151-33-ta	2019-11-27-2151-33-ta	2019-11-27	Land Title Settlement Department    -  Dummaladeniya, Wennapuwa D/S Division, Puttalam  District - Cad. Map No. 410029 and  others	https://documents.gov.lk/view/extra-gazettes/egz_2019.html	ta	https://documents.gov.lk/view/extra-gazettes/2019/11/2151-33_T.pdf	2151/33
lk_extraordinary_gazettes_2010s	2019-11-27-2019-11-27-2151-33-si	2019-11-27-2151-33-si	2019-11-27	Land Title Settlement Department    -  Dummaladeniya, Wennapuwa D/S Division, Puttalam  District - Cad. Map No. 410029 and  others	https://documents.gov.lk/view/extra-gazettes/egz_2019.html	si	https://documents.gov.lk/view/extra-gazettes/2019/11/2151-33_S.pdf	2151/33
lk_extraordinary_gazettes_2010s	2019-11-27-2019-11-27-2151-33-en	2019-11-27-2151-33-en	2019-11-27	Land Title Settlement Department    -  Dummaladeniya, Wennapuwa D/S Division, Puttalam  District - Cad. Map No. 410029 and  others	https://documents.gov.lk/view/extra-gazettes/egz_2019.html	en	https://documents.gov.lk/view/extra-gazettes/2019/11/2151-33_E.pdf	2151/33
lk_extraordinary_gazettes_2010s	2019-11-27-2019-11-27-2151-32-ta	2019-11-27-2151-32-ta	2019-11-27	Land Title Settlement Department    - Mallawapitiya, Mallawapitiya D/S DIvison, Kurunegala  District - Cad. Map No. 420201 and  others	https://documents.gov.lk/view/extra-gazettes/egz_2019.html	ta	https://documents.gov.lk/view/extra-gazettes/2019/11/2151-32_T.pdf	2151/32
lk_extraordinary_gazettes_2010s	2019-11-27-2019-11-27-2151-32-si	2019-11-27-2151-32-si	2019-11-27	Land Title Settlement Department    - Mallawapitiya, Mallawapitiya D/S DIvison, Kurunegala  District - Cad. Map No. 420201 and  others	https://documents.gov.lk/view/extra-gazettes/egz_2019.html	si	https://documents.gov.lk/view/extra-gazettes/2019/11/2151-32_S.pdf	2151/32
lk_extraordinary_gazettes_2010s	2019-11-27-2019-11-27-2151-32-en	2019-11-27-2151-32-en	2019-11-27	Land Title Settlement Department    - Mallawapitiya, Mallawapitiya D/S DIvison, Kurunegala  District - Cad. Map No. 420201 and  others	https://documents.gov.lk/view/extra-gazettes/egz_2019.html	en	https://documents.gov.lk/view/extra-gazettes/2019/11/2151-32_E.pdf	2151/32
lk_extraordinary_gazettes_2010s	2019-11-27-2019-11-27-2151-31-ta	2019-11-27-2151-31-ta	2019-11-27	Land Title Settlement Department - Naiwala, Minuwangoda D/S Division, Gampaha District - Cad. Map No. 510402 and others	https://documents.gov.lk/view/extra-gazettes/egz_2019.html	ta	https://documents.gov.lk/view/extra-gazettes/2019/11/2151-31_T.pdf	2151/31
lk_extraordinary_gazettes_2010s	2019-11-27-2019-11-27-2151-31-si	2019-11-27-2151-31-si	2019-11-27	Land Title Settlement Department - Naiwala, Minuwangoda D/S Division, Gampaha District - Cad. Map No. 510402 and others	https://documents.gov.lk/view/extra-gazettes/egz_2019.html	si	https://documents.gov.lk/view/extra-gazettes/2019/11/2151-31_S.pdf	2151/31
lk_extraordinary_gazettes_2010s	2019-11-27-2019-11-27-2151-31-en	2019-11-27-2151-31-en	2019-11-27	Land Title Settlement Department - Naiwala, Minuwangoda D/S Division, Gampaha District - Cad. Map No. 510402 and others	https://documents.gov.lk/view/extra-gazettes/egz_2019.html	en	https://documents.gov.lk/view/extra-gazettes/2019/11/2151-31_E.pdf	2151/31
lk_extraordinary_gazettes_2010s	2019-11-27-2019-11-27-2151-30-ta	2019-11-27-2151-30-ta	2019-11-27	Land Acquisition - Thalangamuwa, Naula D/S Division, Matale District	https://documents.gov.lk/view/extra-gazettes/egz_2019.html	ta	https://documents.gov.lk/view/extra-gazettes/2019/11/2151-30_T.pdf	2151/30
lk_extraordinary_gazettes_2010s	2019-11-27-2019-11-27-2151-30-si	2019-11-27-2151-30-si	2019-11-27	Land Acquisition - Thalangamuwa, Naula D/S Division, Matale District	https://documents.gov.lk/view/extra-gazettes/egz_2019.html	si	https://documents.gov.lk/view/extra-gazettes/2019/11/2151-30_S.pdf	2151/30
lk_extraordinary_gazettes_2010s	2019-11-27-2019-11-27-2151-30-en	2019-11-27-2151-30-en	2019-11-27	Land Acquisition - Thalangamuwa, Naula D/S Division, Matale District	https://documents.gov.lk/view/extra-gazettes/egz_2019.html	en	https://documents.gov.lk/view/extra-gazettes/2019/11/2151-30_E.pdf	2151/30
lk_extraordinary_gazettes_2010s	2019-11-27-2019-11-27-2151-29-ta	2019-11-27-2151-29-ta	2019-11-27	Land Acquisition - Namadagaswewa, Sooriyawewa D/S Division, Hambanthota District	https://documents.gov.lk/view/extra-gazettes/egz_2019.html	ta	https://documents.gov.lk/view/extra-gazettes/2019/11/2151-29_T.pdf	2151/29
lk_extraordinary_gazettes_2010s	2019-11-27-2019-11-27-2151-29-si	2019-11-27-2151-29-si	2019-11-27	Land Acquisition - Namadagaswewa, Sooriyawewa D/S Division, Hambanthota District	https://documents.gov.lk/view/extra-gazettes/egz_2019.html	si	https://documents.gov.lk/view/extra-gazettes/2019/11/2151-29_S.pdf	2151/29
lk_extraordinary_gazettes_2010s	2019-11-27-2019-11-27-2151-29-en	2019-11-27-2151-29-en	2019-11-27	Land Acquisition - Namadagaswewa, Sooriyawewa D/S Division, Hambanthota District	https://documents.gov.lk/view/extra-gazettes/egz_2019.html	en	https://documents.gov.lk/view/extra-gazettes/2019/11/2151-29_E.pdf	2151/29
lk_extraordinary_gazettes_2010s	2019-11-27-2019-11-27-2151-28-ta	2019-11-27-2151-28-ta	2019-11-27	Land Acquisition - Namadagaswewa, Sooriyawewa D/S Division, Hambanthota District  and Kadawala, Ambagamuwa Korale D/S Division, Nuwaraeliya District	https://documents.gov.lk/view/extra-gazettes/egz_2019.html	ta	https://documents.gov.lk/view/extra-gazettes/2019/11/2151-28_T.pdf	2151/28
lk_extraordinary_gazettes_2010s	2019-11-27-2019-11-27-2151-28-si	2019-11-27-2151-28-si	2019-11-27	Land Acquisition - Namadagaswewa, Sooriyawewa D/S Division, Hambanthota District  and Kadawala, Ambagamuwa Korale D/S Division, Nuwaraeliya District	https://documents.gov.lk/view/extra-gazettes/egz_2019.html	si	https://documents.gov.lk/view/extra-gazettes/2019/11/2151-28_S.pdf	2151/28
lk_extraordinary_gazettes_2010s	2019-11-27-2019-11-27-2151-28-en	2019-11-27-2151-28-en	2019-11-27	Land Acquisition - Namadagaswewa, Sooriyawewa D/S Division, Hambanthota District  and Kadawala, Ambagamuwa Korale D/S Division, Nuwaraeliya District	https://documents.gov.lk/view/extra-gazettes/egz_2019.html	en	https://documents.gov.lk/view/extra-gazettes/2019/11/2151-28_E.pdf	2151/28
lk_extraordinary_gazettes_2010s	2019-11-27-2019-11-27-2151-27-ta	2019-11-27-2151-27-ta	2019-11-27	Land Acquisition - Nabadagahawatta, Galewela D/S Division, Matale District	https://documents.gov.lk/view/extra-gazettes/egz_2019.html	ta	https://documents.gov.lk/view/extra-gazettes/2019/11/2151-27_T.pdf	2151/27
lk_extraordinary_gazettes_2010s	2019-11-27-2019-11-27-2151-27-si	2019-11-27-2151-27-si	2019-11-27	Land Acquisition - Nabadagahawatta, Galewela D/S Division, Matale District	https://documents.gov.lk/view/extra-gazettes/egz_2019.html	si	https://documents.gov.lk/view/extra-gazettes/2019/11/2151-27_S.pdf	2151/27
lk_extraordinary_gazettes_2010s	2019-11-27-2019-11-27-2151-27-en	2019-11-27-2151-27-en	2019-11-27	Land Acquisition - Nabadagahawatta, Galewela D/S Division, Matale District	https://documents.gov.lk/view/extra-gazettes/egz_2019.html	en	https://documents.gov.lk/view/extra-gazettes/2019/11/2151-27_E.pdf	2151/27
lk_extraordinary_gazettes_2010s	2019-11-27-2019-11-27-2151-26-ta	2019-11-27-2151-26-ta	2019-11-27	Land Acquisition - Thanahena, Wariyapola D/S Division, Kurunegala District and amendments to the Gaz. Ex. No. 2094/1 of 22.10.2018, Mahara D/S Division	https://documents.gov.lk/view/extra-gazettes/egz_2019.html	ta	https://documents.gov.lk/view/extra-gazettes/2019/11/2151-26_T.pdf	2151/26
lk_extraordinary_gazettes_2010s	2019-11-27-2019-11-27-2151-26-si	2019-11-27-2151-26-si	2019-11-27	Land Acquisition - Thanahena, Wariyapola D/S Division, Kurunegala District and amendments to the Gaz. Ex. No. 2094/1 of 22.10.2018, Mahara D/S Division	https://documents.gov.lk/view/extra-gazettes/egz_2019.html	si	https://documents.gov.lk/view/extra-gazettes/2019/11/2151-26_S.pdf	2151/26
lk_extraordinary_gazettes_2010s	2019-11-27-2019-11-27-2151-26-en	2019-11-27-2151-26-en	2019-11-27	Land Acquisition - Thanahena, Wariyapola D/S Division, Kurunegala District and amendments to the Gaz. Ex. No. 2094/1 of 22.10.2018, Mahara D/S Division	https://documents.gov.lk/view/extra-gazettes/egz_2019.html	en	https://documents.gov.lk/view/extra-gazettes/2019/11/2151-26_E.pdf	2151/26
lk_extraordinary_gazettes_2010s	2019-11-27-2019-11-27-2151-25-ta	2019-11-27-2151-25-ta	2019-11-27	Land Acquisition - Nelawa & Rambawewa, Ganewatta D/S Division, Kurunegala District	https://documents.gov.lk/view/extra-gazettes/egz_2019.html	ta	https://documents.gov.lk/view/extra-gazettes/2019/11/2151-25_T.pdf	2151/25
lk_extraordinary_gazettes_2010s	2019-11-27-2019-11-27-2151-25-si	2019-11-27-2151-25-si	2019-11-27	Land Acquisition - Nelawa & Rambawewa, Ganewatta D/S Division, Kurunegala District	https://documents.gov.lk/view/extra-gazettes/egz_2019.html	si	https://documents.gov.lk/view/extra-gazettes/2019/11/2151-25_S.pdf	2151/25
lk_extraordinary_gazettes_2010s	2019-11-27-2019-11-27-2151-25-en	2019-11-27-2151-25-en	2019-11-27	Land Acquisition - Nelawa & Rambawewa, Ganewatta D/S Division, Kurunegala District	https://documents.gov.lk/view/extra-gazettes/egz_2019.html	en	https://documents.gov.lk/view/extra-gazettes/2019/11/2151-25_E.pdf	2151/25
lk_extraordinary_gazettes_2010s	2019-11-26-2019-11-26-2151-24-ta	2019-11-26-2151-24-ta	2019-11-26	Land Acquisition - Maththony, Vadamarachchi South-West D/S Division, Jaffna District	https://documents.gov.lk/view/extra-gazettes/egz_2019.html	ta	https://documents.gov.lk/view/extra-gazettes/2019/11/2151-24_T.pdf	2151/24
lk_extraordinary_gazettes_2010s	2019-11-26-2019-11-26-2151-24-si	2019-11-26-2151-24-si	2019-11-26	Land Acquisition - Maththony, Vadamarachchi South-West D/S Division, Jaffna District	https://documents.gov.lk/view/extra-gazettes/egz_2019.html	si	https://documents.gov.lk/view/extra-gazettes/2019/11/2151-24_S.pdf	2151/24
lk_extraordinary_gazettes_2010s	2019-11-26-2019-11-26-2151-24-en	2019-11-26-2151-24-en	2019-11-26	Land Acquisition - Maththony, Vadamarachchi South-West D/S Division, Jaffna District	https://documents.gov.lk/view/extra-gazettes/egz_2019.html	en	https://documents.gov.lk/view/extra-gazettes/2019/11/2151-24_E.pdf	2151/24
lk_extraordinary_gazettes_2010s	2019-11-26-2019-11-26-2151-23-ta	2019-11-26-2151-23-ta	2019-11-26	Ministry of Provincial Councils and Local Government - The Term of office of the  Elpitiya Pradeshiya Sabha, 05.11.2019	https://documents.gov.lk/view/extra-gazettes/egz_2019.html	ta	https://documents.gov.lk/view/extra-gazettes/2019/11/2151-23_T.pdf	2151/23
lk_extraordinary_gazettes_2010s	2019-11-26-2019-11-26-2151-23-si	2019-11-26-2151-23-si	2019-11-26	Ministry of Provincial Councils and Local Government - The Term of office of the  Elpitiya Pradeshiya Sabha, 05.11.2019	https://documents.gov.lk/view/extra-gazettes/egz_2019.html	si	https://documents.gov.lk/view/extra-gazettes/2019/11/2151-23_S.pdf	2151/23
lk_extraordinary_gazettes_2010s	2019-11-26-2019-11-26-2151-23-en	2019-11-26-2151-23-en	2019-11-26	Ministry of Provincial Councils and Local Government - The Term of office of the  Elpitiya Pradeshiya Sabha, 05.11.2019	https://documents.gov.lk/view/extra-gazettes/egz_2019.html	en	https://documents.gov.lk/view/extra-gazettes/2019/11/2151-23_E.pdf	2151/23
lk_extraordinary_gazettes_2010s	2019-11-26-2019-11-26-2151-22-si	2019-11-26-2151-22-si	2019-11-26	Ministry of Labour and Trade Union Relations - Rejection of decision given by the Arbitrator to the Industrial Dispute between Sri Lanka Mahaweli Authority Vs. T. M. Nandasoma & H. P. K. D. Pathirathna (S only)	https://documents.gov.lk/view/extra-gazettes/egz_2019.html	si	https://documents.gov.lk/view/extra-gazettes/2019/11/2151-22_S.pdf	2151/22
lk_extraordinary_gazettes_2010s	2019-11-26-2019-11-26-2151-21-ta	2019-11-26-2151-21-ta	2019-11-26	Ministry of Internal and Home Affairs - Regulations of Annual Esala Maha Perahera Festival of Maha Saman Dewalaya, Rathnapura	https://documents.gov.lk/view/extra-gazettes/egz_2019.html	ta	https://documents.gov.lk/view/extra-gazettes/2019/11/2151-21_T.pdf	2151/21
lk_extraordinary_gazettes_2010s	2019-11-26-2019-11-26-2151-21-si	2019-11-26-2151-21-si	2019-11-26	Ministry of Internal and Home Affairs - Regulations of Annual Esala Maha Perahera Festival of Maha Saman Dewalaya, Rathnapura	https://documents.gov.lk/view/extra-gazettes/egz_2019.html	si	https://documents.gov.lk/view/extra-gazettes/2019/11/2151-21_S.pdf	2151/21
lk_extraordinary_gazettes_2010s	2019-11-26-2019-11-26-2151-21-en	2019-11-26-2151-21-en	2019-11-26	Ministry of Internal and Home Affairs - Regulations of Annual Esala Maha Perahera Festival of Maha Saman Dewalaya, Rathnapura	https://documents.gov.lk/view/extra-gazettes/egz_2019.html	en	https://documents.gov.lk/view/extra-gazettes/2019/11/2151-21_E.pdf	2151/21
lk_extraordinary_gazettes_2010s	2019-11-26-2019-11-26-2151-20-ta	2019-11-26-2151-20-ta	2019-11-26	Reserved  - Election  Commission  - Appoint Assistant Registering Officers for the Electoral Districts ;  Colombo, Kalutara, Galle & Vanni	https://documents.gov.lk/view/extra-gazettes/egz_2019.html	ta	https://documents.gov.lk/view/extra-gazettes/2019/11/2151-20_T.pdf	2151/20
lk_extraordinary_gazettes_2010s	2019-11-26-2019-11-26-2151-20-si	2019-11-26-2151-20-si	2019-11-26	Reserved  - Election  Commission  - Appoint Assistant Registering Officers for the Electoral Districts ;  Colombo, Kalutara, Galle & Vanni	https://documents.gov.lk/view/extra-gazettes/egz_2019.html	si	https://documents.gov.lk/view/extra-gazettes/2019/11/2151-20_S.pdf	2151/20
lk_extraordinary_gazettes_2010s	2019-11-26-2019-11-26-2151-20-en	2019-11-26-2151-20-en	2019-11-26	Reserved  - Election  Commission  - Appoint Assistant Registering Officers for the Electoral Districts ;  Colombo, Kalutara, Galle & Vanni	https://documents.gov.lk/view/extra-gazettes/egz_2019.html	en	https://documents.gov.lk/view/extra-gazettes/2019/11/2151-20_E.pdf	2151/20
lk_extraordinary_gazettes_2010s	2019-11-26-2019-11-26-2151-19-ta	2019-11-26-2151-19-ta	2019-11-26	Land Acquisition - Deddugoda South, D/S Division, Galle Four Gravets, Galle District	https://documents.gov.lk/view/extra-gazettes/egz_2019.html	ta	https://documents.gov.lk/view/extra-gazettes/2019/11/2151-19_T.pdf	2151/19
lk_extraordinary_gazettes_2010s	2019-11-26-2019-11-26-2151-19-si	2019-11-26-2151-19-si	2019-11-26	Land Acquisition - Deddugoda South, D/S Division, Galle Four Gravets, Galle District	https://documents.gov.lk/view/extra-gazettes/egz_2019.html	si	https://documents.gov.lk/view/extra-gazettes/2019/11/2151-19_S.pdf	2151/19
lk_extraordinary_gazettes_2010s	2019-11-26-2019-11-26-2151-19-en	2019-11-26-2151-19-en	2019-11-26	Land Acquisition - Deddugoda South, D/S Division, Galle Four Gravets, Galle District	https://documents.gov.lk/view/extra-gazettes/egz_2019.html	en	https://documents.gov.lk/view/extra-gazettes/2019/11/2151-19_E.pdf	2151/19
lk_extraordinary_gazettes_2010s	2019-11-26-2019-11-26-2151-18-ta	2019-11-26-2151-18-ta	2019-11-26	Presidential Secretariat - Order to appoint Hon. M. Rajapaksa, M.P. to the Office of Prime Minister, w.e.f. 21.11.2019	https://documents.gov.lk/view/extra-gazettes/egz_2019.html	ta	https://documents.gov.lk/view/extra-gazettes/2019/11/2151-18_T.pdf	2151/18
lk_extraordinary_gazettes_2010s	2019-11-26-2019-11-26-2151-18-si	2019-11-26-2151-18-si	2019-11-26	Presidential Secretariat - Order to appoint Hon. M. Rajapaksa, M.P. to the Office of Prime Minister, w.e.f. 21.11.2019	https://documents.gov.lk/view/extra-gazettes/egz_2019.html	si	https://documents.gov.lk/view/extra-gazettes/2019/11/2151-18_S.pdf	2151/18
lk_extraordinary_gazettes_2010s	2019-11-26-2019-11-26-2151-18-en	2019-11-26-2151-18-en	2019-11-26	Presidential Secretariat - Order to appoint Hon. M. Rajapaksa, M.P. to the Office of Prime Minister, w.e.f. 21.11.2019	https://documents.gov.lk/view/extra-gazettes/egz_2019.html	en	https://documents.gov.lk/view/extra-gazettes/2019/11/2151-18_E.pdf	2151/18
lk_extraordinary_gazettes_2010s	2019-11-26-2019-11-26-2151-17-ta	2019-11-26-2151-17-ta	2019-11-26	Election Commission - A member has Vacated his Office of member of the Arachchikattuwa Pradeshiya Sabha	https://documents.gov.lk/view/extra-gazettes/egz_2019.html	ta	https://documents.gov.lk/view/extra-gazettes/2019/11/2151-17_T.pdf	2151/17
lk_extraordinary_gazettes_2010s	2019-11-26-2019-11-26-2151-17-si	2019-11-26-2151-17-si	2019-11-26	Election Commission - A member has Vacated his Office of member of the Arachchikattuwa Pradeshiya Sabha	https://documents.gov.lk/view/extra-gazettes/egz_2019.html	si	https://documents.gov.lk/view/extra-gazettes/2019/11/2151-17_S.pdf	2151/17
lk_extraordinary_gazettes_2010s	2019-11-26-2019-11-26-2151-17-en	2019-11-26-2151-17-en	2019-11-26	Election Commission - A member has Vacated his Office of member of the Arachchikattuwa Pradeshiya Sabha	https://documents.gov.lk/view/extra-gazettes/egz_2019.html	en	https://documents.gov.lk/view/extra-gazettes/2019/11/2151-17_E.pdf	2151/17
lk_extraordinary_gazettes_2010s	2019-11-26-2019-11-26-2151-16-ta	2019-11-26-2151-16-ta	2019-11-26	Election Commission - A member has Vacated his Office of member of the Polgahawela Pradeshiya Sabha	https://documents.gov.lk/view/extra-gazettes/egz_2019.html	ta	https://documents.gov.lk/view/extra-gazettes/2019/11/2151-16_T.pdf	2151/16
lk_extraordinary_gazettes_2010s	2019-11-26-2019-11-26-2151-16-si	2019-11-26-2151-16-si	2019-11-26	Election Commission - A member has Vacated his Office of member of the Polgahawela Pradeshiya Sabha	https://documents.gov.lk/view/extra-gazettes/egz_2019.html	si	https://documents.gov.lk/view/extra-gazettes/2019/11/2151-16_S.pdf	2151/16
lk_extraordinary_gazettes_2010s	2019-11-26-2019-11-26-2151-16-en	2019-11-26-2151-16-en	2019-11-26	Election Commission - A member has Vacated his Office of member of the Polgahawela Pradeshiya Sabha	https://documents.gov.lk/view/extra-gazettes/egz_2019.html	en	https://documents.gov.lk/view/extra-gazettes/2019/11/2151-16_E.pdf	2151/16
lk_extraordinary_gazettes_2010s	2019-11-26-2019-11-26-2151-15-ta	2019-11-26-2151-15-ta	2019-11-26	Election Commission - Two members have Vacated their Office of member of the Mawanella Pradeshiya Sabha	https://documents.gov.lk/view/extra-gazettes/egz_2019.html	ta	https://documents.gov.lk/view/extra-gazettes/2019/11/2151-15_T.pdf	2151/15
lk_extraordinary_gazettes_2010s	2019-11-26-2019-11-26-2151-15-si	2019-11-26-2151-15-si	2019-11-26	Election Commission - Two members have Vacated their Office of member of the Mawanella Pradeshiya Sabha	https://documents.gov.lk/view/extra-gazettes/egz_2019.html	si	https://documents.gov.lk/view/extra-gazettes/2019/11/2151-15_S.pdf	2151/15
lk_extraordinary_gazettes_2010s	2019-11-26-2019-11-26-2151-15-en	2019-11-26-2151-15-en	2019-11-26	Election Commission - Two members have Vacated their Office of member of the Mawanella Pradeshiya Sabha	https://documents.gov.lk/view/extra-gazettes/egz_2019.html	en	https://documents.gov.lk/view/extra-gazettes/2019/11/2151-15_E.pdf	2151/15
lk_extraordinary_gazettes_2010s	2019-11-26-2019-11-26-2151-14-ta	2019-11-26-2151-14-ta	2019-11-26	Presidential Secretariat - Order to appoint Mr. G. S. Senarath as Secretary to the Prime Minister w.e.f. 21.11.2019	https://documents.gov.lk/view/extra-gazettes/egz_2019.html	ta	https://documents.gov.lk/view/extra-gazettes/2019/11/2151-14_T.pdf	2151/14
lk_extraordinary_gazettes_2010s	2019-11-26-2019-11-26-2151-14-si	2019-11-26-2151-14-si	2019-11-26	Presidential Secretariat - Order to appoint Mr. G. S. Senarath as Secretary to the Prime Minister w.e.f. 21.11.2019	https://documents.gov.lk/view/extra-gazettes/egz_2019.html	si	https://documents.gov.lk/view/extra-gazettes/2019/11/2151-14_S.pdf	2151/14
lk_extraordinary_gazettes_2010s	2019-11-26-2019-11-26-2151-14-en	2019-11-26-2151-14-en	2019-11-26	Presidential Secretariat - Order to appoint Mr. G. S. Senarath as Secretary to the Prime Minister w.e.f. 21.11.2019	https://documents.gov.lk/view/extra-gazettes/egz_2019.html	en	https://documents.gov.lk/view/extra-gazettes/2019/11/2151-14_E.pdf	2151/14
lk_extraordinary_gazettes_2010s	2019-11-26-2019-11-26-2151-13-ta	2019-11-26-2151-13-ta	2019-11-26	Presidential Secretariat - Order to appoint Dr. P. B. Jayasundera as Secretary to the President w.e.f. 19.11.2019	https://documents.gov.lk/view/extra-gazettes/egz_2019.html	ta	https://documents.gov.lk/view/extra-gazettes/2019/11/2151-13_T.pdf	2151/13
lk_extraordinary_gazettes_2010s	2019-11-26-2019-11-26-2151-13-si	2019-11-26-2151-13-si	2019-11-26	Presidential Secretariat - Order to appoint Dr. P. B. Jayasundera as Secretary to the President w.e.f. 19.11.2019	https://documents.gov.lk/view/extra-gazettes/egz_2019.html	si	https://documents.gov.lk/view/extra-gazettes/2019/11/2151-13_S.pdf	2151/13
lk_extraordinary_gazettes_2010s	2019-11-26-2019-11-26-2151-13-en	2019-11-26-2151-13-en	2019-11-26	Presidential Secretariat - Order to appoint Dr. P. B. Jayasundera as Secretary to the President w.e.f. 19.11.2019	https://documents.gov.lk/view/extra-gazettes/egz_2019.html	en	https://documents.gov.lk/view/extra-gazettes/2019/11/2151-13_E.pdf	2151/13
lk_extraordinary_gazettes_2010s	2019-11-25-2019-11-25-2151-12-ta	2019-11-25-2151-12-ta	2019-11-25	Land Acquisition - Muruthenge, Kuliyapitiya-East D/S Division, Kurunegala District	https://documents.gov.lk/view/extra-gazettes/egz_2019.html	ta	https://documents.gov.lk/view/extra-gazettes/2019/11/2151-12_T.pdf	2151/12
lk_extraordinary_gazettes_2010s	2019-11-25-2019-11-25-2151-12-si	2019-11-25-2151-12-si	2019-11-25	Land Acquisition - Muruthenge, Kuliyapitiya-East D/S Division, Kurunegala District	https://documents.gov.lk/view/extra-gazettes/egz_2019.html	si	https://documents.gov.lk/view/extra-gazettes/2019/11/2151-12_S.pdf	2151/12
lk_extraordinary_gazettes_2010s	2019-11-25-2019-11-25-2151-12-en	2019-11-25-2151-12-en	2019-11-25	Land Acquisition - Muruthenge, Kuliyapitiya-East D/S Division, Kurunegala District	https://documents.gov.lk/view/extra-gazettes/egz_2019.html	en	https://documents.gov.lk/view/extra-gazettes/2019/11/2151-12_E.pdf	2151/12
lk_extraordinary_gazettes_2010s	2019-11-25-2019-11-25-2151-11-ta	2019-11-25-2151-11-ta	2019-11-25	Land Title Settlement Department  -  Pokunuwita, Horana D/S Division, Kalutara  District  - Cad. Map No. 530177 and others	https://documents.gov.lk/view/extra-gazettes/egz_2019.html	ta	https://documents.gov.lk/view/extra-gazettes/2019/11/2151-11_T.pdf	2151/11
lk_extraordinary_gazettes_2010s	2019-11-25-2019-11-25-2151-11-si	2019-11-25-2151-11-si	2019-11-25	Land Title Settlement Department  -  Pokunuwita, Horana D/S Division, Kalutara  District  - Cad. Map No. 530177 and others	https://documents.gov.lk/view/extra-gazettes/egz_2019.html	si	https://documents.gov.lk/view/extra-gazettes/2019/11/2151-11_S.pdf	2151/11
lk_extraordinary_gazettes_2010s	2019-11-25-2019-11-25-2151-11-en	2019-11-25-2151-11-en	2019-11-25	Land Title Settlement Department  -  Pokunuwita, Horana D/S Division, Kalutara  District  - Cad. Map No. 530177 and others	https://documents.gov.lk/view/extra-gazettes/egz_2019.html	en	https://documents.gov.lk/view/extra-gazettes/2019/11/2151-11_E.pdf	2151/11
lk_extraordinary_gazettes_2010s	2019-11-25-2019-11-25-2151-10-ta	2019-11-25-2151-10-ta	2019-11-25	Land Title Settlement Department  -  Sitinamaluwa,  Beliatta D/S Division, Hambanthota District  - Cad. Map No. 830116  and others	https://documents.gov.lk/view/extra-gazettes/egz_2019.html	ta	https://documents.gov.lk/view/extra-gazettes/2019/11/2151-10_T.pdf	2151/10
lk_extraordinary_gazettes_2010s	2019-11-25-2019-11-25-2151-10-si	2019-11-25-2151-10-si	2019-11-25	Land Title Settlement Department  -  Sitinamaluwa,  Beliatta D/S Division, Hambanthota District  - Cad. Map No. 830116  and others	https://documents.gov.lk/view/extra-gazettes/egz_2019.html	si	https://documents.gov.lk/view/extra-gazettes/2019/11/2151-10_S.pdf	2151/10
lk_extraordinary_gazettes_2010s	2019-11-25-2019-11-25-2151-10-en	2019-11-25-2151-10-en	2019-11-25	Land Title Settlement Department  -  Sitinamaluwa,  Beliatta D/S Division, Hambanthota District  - Cad. Map No. 830116  and others	https://documents.gov.lk/view/extra-gazettes/egz_2019.html	en	https://documents.gov.lk/view/extra-gazettes/2019/11/2151-10_E.pdf	2151/10
lk_extraordinary_gazettes_2010s	2019-11-25-2019-11-25-2151-09-ta	2019-11-25-2151-09-ta	2019-11-25	Land Title Settlement Department  -  Bambaragammana,  Wariyapola D/S Division, Kurunegala District - Cad. Map No. 420946 and others	https://documents.gov.lk/view/extra-gazettes/egz_2019.html	ta	https://documents.gov.lk/view/extra-gazettes/2019/11/2151-09_T.pdf	2151/09
lk_extraordinary_gazettes_2010s	2019-11-25-2019-11-25-2151-09-si	2019-11-25-2151-09-si	2019-11-25	Land Title Settlement Department  -  Bambaragammana,  Wariyapola D/S Division, Kurunegala District - Cad. Map No. 420946 and others	https://documents.gov.lk/view/extra-gazettes/egz_2019.html	si	https://documents.gov.lk/view/extra-gazettes/2019/11/2151-09_S.pdf	2151/09
lk_extraordinary_gazettes_2010s	2019-11-25-2019-11-25-2151-09-en	2019-11-25-2151-09-en	2019-11-25	Land Title Settlement Department  -  Bambaragammana,  Wariyapola D/S Division, Kurunegala District - Cad. Map No. 420946 and others	https://documents.gov.lk/view/extra-gazettes/egz_2019.html	en	https://documents.gov.lk/view/extra-gazettes/2019/11/2151-09_E.pdf	2151/09
lk_extraordinary_gazettes_2010s	2019-11-25-2019-11-25-2151-08-ta	2019-11-25-2151-08-ta	2019-11-25	Provincial Public Service Commission - Western Province  -  Revision No. 03  service Minute of Western Provincial Public Management Assistant Service	https://documents.gov.lk/view/extra-gazettes/egz_2019.html	ta	https://documents.gov.lk/view/extra-gazettes/2019/11/2151-08_T.pdf	2151/08
lk_extraordinary_gazettes_2010s	2019-11-25-2019-11-25-2151-08-si	2019-11-25-2151-08-si	2019-11-25	Provincial Public Service Commission - Western Province  -  Revision No. 03  service Minute of Western Provincial Public Management Assistant Service	https://documents.gov.lk/view/extra-gazettes/egz_2019.html	si	https://documents.gov.lk/view/extra-gazettes/2019/11/2151-08_S.pdf	2151/08
lk_extraordinary_gazettes_2010s	2019-11-25-2019-11-25-2151-08-en	2019-11-25-2151-08-en	2019-11-25	Provincial Public Service Commission - Western Province  -  Revision No. 03  service Minute of Western Provincial Public Management Assistant Service	https://documents.gov.lk/view/extra-gazettes/egz_2019.html	en	https://documents.gov.lk/view/extra-gazettes/2019/11/2151-08_E.pdf	2151/08
lk_extraordinary_gazettes_2010s	2019-11-25-2019-11-25-2151-07-ta	2019-11-25-2151-07-ta	2019-11-25	Consumer Affairs Authority - Order to Print Information on Float Operated Valves and Spare Parts	https://documents.gov.lk/view/extra-gazettes/egz_2019.html	ta	https://documents.gov.lk/view/extra-gazettes/2019/11/2151-07_T.pdf	2151/07
lk_extraordinary_gazettes_2010s	2019-11-25-2019-11-25-2151-07-si	2019-11-25-2151-07-si	2019-11-25	Consumer Affairs Authority - Order to Print Information on Float Operated Valves and Spare Parts	https://documents.gov.lk/view/extra-gazettes/egz_2019.html	si	https://documents.gov.lk/view/extra-gazettes/2019/11/2151-07_S.pdf	2151/07
lk_extraordinary_gazettes_2010s	2019-11-25-2019-11-25-2151-07-en	2019-11-25-2151-07-en	2019-11-25	Consumer Affairs Authority - Order to Print Information on Float Operated Valves and Spare Parts	https://documents.gov.lk/view/extra-gazettes/egz_2019.html	en	https://documents.gov.lk/view/extra-gazettes/2019/11/2151-07_E.pdf	2151/07
lk_extraordinary_gazettes_2010s	2019-11-25-2019-11-25-2151-06-ta	2019-11-25-2151-06-ta	2019-11-25	Presidential  Secretariat   -   Hon. R. Wickremasinghe M. P. , Prime Minister has resigned w.e.f. 21.11.2019	https://documents.gov.lk/view/extra-gazettes/egz_2019.html	ta	https://documents.gov.lk/view/extra-gazettes/2019/11/2151-06_T.pdf	2151/06
lk_extraordinary_gazettes_2010s	2019-11-25-2019-11-25-2151-06-si	2019-11-25-2151-06-si	2019-11-25	Presidential  Secretariat   -   Hon. R. Wickremasinghe M. P. , Prime Minister has resigned w.e.f. 21.11.2019	https://documents.gov.lk/view/extra-gazettes/egz_2019.html	si	https://documents.gov.lk/view/extra-gazettes/2019/11/2151-06_S.pdf	2151/06
lk_extraordinary_gazettes_2010s	2019-11-25-2019-11-25-2151-06-en	2019-11-25-2151-06-en	2019-11-25	Presidential  Secretariat   -   Hon. R. Wickremasinghe M. P. , Prime Minister has resigned w.e.f. 21.11.2019	https://documents.gov.lk/view/extra-gazettes/egz_2019.html	en	https://documents.gov.lk/view/extra-gazettes/2019/11/2151-06_E.pdf	2151/06
lk_extraordinary_gazettes_2010s	2019-11-25-2019-11-25-2151-05-ta	2019-11-25-2151-05-ta	2019-11-25	Land Acquisition - Makilangamuwa, Gampaha D/S Division,  Gampaha District	https://documents.gov.lk/view/extra-gazettes/egz_2019.html	ta	https://documents.gov.lk/view/extra-gazettes/2019/11/2151-05_T.pdf	2151/05
lk_extraordinary_gazettes_2010s	2019-11-25-2019-11-25-2151-05-si	2019-11-25-2151-05-si	2019-11-25	Land Acquisition - Makilangamuwa, Gampaha D/S Division,  Gampaha District	https://documents.gov.lk/view/extra-gazettes/egz_2019.html	si	https://documents.gov.lk/view/extra-gazettes/2019/11/2151-05_S.pdf	2151/05
lk_extraordinary_gazettes_2010s	2019-11-25-2019-11-25-2151-05-en	2019-11-25-2151-05-en	2019-11-25	Land Acquisition - Makilangamuwa, Gampaha D/S Division,  Gampaha District	https://documents.gov.lk/view/extra-gazettes/egz_2019.html	en	https://documents.gov.lk/view/extra-gazettes/2019/11/2151-05_E.pdf	2151/05
lk_extraordinary_gazettes_2010s	2019-11-25-2019-11-25-2151-04-ta	2019-11-25-2151-04-ta	2019-11-25	Coast Conservation and Coastal Management Department  -  Environmental Impact Assessment Report of proposed Liquefied Natural Gas Infrastructure Development Project	https://documents.gov.lk/view/extra-gazettes/egz_2019.html	ta	https://documents.gov.lk/view/extra-gazettes/2019/11/2151-04_T.pdf	2151/04
lk_extraordinary_gazettes_2010s	2019-11-25-2019-11-25-2151-04-si	2019-11-25-2151-04-si	2019-11-25	Coast Conservation and Coastal Management Department  -  Environmental Impact Assessment Report of proposed Liquefied Natural Gas Infrastructure Development Project	https://documents.gov.lk/view/extra-gazettes/egz_2019.html	si	https://documents.gov.lk/view/extra-gazettes/2019/11/2151-04_S.pdf	2151/04
lk_extraordinary_gazettes_2010s	2019-11-25-2019-11-25-2151-04-en	2019-11-25-2151-04-en	2019-11-25	Coast Conservation and Coastal Management Department  -  Environmental Impact Assessment Report of proposed Liquefied Natural Gas Infrastructure Development Project	https://documents.gov.lk/view/extra-gazettes/egz_2019.html	en	https://documents.gov.lk/view/extra-gazettes/2019/11/2151-04_E.pdf	2151/04
lk_extraordinary_gazettes_2010s	2019-11-25-2019-11-25-2151-03-ta	2019-11-25-2151-03-ta	2019-11-25	Dept. of Co-operative Development - Conferment of Powers to assist the Commissioner of Co-operative Development	https://documents.gov.lk/view/extra-gazettes/egz_2019.html	ta	https://documents.gov.lk/view/extra-gazettes/2019/11/2151-03_T.pdf	2151/03
lk_extraordinary_gazettes_2010s	2019-11-25-2019-11-25-2151-03-en	2019-11-25-2151-03-en	2019-11-25	Dept. of Co-operative Development - Conferment of Powers to assist the Commissioner of Co-operative Development	https://documents.gov.lk/view/extra-gazettes/egz_2019.html	en	https://documents.gov.lk/view/extra-gazettes/2019/11/2151-03_E.pdf	2151/03
lk_extraordinary_gazettes_2010s	2019-11-25-2019-11-25-2151-02-ta	2019-11-25-2151-02-ta	2019-11-25	Land Acquisition - Panchikawatta, Colombo D/S Division, Colombo District	https://documents.gov.lk/view/extra-gazettes/egz_2019.html	ta	https://documents.gov.lk/view/extra-gazettes/2019/11/2151-02_T.pdf	2151/02
lk_extraordinary_gazettes_2010s	2019-11-25-2019-11-25-2151-02-si	2019-11-25-2151-02-si	2019-11-25	Land Acquisition - Panchikawatta, Colombo D/S Division, Colombo District	https://documents.gov.lk/view/extra-gazettes/egz_2019.html	si	https://documents.gov.lk/view/extra-gazettes/2019/11/2151-02_S.pdf	2151/02
lk_extraordinary_gazettes_2010s	2019-11-25-2019-11-25-2151-02-en	2019-11-25-2151-02-en	2019-11-25	Land Acquisition - Panchikawatta, Colombo D/S Division, Colombo District	https://documents.gov.lk/view/extra-gazettes/egz_2019.html	en	https://documents.gov.lk/view/extra-gazettes/2019/11/2151-02_E.pdf	2151/02
lk_extraordinary_gazettes_2010s	2019-11-25-2019-11-25-2151-01-ta	2019-11-25-2151-01-ta	2019-11-25	Sri Lanka Customs - Rates of Exchange effective from 25.11.2019 to 01.12.2019	https://documents.gov.lk/view/extra-gazettes/egz_2019.html	ta	https://documents.gov.lk/view/extra-gazettes/2019/11/2151-01_T.pdf	2151/01
lk_extraordinary_gazettes_2010s	2019-11-25-2019-11-25-2151-01-si	2019-11-25-2151-01-si	2019-11-25	Sri Lanka Customs - Rates of Exchange effective from 25.11.2019 to 01.12.2019	https://documents.gov.lk/view/extra-gazettes/egz_2019.html	si	https://documents.gov.lk/view/extra-gazettes/2019/11/2151-01_S.pdf	2151/01
lk_extraordinary_gazettes_2010s	2019-11-25-2019-11-25-2151-01-en	2019-11-25-2151-01-en	2019-11-25	Sri Lanka Customs - Rates of Exchange effective from 25.11.2019 to 01.12.2019	https://documents.gov.lk/view/extra-gazettes/egz_2019.html	en	https://documents.gov.lk/view/extra-gazettes/2019/11/2151-01_E.pdf	2151/01
lk_extraordinary_gazettes_2010s	2019-11-22-2019-11-22-2150-77-ta	2019-11-22-2150-77-ta	2019-11-22	Presidential Secretarial - Order Call out w.e.f. 22.11.2019, all the members of Armed Forces for the maintanance of Public Order, under the Public Security Ordinance	https://documents.gov.lk/view/extra-gazettes/egz_2019.html	ta	https://documents.gov.lk/view/extra-gazettes/2019/11/2150-77_T.pdf	2150/77
lk_extraordinary_gazettes_2010s	2019-11-22-2019-11-22-2150-77-si	2019-11-22-2150-77-si	2019-11-22	Presidential Secretarial - Order Call out w.e.f. 22.11.2019, all the members of Armed Forces for the maintanance of Public Order, under the Public Security Ordinance	https://documents.gov.lk/view/extra-gazettes/egz_2019.html	si	https://documents.gov.lk/view/extra-gazettes/2019/11/2150-77_S.pdf	2150/77
lk_extraordinary_gazettes_2010s	2019-11-22-2019-11-22-2150-77-en	2019-11-22-2150-77-en	2019-11-22	Presidential Secretarial - Order Call out w.e.f. 22.11.2019, all the members of Armed Forces for the maintanance of Public Order, under the Public Security Ordinance	https://documents.gov.lk/view/extra-gazettes/egz_2019.html	en	https://documents.gov.lk/view/extra-gazettes/2019/11/2150-77_E.pdf	2150/77
lk_extraordinary_gazettes_2010s	2019-11-22-2019-11-22-2150-76-ta	2019-11-22-2150-76-ta	2019-11-22	Land Acquisition - Hawpe, Athuraliya D/S Division, Matara District - Wamarpannai, Nallur D/S Division, Jaffna District	https://documents.gov.lk/view/extra-gazettes/egz_2019.html	ta	https://documents.gov.lk/view/extra-gazettes/2019/11/2150-76_T.pdf	2150/76
lk_extraordinary_gazettes_2010s	2019-11-22-2019-11-22-2150-76-si	2019-11-22-2150-76-si	2019-11-22	Land Acquisition - Hawpe, Athuraliya D/S Division, Matara District - Wamarpannai, Nallur D/S Division, Jaffna District	https://documents.gov.lk/view/extra-gazettes/egz_2019.html	si	https://documents.gov.lk/view/extra-gazettes/2019/11/2150-76_S.pdf	2150/76
lk_extraordinary_gazettes_2010s	2019-11-22-2019-11-22-2150-76-en	2019-11-22-2150-76-en	2019-11-22	Land Acquisition - Hawpe, Athuraliya D/S Division, Matara District - Wamarpannai, Nallur D/S Division, Jaffna District	https://documents.gov.lk/view/extra-gazettes/egz_2019.html	en	https://documents.gov.lk/view/extra-gazettes/2019/11/2150-76_E.pdf	2150/76
lk_extraordinary_gazettes_2010s	2019-11-22-2019-11-22-2150-75-ta	2019-11-22-2150-75-ta	2019-11-22	Land Acquisition -  Compensations for the acquisitions of the lands in Weligama D/S Division of Matara District	https://documents.gov.lk/view/extra-gazettes/egz_2019.html	ta	https://documents.gov.lk/view/extra-gazettes/2019/11/2150-75_T.pdf	2150/75
lk_extraordinary_gazettes_2010s	2019-11-22-2019-11-22-2150-75-si	2019-11-22-2150-75-si	2019-11-22	Land Acquisition -  Compensations for the acquisitions of the lands in Weligama D/S Division of Matara District	https://documents.gov.lk/view/extra-gazettes/egz_2019.html	si	https://documents.gov.lk/view/extra-gazettes/2019/11/2150-75_S.pdf	2150/75
lk_extraordinary_gazettes_2010s	2019-11-22-2019-11-22-2150-75-en	2019-11-22-2150-75-en	2019-11-22	Land Acquisition -  Compensations for the acquisitions of the lands in Weligama D/S Division of Matara District	https://documents.gov.lk/view/extra-gazettes/egz_2019.html	en	https://documents.gov.lk/view/extra-gazettes/2019/11/2150-75_E.pdf	2150/75
lk_extraordinary_gazettes_2010s	2019-11-22-2019-11-22-2150-74-ta	2019-11-22-2150-74-ta	2019-11-22	Ministry of Co-operative  Development   -  Society known as Hotel Engineers Association of Sri Lanka	https://documents.gov.lk/view/extra-gazettes/egz_2019.html	ta	https://documents.gov.lk/view/extra-gazettes/2019/11/2150-74_T.pdf	2150/74
lk_extraordinary_gazettes_2010s	2019-11-22-2019-11-22-2150-74-si	2019-11-22-2150-74-si	2019-11-22	Ministry of Co-operative  Development   -  Society known as Hotel Engineers Association of Sri Lanka	https://documents.gov.lk/view/extra-gazettes/egz_2019.html	si	https://documents.gov.lk/view/extra-gazettes/2019/11/2150-74_S.pdf	2150/74
lk_extraordinary_gazettes_2010s	2019-11-22-2019-11-22-2150-74-en	2019-11-22-2150-74-en	2019-11-22	Ministry of Co-operative  Development   -  Society known as Hotel Engineers Association of Sri Lanka	https://documents.gov.lk/view/extra-gazettes/egz_2019.html	en	https://documents.gov.lk/view/extra-gazettes/2019/11/2150-74_E.pdf	2150/74
lk_extraordinary_gazettes_2010s	2019-11-22-2019-11-22-2150-73-ta	2019-11-22-2150-73-ta	2019-11-22	Department of Census & Statistics - National Consumer Price Index for the month of October, 2019	https://documents.gov.lk/view/extra-gazettes/egz_2019.html	ta	https://documents.gov.lk/view/extra-gazettes/2019/11/2150-73_T.pdf	2150/73
lk_extraordinary_gazettes_2010s	2019-11-22-2019-11-22-2150-73-si	2019-11-22-2150-73-si	2019-11-22	Department of Census & Statistics - National Consumer Price Index for the month of October, 2019	https://documents.gov.lk/view/extra-gazettes/egz_2019.html	si	https://documents.gov.lk/view/extra-gazettes/2019/11/2150-73_S.pdf	2150/73
lk_extraordinary_gazettes_2010s	2019-11-22-2019-11-22-2150-73-en	2019-11-22-2150-73-en	2019-11-22	Department of Census & Statistics - National Consumer Price Index for the month of October, 2019	https://documents.gov.lk/view/extra-gazettes/egz_2019.html	en	https://documents.gov.lk/view/extra-gazettes/2019/11/2150-73_E.pdf	2150/73
lk_extraordinary_gazettes_2010s	2019-11-22-2019-11-22-2150-72-ta	2019-11-22-2150-72-ta	2019-11-22	Governor's  Secretariat of Sabaragamuwa  Province    -  Notify the Third Supplementary Financial Statement - 2019	https://documents.gov.lk/view/extra-gazettes/egz_2019.html	ta	https://documents.gov.lk/view/extra-gazettes/2019/11/2150-72_T.pdf	2150/72
lk_extraordinary_gazettes_2010s	2019-11-22-2019-11-22-2150-72-si	2019-11-22-2150-72-si	2019-11-22	Governor's  Secretariat of Sabaragamuwa  Province    -  Notify the Third Supplementary Financial Statement - 2019	https://documents.gov.lk/view/extra-gazettes/egz_2019.html	si	https://documents.gov.lk/view/extra-gazettes/2019/11/2150-72_S.pdf	2150/72
lk_extraordinary_gazettes_2010s	2019-11-22-2019-11-22-2150-72-en	2019-11-22-2150-72-en	2019-11-22	Governor's  Secretariat of Sabaragamuwa  Province    -  Notify the Third Supplementary Financial Statement - 2019	https://documents.gov.lk/view/extra-gazettes/egz_2019.html	en	https://documents.gov.lk/view/extra-gazettes/2019/11/2150-72_E.pdf	2150/72
lk_extraordinary_gazettes_2010s	2019-11-22-2019-11-22-2150-71-ta	2019-11-22-2150-71-ta	2019-11-22	Governor's  Secretariat of Sabaragamuwa  Province    -  Notify the second Supplementary Financial Statement - 2019	https://documents.gov.lk/view/extra-gazettes/egz_2019.html	ta	https://documents.gov.lk/view/extra-gazettes/2019/11/2150-71_T.pdf	2150/71
lk_extraordinary_gazettes_2010s	2019-11-22-2019-11-22-2150-71-si	2019-11-22-2150-71-si	2019-11-22	Governor's  Secretariat of Sabaragamuwa  Province    -  Notify the second Supplementary Financial Statement - 2019	https://documents.gov.lk/view/extra-gazettes/egz_2019.html	si	https://documents.gov.lk/view/extra-gazettes/2019/11/2150-71_S.pdf	2150/71
lk_extraordinary_gazettes_2010s	2019-11-22-2019-11-22-2150-71-en	2019-11-22-2150-71-en	2019-11-22	Governor's  Secretariat of Sabaragamuwa  Province    -  Notify the second Supplementary Financial Statement - 2019	https://documents.gov.lk/view/extra-gazettes/egz_2019.html	en	https://documents.gov.lk/view/extra-gazettes/2019/11/2150-71_E.pdf	2150/71
lk_extraordinary_gazettes_2010s	2019-11-21-2019-11-21-2150-69-ta	2019-11-21-2150-69-ta	2019-11-21	Land Acquisition - Katuwangoda, Malimbada D/S Division, Matara District and Gangulathenna, Ambagamuwakorale D/S Division, Nuwara eliya District	https://documents.gov.lk/view/extra-gazettes/egz_2019.html	ta	https://documents.gov.lk/view/extra-gazettes/2019/11/2150-69_T.pdf	2150/69
lk_extraordinary_gazettes_2010s	2019-11-21-2019-11-21-2150-69-si	2019-11-21-2150-69-si	2019-11-21	Land Acquisition - Katuwangoda, Malimbada D/S Division, Matara District and Gangulathenna, Ambagamuwakorale D/S Division, Nuwara eliya District	https://documents.gov.lk/view/extra-gazettes/egz_2019.html	si	https://documents.gov.lk/view/extra-gazettes/2019/11/2150-69_S.pdf	2150/69
lk_extraordinary_gazettes_2010s	2019-11-21-2019-11-21-2150-69-en	2019-11-21-2150-69-en	2019-11-21	Land Acquisition - Katuwangoda, Malimbada D/S Division, Matara District and Gangulathenna, Ambagamuwakorale D/S Division, Nuwara eliya District	https://documents.gov.lk/view/extra-gazettes/egz_2019.html	en	https://documents.gov.lk/view/extra-gazettes/2019/11/2150-69_E.pdf	2150/69
lk_extraordinary_gazettes_2010s	2019-11-21-2019-11-21-2150-68-ta	2019-11-21-2150-68-ta	2019-11-21	Land Acquisition - Enasalmada, Ukuwela D/S Division, Matale Division	https://documents.gov.lk/view/extra-gazettes/egz_2019.html	ta	https://documents.gov.lk/view/extra-gazettes/2019/11/2150-68_T.pdf	2150/68
lk_extraordinary_gazettes_2010s	2019-11-21-2019-11-21-2150-68-si	2019-11-21-2150-68-si	2019-11-21	Land Acquisition - Enasalmada, Ukuwela D/S Division, Matale Division	https://documents.gov.lk/view/extra-gazettes/egz_2019.html	si	https://documents.gov.lk/view/extra-gazettes/2019/11/2150-68_S.pdf	2150/68
lk_extraordinary_gazettes_2010s	2019-11-21-2019-11-21-2150-68-en	2019-11-21-2150-68-en	2019-11-21	Land Acquisition - Enasalmada, Ukuwela D/S Division, Matale Division	https://documents.gov.lk/view/extra-gazettes/egz_2019.html	en	https://documents.gov.lk/view/extra-gazettes/2019/11/2150-68_E.pdf	2150/68
lk_extraordinary_gazettes_2010s	2019-11-21-2019-11-21-2150-67-ta	2019-11-21-2150-67-ta	2019-11-21	Land Title Settlement Department - Thudella, Ja-ela D/S Division, Gampaha District - Cad. Map No. 512200	https://documents.gov.lk/view/extra-gazettes/egz_2019.html	ta	https://documents.gov.lk/view/extra-gazettes/2019/11/2150-67_T.pdf	2150/67
lk_extraordinary_gazettes_2010s	2019-11-21-2019-11-21-2150-67-si	2019-11-21-2150-67-si	2019-11-21	Land Title Settlement Department - Thudella, Ja-ela D/S Division, Gampaha District - Cad. Map No. 512200	https://documents.gov.lk/view/extra-gazettes/egz_2019.html	si	https://documents.gov.lk/view/extra-gazettes/2019/11/2150-67_S.pdf	2150/67
lk_extraordinary_gazettes_2010s	2019-11-21-2019-11-21-2150-67-en	2019-11-21-2150-67-en	2019-11-21	Land Title Settlement Department - Thudella, Ja-ela D/S Division, Gampaha District - Cad. Map No. 512200	https://documents.gov.lk/view/extra-gazettes/egz_2019.html	en	https://documents.gov.lk/view/extra-gazettes/2019/11/2150-67_E.pdf	2150/67
lk_extraordinary_gazettes_2010s	2019-11-21-2019-11-21-2150-66-ta	2019-11-21-2150-66-ta	2019-11-21	Land Title Settlement Department - Katiyawa, Thalawa D/S Division, Anuradhapura District - Cad. Map No. 110109	https://documents.gov.lk/view/extra-gazettes/egz_2019.html	ta	https://documents.gov.lk/view/extra-gazettes/2019/11/2150-66_T.pdf	2150/66
lk_extraordinary_gazettes_2010s	2019-11-21-2019-11-21-2150-66-si	2019-11-21-2150-66-si	2019-11-21	Land Title Settlement Department - Katiyawa, Thalawa D/S Division, Anuradhapura District - Cad. Map No. 110109	https://documents.gov.lk/view/extra-gazettes/egz_2019.html	si	https://documents.gov.lk/view/extra-gazettes/2019/11/2150-66_S.pdf	2150/66
lk_extraordinary_gazettes_2010s	2019-11-21-2019-11-21-2150-66-en	2019-11-21-2150-66-en	2019-11-21	Land Title Settlement Department - Katiyawa, Thalawa D/S Division, Anuradhapura District - Cad. Map No. 110109	https://documents.gov.lk/view/extra-gazettes/egz_2019.html	en	https://documents.gov.lk/view/extra-gazettes/2019/11/2150-66_E.pdf	2150/66
lk_extraordinary_gazettes_2010s	2019-11-21-2019-11-21-2150-65-ta	2019-11-21-2150-65-ta	2019-11-21	Land Title Settlement Department - Hapuwalana, Divulapitiya D/S Division, Gampaha District - Cad. Map No.510015	https://documents.gov.lk/view/extra-gazettes/egz_2019.html	ta	https://documents.gov.lk/view/extra-gazettes/2019/11/2150-65_T.pdf	2150/65
lk_extraordinary_gazettes_2010s	2019-11-21-2019-11-21-2150-65-si	2019-11-21-2150-65-si	2019-11-21	Land Title Settlement Department - Hapuwalana, Divulapitiya D/S Division, Gampaha District - Cad. Map No.510015	https://documents.gov.lk/view/extra-gazettes/egz_2019.html	si	https://documents.gov.lk/view/extra-gazettes/2019/11/2150-65_S.pdf	2150/65
lk_extraordinary_gazettes_2010s	2019-11-21-2019-11-21-2150-65-en	2019-11-21-2150-65-en	2019-11-21	Land Title Settlement Department - Hapuwalana, Divulapitiya D/S Division, Gampaha District - Cad. Map No.510015	https://documents.gov.lk/view/extra-gazettes/egz_2019.html	en	https://documents.gov.lk/view/extra-gazettes/2019/11/2150-65_E.pdf	2150/65
lk_extraordinary_gazettes_2010s	2019-11-21-2019-11-21-2150-64-ta	2019-11-21-2150-64-ta	2019-11-21	Land Title Settlement Department - Sitinamaluwa, Beliatta D/S Division, Hambantota District - Cad. Map No.830116	https://documents.gov.lk/view/extra-gazettes/egz_2019.html	ta	https://documents.gov.lk/view/extra-gazettes/2019/11/2150-64_T.pdf	2150/64
lk_extraordinary_gazettes_2010s	2019-11-21-2019-11-21-2150-64-si	2019-11-21-2150-64-si	2019-11-21	Land Title Settlement Department - Sitinamaluwa, Beliatta D/S Division, Hambantota District - Cad. Map No.830116	https://documents.gov.lk/view/extra-gazettes/egz_2019.html	si	https://documents.gov.lk/view/extra-gazettes/2019/11/2150-64_S.pdf	2150/64
lk_extraordinary_gazettes_2010s	2019-11-21-2019-11-21-2150-64-en	2019-11-21-2150-64-en	2019-11-21	Land Title Settlement Department - Sitinamaluwa, Beliatta D/S Division, Hambantota District - Cad. Map No.830116	https://documents.gov.lk/view/extra-gazettes/egz_2019.html	en	https://documents.gov.lk/view/extra-gazettes/2019/11/2150-64_E.pdf	2150/64
lk_extraordinary_gazettes_2010s	2019-11-21-2019-11-21-2150-63-ta	2019-11-21-2150-63-ta	2019-11-21	Land Title Settlement Department - Borukgomuwa, Meerigama D/S Division, Gampaha District - Cad. Map No. 510207	https://documents.gov.lk/view/extra-gazettes/egz_2019.html	ta	https://documents.gov.lk/view/extra-gazettes/2019/11/2150-63_T.pdf	2150/63
lk_extraordinary_gazettes_2010s	2019-11-21-2019-11-21-2150-63-si	2019-11-21-2150-63-si	2019-11-21	Land Title Settlement Department - Borukgomuwa, Meerigama D/S Division, Gampaha District - Cad. Map No. 510207	https://documents.gov.lk/view/extra-gazettes/egz_2019.html	si	https://documents.gov.lk/view/extra-gazettes/2019/11/2150-63_S.pdf	2150/63
lk_extraordinary_gazettes_2010s	2019-11-21-2019-11-21-2150-63-en	2019-11-21-2150-63-en	2019-11-21	Land Title Settlement Department - Borukgomuwa, Meerigama D/S Division, Gampaha District - Cad. Map No. 510207	https://documents.gov.lk/view/extra-gazettes/egz_2019.html	en	https://documents.gov.lk/view/extra-gazettes/2019/11/2150-63_E.pdf	2150/63
lk_extraordinary_gazettes_2010s	2019-11-21-2019-11-21-2150-62-ta	2019-11-21-2150-62-ta	2019-11-21	Land Title Settlement Department - Mailawalana, Dompe D/S Division, Gampaha District - Cad. Map No. 511000	https://documents.gov.lk/view/extra-gazettes/egz_2019.html	ta	https://documents.gov.lk/view/extra-gazettes/2019/11/2150-62_T.pdf	2150/62
lk_extraordinary_gazettes_2010s	2019-11-21-2019-11-21-2150-62-si	2019-11-21-2150-62-si	2019-11-21	Land Title Settlement Department - Mailawalana, Dompe D/S Division, Gampaha District - Cad. Map No. 511000	https://documents.gov.lk/view/extra-gazettes/egz_2019.html	si	https://documents.gov.lk/view/extra-gazettes/2019/11/2150-62_S.pdf	2150/62
lk_extraordinary_gazettes_2010s	2019-11-21-2019-11-21-2150-62-en	2019-11-21-2150-62-en	2019-11-21	Land Title Settlement Department - Mailawalana, Dompe D/S Division, Gampaha District - Cad. Map No. 511000	https://documents.gov.lk/view/extra-gazettes/egz_2019.html	en	https://documents.gov.lk/view/extra-gazettes/2019/11/2150-62_E.pdf	2150/62
lk_extraordinary_gazettes_2010s	2019-11-21-2019-11-21-2150-61-ta	2019-11-21-2150-61-ta	2019-11-21	Presidential Secretariat - Appointments of Secretaries to the Ministries of Finance, Defence and Foreign Affairs	https://documents.gov.lk/view/extra-gazettes/egz_2019.html	ta	https://documents.gov.lk/view/extra-gazettes/2019/11/2150-61_T.pdf	2150/61
lk_extraordinary_gazettes_2010s	2019-11-21-2019-11-21-2150-61-si	2019-11-21-2150-61-si	2019-11-21	Presidential Secretariat - Appointments of Secretaries to the Ministries of Finance, Defence and Foreign Affairs	https://documents.gov.lk/view/extra-gazettes/egz_2019.html	si	https://documents.gov.lk/view/extra-gazettes/2019/11/2150-61_S.pdf	2150/61
lk_extraordinary_gazettes_2010s	2019-11-21-2019-11-21-2150-61-en	2019-11-21-2150-61-en	2019-11-21	Presidential Secretariat - Appointments of Secretaries to the Ministries of Finance, Defence and Foreign Affairs	https://documents.gov.lk/view/extra-gazettes/egz_2019.html	en	https://documents.gov.lk/view/extra-gazettes/2019/11/2150-61_E.pdf	2150/61
lk_extraordinary_gazettes_2010s	2019-11-21-2019-11-21-2150-60-ta	2019-11-21-2150-60-ta	2019-11-21	Land Title Settlement Department - Calling for claims to land parcels in Hingurakgoda D/S Division - Cad. Map No. 120162 and other Land Parcels	https://documents.gov.lk/view/extra-gazettes/egz_2019.html	ta	https://documents.gov.lk/view/extra-gazettes/2019/11/2150-60_T.pdf	2150/60
lk_extraordinary_gazettes_2010s	2019-11-21-2019-11-21-2150-60-si	2019-11-21-2150-60-si	2019-11-21	Land Title Settlement Department - Calling for claims to land parcels in Hingurakgoda D/S Division - Cad. Map No. 120162 and other Land Parcels	https://documents.gov.lk/view/extra-gazettes/egz_2019.html	si	https://documents.gov.lk/view/extra-gazettes/2019/11/2150-60_S.pdf	2150/60
lk_extraordinary_gazettes_2010s	2019-11-21-2019-11-21-2150-60-en	2019-11-21-2150-60-en	2019-11-21	Land Title Settlement Department - Calling for claims to land parcels in Hingurakgoda D/S Division - Cad. Map No. 120162 and other Land Parcels	https://documents.gov.lk/view/extra-gazettes/egz_2019.html	en	https://documents.gov.lk/view/extra-gazettes/2019/11/2150-60_E.pdf	2150/60
lk_extraordinary_gazettes_2010s	2019-11-21-2019-11-21-2150-59-ta	2019-11-21-2150-59-ta	2019-11-21	Land Title Settlement Department - Village of Puttalama, Puttalama D/S Division, Puttalam District - Cad. Map No. 410111	https://documents.gov.lk/view/extra-gazettes/egz_2019.html	ta	https://documents.gov.lk/view/extra-gazettes/2019/11/2150-59_T.pdf	2150/59
lk_extraordinary_gazettes_2010s	2019-11-21-2019-11-21-2150-59-si	2019-11-21-2150-59-si	2019-11-21	Land Title Settlement Department - Village of Puttalama, Puttalama D/S Division, Puttalam District - Cad. Map No. 410111	https://documents.gov.lk/view/extra-gazettes/egz_2019.html	si	https://documents.gov.lk/view/extra-gazettes/2019/11/2150-59_S.pdf	2150/59
lk_extraordinary_gazettes_2010s	2019-11-21-2019-11-21-2150-59-en	2019-11-21-2150-59-en	2019-11-21	Land Title Settlement Department - Village of Puttalama, Puttalama D/S Division, Puttalam District - Cad. Map No. 410111	https://documents.gov.lk/view/extra-gazettes/egz_2019.html	en	https://documents.gov.lk/view/extra-gazettes/2019/11/2150-59_E.pdf	2150/59
lk_extraordinary_gazettes_2010s	2019-11-21-2019-11-21-2150-58-ta	2019-11-21-2150-58-ta	2019-11-21	Land Title Settlement Department - Pilikutthuwa, Mahara D/S Division, Gampaha District - Cad. Map No. 510800	https://documents.gov.lk/view/extra-gazettes/egz_2019.html	ta	https://documents.gov.lk/view/extra-gazettes/2019/11/2150-58_T.pdf	2150/58
lk_extraordinary_gazettes_2010s	2019-11-21-2019-11-21-2150-58-si	2019-11-21-2150-58-si	2019-11-21	Land Title Settlement Department - Pilikutthuwa, Mahara D/S Division, Gampaha District - Cad. Map No. 510800	https://documents.gov.lk/view/extra-gazettes/egz_2019.html	si	https://documents.gov.lk/view/extra-gazettes/2019/11/2150-58_S.pdf	2150/58
lk_extraordinary_gazettes_2010s	2019-11-21-2019-11-21-2150-58-en	2019-11-21-2150-58-en	2019-11-21	Land Title Settlement Department - Pilikutthuwa, Mahara D/S Division, Gampaha District - Cad. Map No. 510800	https://documents.gov.lk/view/extra-gazettes/egz_2019.html	en	https://documents.gov.lk/view/extra-gazettes/2019/11/2150-58_E.pdf	2150/58
lk_extraordinary_gazettes_2010s	2019-11-21-2019-11-21-2150-57-ta	2019-11-21-2150-57-ta	2019-11-21	Land Title Settlement Department - Inamaluwa, Dambulla D/S Division, Matale District - Cad. Map No. 310009	https://documents.gov.lk/view/extra-gazettes/egz_2019.html	ta	https://documents.gov.lk/view/extra-gazettes/2019/11/2150-57_T.pdf	2150/57
lk_extraordinary_gazettes_2010s	2019-11-21-2019-11-21-2150-57-si	2019-11-21-2150-57-si	2019-11-21	Land Title Settlement Department - Inamaluwa, Dambulla D/S Division, Matale District - Cad. Map No. 310009	https://documents.gov.lk/view/extra-gazettes/egz_2019.html	si	https://documents.gov.lk/view/extra-gazettes/2019/11/2150-57_S.pdf	2150/57
lk_extraordinary_gazettes_2010s	2019-11-21-2019-11-21-2150-57-en	2019-11-21-2150-57-en	2019-11-21	Land Title Settlement Department - Inamaluwa, Dambulla D/S Division, Matale District - Cad. Map No. 310009	https://documents.gov.lk/view/extra-gazettes/egz_2019.html	en	https://documents.gov.lk/view/extra-gazettes/2019/11/2150-57_E.pdf	2150/57
lk_extraordinary_gazettes_2010s	2019-11-21-2019-11-21-2150-56-ta	2019-11-21-2150-56-ta	2019-11-21	Land Title Settlement Department - Village of Homagama, Homagama D/S Division, Colombo District - Cad. Map No. 520001	https://documents.gov.lk/view/extra-gazettes/egz_2019.html	ta	https://documents.gov.lk/view/extra-gazettes/2019/11/2150-56_T.pdf	2150/56
lk_extraordinary_gazettes_2010s	2019-11-21-2019-11-21-2150-56-si	2019-11-21-2150-56-si	2019-11-21	Land Title Settlement Department - Village of Homagama, Homagama D/S Division, Colombo District - Cad. Map No. 520001	https://documents.gov.lk/view/extra-gazettes/egz_2019.html	si	https://documents.gov.lk/view/extra-gazettes/2019/11/2150-56_S.pdf	2150/56
lk_extraordinary_gazettes_2010s	2019-11-21-2019-11-21-2150-56-en	2019-11-21-2150-56-en	2019-11-21	Land Title Settlement Department - Village of Homagama, Homagama D/S Division, Colombo District - Cad. Map No. 520001	https://documents.gov.lk/view/extra-gazettes/egz_2019.html	en	https://documents.gov.lk/view/extra-gazettes/2019/11/2150-56_E.pdf	2150/56
lk_extraordinary_gazettes_2010s	2019-11-21-2019-11-21-2150-55-ta	2019-11-21-2150-55-ta	2019-11-21	Land Title Settlement Department - Andiambalama, Katana D/S Division, Gampaha District - Cad. Map No. 511201	https://documents.gov.lk/view/extra-gazettes/egz_2019.html	ta	https://documents.gov.lk/view/extra-gazettes/2019/11/2150-55_T.pdf	2150/55
lk_extraordinary_gazettes_2010s	2019-11-21-2019-11-21-2150-55-si	2019-11-21-2150-55-si	2019-11-21	Land Title Settlement Department - Andiambalama, Katana D/S Division, Gampaha District - Cad. Map No. 511201	https://documents.gov.lk/view/extra-gazettes/egz_2019.html	si	https://documents.gov.lk/view/extra-gazettes/2019/11/2150-55_S.pdf	2150/55
lk_extraordinary_gazettes_2010s	2019-11-21-2019-11-21-2150-55-en	2019-11-21-2150-55-en	2019-11-21	Land Title Settlement Department - Andiambalama, Katana D/S Division, Gampaha District - Cad. Map No. 511201	https://documents.gov.lk/view/extra-gazettes/egz_2019.html	en	https://documents.gov.lk/view/extra-gazettes/2019/11/2150-55_E.pdf	2150/55
lk_extraordinary_gazettes_2010s	2019-11-21-2019-11-21-2150-54-ta	2019-11-21-2150-54-ta	2019-11-21	Land Title Settlement Department - Ullalapala, Divulapitiya D/S Division, Gampaha District - Cad. Map No. 510011	https://documents.gov.lk/view/extra-gazettes/egz_2019.html	ta	https://documents.gov.lk/view/extra-gazettes/2019/11/2150-54_T.pdf	2150/54
lk_extraordinary_gazettes_2010s	2019-11-21-2019-11-21-2150-54-si	2019-11-21-2150-54-si	2019-11-21	Land Title Settlement Department - Ullalapala, Divulapitiya D/S Division, Gampaha District - Cad. Map No. 510011	https://documents.gov.lk/view/extra-gazettes/egz_2019.html	si	https://documents.gov.lk/view/extra-gazettes/2019/11/2150-54_S.pdf	2150/54
lk_extraordinary_gazettes_2010s	2019-11-21-2019-11-21-2150-54-en	2019-11-21-2150-54-en	2019-11-21	Land Title Settlement Department - Ullalapala, Divulapitiya D/S Division, Gampaha District - Cad. Map No. 510011	https://documents.gov.lk/view/extra-gazettes/egz_2019.html	en	https://documents.gov.lk/view/extra-gazettes/2019/11/2150-54_E.pdf	2150/54
lk_extraordinary_gazettes_2010s	2019-11-21-2019-11-21-2150-53-ta	2019-11-21-2150-53-ta	2019-11-21	Land Title Settlement Department - Sippikulama, Hambanthota D/S Division, Hambanthota District - Cad. Map No. 830111	https://documents.gov.lk/view/extra-gazettes/egz_2019.html	ta	https://documents.gov.lk/view/extra-gazettes/2019/11/2150-53_T.pdf	2150/53
lk_extraordinary_gazettes_2010s	2019-11-21-2019-11-21-2150-53-si	2019-11-21-2150-53-si	2019-11-21	Land Title Settlement Department - Sippikulama, Hambanthota D/S Division, Hambanthota District - Cad. Map No. 830111	https://documents.gov.lk/view/extra-gazettes/egz_2019.html	si	https://documents.gov.lk/view/extra-gazettes/2019/11/2150-53_S.pdf	2150/53
lk_extraordinary_gazettes_2010s	2019-11-21-2019-11-21-2150-53-en	2019-11-21-2150-53-en	2019-11-21	Land Title Settlement Department - Sippikulama, Hambanthota D/S Division, Hambanthota District - Cad. Map No. 830111	https://documents.gov.lk/view/extra-gazettes/egz_2019.html	en	https://documents.gov.lk/view/extra-gazettes/2019/11/2150-53_E.pdf	2150/53
lk_extraordinary_gazettes_2010s	2019-11-21-2019-11-21-2150-52-ta	2019-11-21-2150-52-ta	2019-11-21	Land Acquisition - HIngurala, Seethawaka D/S Division, Colombo District and Amendment to the Gaz. Ex. No. 2082/58, Rambukkana D/S Division	https://documents.gov.lk/view/extra-gazettes/egz_2019.html	ta	https://documents.gov.lk/view/extra-gazettes/2019/11/2150-52_T.pdf	2150/52
lk_extraordinary_gazettes_2010s	2019-11-21-2019-11-21-2150-52-si	2019-11-21-2150-52-si	2019-11-21	Land Acquisition - HIngurala, Seethawaka D/S Division, Colombo District and Amendment to the Gaz. Ex. No. 2082/58, Rambukkana D/S Division	https://documents.gov.lk/view/extra-gazettes/egz_2019.html	si	https://documents.gov.lk/view/extra-gazettes/2019/11/2150-52_S.pdf	2150/52
lk_extraordinary_gazettes_2010s	2019-11-21-2019-11-21-2150-51-ta	2019-11-21-2150-51-ta	2019-11-21	Ministry of Defence - Amendment to the Gaz. Ex. No. 412/20 of  01.08.1986 - Kariyakshama Seva Vibhushanaya and Padakkama	https://documents.gov.lk/view/extra-gazettes/egz_2019.html	ta	https://documents.gov.lk/view/extra-gazettes/2019/11/2150-51_T.pdf	2150/51
lk_extraordinary_gazettes_2010s	2019-11-21-2019-11-21-2150-51-si	2019-11-21-2150-51-si	2019-11-21	Ministry of Defence - Amendment to the Gaz. Ex. No. 412/20 of  01.08.1986 - Kariyakshama Seva Vibhushanaya and Padakkama	https://documents.gov.lk/view/extra-gazettes/egz_2019.html	si	https://documents.gov.lk/view/extra-gazettes/2019/11/2150-51_S.pdf	2150/51
lk_extraordinary_gazettes_2010s	2019-11-21-2019-11-21-2150-51-en	2019-11-21-2150-51-en	2019-11-21	Ministry of Defence - Amendment to the Gaz. Ex. No. 412/20 of  01.08.1986 - Kariyakshama Seva Vibhushanaya and Padakkama	https://documents.gov.lk/view/extra-gazettes/egz_2019.html	en	https://documents.gov.lk/view/extra-gazettes/2019/11/2150-51_E.pdf	2150/51
lk_extraordinary_gazettes_2010s	2019-11-21-2019-11-21-2150-50-ta	2019-11-21-2150-50-ta	2019-11-21	Land Title Settlement Department - Gangodagama, Weligepola D/S Division, Rathnapura District - Cad. Map No. 620142	https://documents.gov.lk/view/extra-gazettes/egz_2019.html	ta	https://documents.gov.lk/view/extra-gazettes/2019/11/2150-50_T.pdf	2150/50
lk_extraordinary_gazettes_2010s	2019-11-21-2019-11-21-2150-50-si	2019-11-21-2150-50-si	2019-11-21	Land Title Settlement Department - Gangodagama, Weligepola D/S Division, Rathnapura District - Cad. Map No. 620142	https://documents.gov.lk/view/extra-gazettes/egz_2019.html	si	https://documents.gov.lk/view/extra-gazettes/2019/11/2150-50_S.pdf	2150/50
lk_extraordinary_gazettes_2010s	2019-11-21-2019-11-21-2150-50-en	2019-11-21-2150-50-en	2019-11-21	Land Title Settlement Department - Gangodagama, Weligepola D/S Division, Rathnapura District - Cad. Map No. 620142	https://documents.gov.lk/view/extra-gazettes/egz_2019.html	en	https://documents.gov.lk/view/extra-gazettes/2019/11/2150-50_E.pdf	2150/50
lk_extraordinary_gazettes_2010s	2019-11-21-2019-11-21-2150-49-ta	2019-11-21-2150-49-ta	2019-11-21	Land Title Settlement Department - Mahasenpura, Thissamaharama D/S Division, Hambantota District - Cad. Map No. 830077	https://documents.gov.lk/view/extra-gazettes/egz_2019.html	ta	https://documents.gov.lk/view/extra-gazettes/2019/11/2150-49_T.pdf	2150/49
lk_extraordinary_gazettes_2010s	2019-11-21-2019-11-21-2150-49-si	2019-11-21-2150-49-si	2019-11-21	Land Title Settlement Department - Mahasenpura, Thissamaharama D/S Division, Hambantota District - Cad. Map No. 830077	https://documents.gov.lk/view/extra-gazettes/egz_2019.html	si	https://documents.gov.lk/view/extra-gazettes/2019/11/2150-49_S.pdf	2150/49
lk_extraordinary_gazettes_2010s	2019-11-21-2019-11-21-2150-49-en	2019-11-21-2150-49-en	2019-11-21	Land Title Settlement Department - Mahasenpura, Thissamaharama D/S Division, Hambantota District - Cad. Map No. 830077	https://documents.gov.lk/view/extra-gazettes/egz_2019.html	en	https://documents.gov.lk/view/extra-gazettes/2019/11/2150-49_E.pdf	2150/49
lk_extraordinary_gazettes_2010s	2019-11-21-2019-11-21-2150-48-ta	2019-11-21-2150-48-ta	2019-11-21	Land Title Settlement Department - Eramurungagoda, Harispatuwa D/S Division, Kandy District - Cad. Map No. 320315	https://documents.gov.lk/view/extra-gazettes/egz_2019.html	ta	https://documents.gov.lk/view/extra-gazettes/2019/11/2150-48_T.pdf	2150/48
lk_extraordinary_gazettes_2010s	2019-11-21-2019-11-21-2150-48-si	2019-11-21-2150-48-si	2019-11-21	Land Title Settlement Department - Eramurungagoda, Harispatuwa D/S Division, Kandy District - Cad. Map No. 320315	https://documents.gov.lk/view/extra-gazettes/egz_2019.html	si	https://documents.gov.lk/view/extra-gazettes/2019/11/2150-48_S.pdf	2150/48
lk_extraordinary_gazettes_2010s	2019-11-21-2019-11-21-2150-48-en	2019-11-21-2150-48-en	2019-11-21	Land Title Settlement Department - Eramurungagoda, Harispatuwa D/S Division, Kandy District - Cad. Map No. 320315	https://documents.gov.lk/view/extra-gazettes/egz_2019.html	en	https://documents.gov.lk/view/extra-gazettes/2019/11/2150-48_E.pdf	2150/48
lk_extraordinary_gazettes_2010s	2019-11-21-2019-11-21-2150-47-ta	2019-11-21-2150-47-ta	2019-11-21	Land Title Settlement Department - Amendment to the Gaz. Ex. No. 1785/17 of 19.11.2012, Homagama D/S Division	https://documents.gov.lk/view/extra-gazettes/egz_2019.html	ta	https://documents.gov.lk/view/extra-gazettes/2019/11/2150-47_T.pdf	2150/47
lk_extraordinary_gazettes_2010s	2019-11-21-2019-11-21-2150-47-si	2019-11-21-2150-47-si	2019-11-21	Land Title Settlement Department - Amendment to the Gaz. Ex. No. 1785/17 of 19.11.2012, Homagama D/S Division	https://documents.gov.lk/view/extra-gazettes/egz_2019.html	si	https://documents.gov.lk/view/extra-gazettes/2019/11/2150-47_S.pdf	2150/47
lk_extraordinary_gazettes_2010s	2019-11-21-2019-11-21-2150-47-en	2019-11-21-2150-47-en	2019-11-21	Land Title Settlement Department - Amendment to the Gaz. Ex. No. 1785/17 of 19.11.2012, Homagama D/S Division	https://documents.gov.lk/view/extra-gazettes/egz_2019.html	en	https://documents.gov.lk/view/extra-gazettes/2019/11/2150-47_E.pdf	2150/47
lk_extraordinary_gazettes_2010s	2019-11-21-2019-11-21-2150-46-ta	2019-11-21-2150-46-ta	2019-11-21	Land Title Settlement Department - Kadawala, Divulapitiya D/S Division, Gampaha District - Cad. Map No. 510071	https://documents.gov.lk/view/extra-gazettes/egz_2019.html	ta	https://documents.gov.lk/view/extra-gazettes/2019/11/2150-46_T.pdf	2150/46
lk_extraordinary_gazettes_2010s	2019-11-21-2019-11-21-2150-46-si	2019-11-21-2150-46-si	2019-11-21	Land Title Settlement Department - Kadawala, Divulapitiya D/S Division, Gampaha District - Cad. Map No. 510071	https://documents.gov.lk/view/extra-gazettes/egz_2019.html	si	https://documents.gov.lk/view/extra-gazettes/2019/11/2150-46_S.pdf	2150/46
lk_extraordinary_gazettes_2010s	2019-11-21-2019-11-21-2150-46-en	2019-11-21-2150-46-en	2019-11-21	Land Title Settlement Department - Kadawala, Divulapitiya D/S Division, Gampaha District - Cad. Map No. 510071	https://documents.gov.lk/view/extra-gazettes/egz_2019.html	en	https://documents.gov.lk/view/extra-gazettes/2019/11/2150-46_E.pdf	2150/46
lk_extraordinary_gazettes_2010s	2019-11-21-2019-11-21-2150-45-ta	2019-11-21-2150-45-ta	2019-11-21	Land Title Settlement Department - Thudella, Ja-ela D/S Division, Gampaha District - Cad. Map No. 512200	https://documents.gov.lk/view/extra-gazettes/egz_2019.html	ta	https://documents.gov.lk/view/extra-gazettes/2019/11/2150-45_T.pdf	2150/45
lk_extraordinary_gazettes_2010s	2019-11-21-2019-11-21-2150-45-si	2019-11-21-2150-45-si	2019-11-21	Land Title Settlement Department - Thudella, Ja-ela D/S Division, Gampaha District - Cad. Map No. 512200	https://documents.gov.lk/view/extra-gazettes/egz_2019.html	si	https://documents.gov.lk/view/extra-gazettes/2019/11/2150-45_S.pdf	2150/45
lk_extraordinary_gazettes_2010s	2019-11-21-2019-11-21-2150-45-en	2019-11-21-2150-45-en	2019-11-21	Land Title Settlement Department - Thudella, Ja-ela D/S Division, Gampaha District - Cad. Map No. 512200	https://documents.gov.lk/view/extra-gazettes/egz_2019.html	en	https://documents.gov.lk/view/extra-gazettes/2019/11/2150-45_E.pdf	2150/45
lk_extraordinary_gazettes_2010s	2019-11-21-2019-11-21-2150-44-ta	2019-11-21-2150-44-ta	2019-11-21	Land Title Settlement Department - Elpitiya, Udapalatha D/S Division, Kandy District - Cad. Map No.320225	https://documents.gov.lk/view/extra-gazettes/egz_2019.html	ta	https://documents.gov.lk/view/extra-gazettes/2019/11/2150-44_T.pdf	2150/44
lk_extraordinary_gazettes_2010s	2019-11-21-2019-11-21-2150-44-si	2019-11-21-2150-44-si	2019-11-21	Land Title Settlement Department - Elpitiya, Udapalatha D/S Division, Kandy District - Cad. Map No.320225	https://documents.gov.lk/view/extra-gazettes/egz_2019.html	si	https://documents.gov.lk/view/extra-gazettes/2019/11/2150-44_S.pdf	2150/44
lk_extraordinary_gazettes_2010s	2019-11-21-2019-11-21-2150-44-en	2019-11-21-2150-44-en	2019-11-21	Land Title Settlement Department - Elpitiya, Udapalatha D/S Division, Kandy District - Cad. Map No.320225	https://documents.gov.lk/view/extra-gazettes/egz_2019.html	en	https://documents.gov.lk/view/extra-gazettes/2019/11/2150-44_E.pdf	2150/44
lk_extraordinary_gazettes_2010s	2019-11-21-2019-11-21-2150-43-ta	2019-11-21-2150-43-ta	2019-11-21	Land Title Settlement Department - Notice calling for claims to land parcels in Kurunegala D/S Division, Kurunegala District - Cad. Map No. 420385 and other land parcels	https://documents.gov.lk/view/extra-gazettes/egz_2019.html	ta	https://documents.gov.lk/view/extra-gazettes/2019/11/2150-43_T.pdf	2150/43
lk_extraordinary_gazettes_2010s	2019-11-21-2019-11-21-2150-43-si	2019-11-21-2150-43-si	2019-11-21	Land Title Settlement Department - Notice calling for claims to land parcels in Kurunegala D/S Division, Kurunegala District - Cad. Map No. 420385 and other land parcels	https://documents.gov.lk/view/extra-gazettes/egz_2019.html	si	https://documents.gov.lk/view/extra-gazettes/2019/11/2150-43_S.pdf	2150/43
lk_extraordinary_gazettes_2010s	2019-11-21-2019-11-21-2150-43-en	2019-11-21-2150-43-en	2019-11-21	Land Title Settlement Department - Notice calling for claims to land parcels in Kurunegala D/S Division, Kurunegala District - Cad. Map No. 420385 and other land parcels	https://documents.gov.lk/view/extra-gazettes/egz_2019.html	en	https://documents.gov.lk/view/extra-gazettes/2019/11/2150-43_E.pdf	2150/43
lk_extraordinary_gazettes_2010s	2019-11-21-2019-11-21-2150-42-ta	2019-11-21-2150-42-ta	2019-11-21	Land Title Settlement Department - Kithulpe, Kuruwita D/S Division, Rathnapura District - Cad. Map No. 620284 and others	https://documents.gov.lk/view/extra-gazettes/egz_2019.html	ta	https://documents.gov.lk/view/extra-gazettes/2019/11/2150-42_T.pdf	2150/42
lk_extraordinary_gazettes_2010s	2019-11-21-2019-11-21-2150-42-si	2019-11-21-2150-42-si	2019-11-21	Land Title Settlement Department - Kithulpe, Kuruwita D/S Division, Rathnapura District - Cad. Map No. 620284 and others	https://documents.gov.lk/view/extra-gazettes/egz_2019.html	si	https://documents.gov.lk/view/extra-gazettes/2019/11/2150-42_S.pdf	2150/42
lk_extraordinary_gazettes_2010s	2019-11-21-2019-11-21-2150-42-en	2019-11-21-2150-42-en	2019-11-21	Land Title Settlement Department - Kithulpe, Kuruwita D/S Division, Rathnapura District - Cad. Map No. 620284 and others	https://documents.gov.lk/view/extra-gazettes/egz_2019.html	en	https://documents.gov.lk/view/extra-gazettes/2019/11/2150-42_E.pdf	2150/42
lk_extraordinary_gazettes_2010s	2019-11-21-2019-11-21-2150-41-ta	2019-11-21-2150-41-ta	2019-11-21	Presidential Secretariat   -  Declared Elected President of the Sri Lanka	https://documents.gov.lk/view/extra-gazettes/egz_2019.html	ta	https://documents.gov.lk/view/extra-gazettes/2019/11/2150-41_T.pdf	2150/41
lk_extraordinary_gazettes_2010s	2019-11-21-2019-11-21-2150-41-si	2019-11-21-2150-41-si	2019-11-21	Presidential Secretariat   -  Declared Elected President of the Sri Lanka	https://documents.gov.lk/view/extra-gazettes/egz_2019.html	si	https://documents.gov.lk/view/extra-gazettes/2019/11/2150-41_S.pdf	2150/41
lk_extraordinary_gazettes_2010s	2019-11-21-2019-11-21-2150-41-en	2019-11-21-2150-41-en	2019-11-21	Presidential Secretariat   -  Declared Elected President of the Sri Lanka	https://documents.gov.lk/view/extra-gazettes/egz_2019.html	en	https://documents.gov.lk/view/extra-gazettes/2019/11/2150-41_E.pdf	2150/41
lk_extraordinary_gazettes_2010s	2019-11-20-2019-11-20-2150-40-ta	2019-11-20-2150-40-ta	2019-11-20	Land Title Settlement Department - Bidunkada, Thalawa D/S Division, Anuradhapura District - Cad. Map No. 110180	https://documents.gov.lk/view/extra-gazettes/egz_2019.html	ta	https://documents.gov.lk/view/extra-gazettes/2019/11/2150-40_T.pdf	2150/40
lk_extraordinary_gazettes_2010s	2019-11-20-2019-11-20-2150-40-si	2019-11-20-2150-40-si	2019-11-20	Land Title Settlement Department - Bidunkada, Thalawa D/S Division, Anuradhapura District - Cad. Map No. 110180	https://documents.gov.lk/view/extra-gazettes/egz_2019.html	si	https://documents.gov.lk/view/extra-gazettes/2019/11/2150-40_S.pdf	2150/40
lk_extraordinary_gazettes_2010s	2019-11-20-2019-11-20-2150-40-en	2019-11-20-2150-40-en	2019-11-20	Land Title Settlement Department - Bidunkada, Thalawa D/S Division, Anuradhapura District - Cad. Map No. 110180	https://documents.gov.lk/view/extra-gazettes/egz_2019.html	en	https://documents.gov.lk/view/extra-gazettes/2019/11/2150-40_E.pdf	2150/40
lk_extraordinary_gazettes_2010s	2019-11-20-2019-11-20-2150-39-ta	2019-11-20-2150-39-ta	2019-11-20	Land Title Settlement Department - Doruwadeniya, Kothmale D/S Division, Nuwara Eliya District - Cad. Map No. 330301	https://documents.gov.lk/view/extra-gazettes/egz_2019.html	ta	https://documents.gov.lk/view/extra-gazettes/2019/11/2150-39_T.pdf	2150/39
lk_extraordinary_gazettes_2010s	2019-11-20-2019-11-20-2150-39-si	2019-11-20-2150-39-si	2019-11-20	Land Title Settlement Department - Doruwadeniya, Kothmale D/S Division, Nuwara Eliya District - Cad. Map No. 330301	https://documents.gov.lk/view/extra-gazettes/egz_2019.html	si	https://documents.gov.lk/view/extra-gazettes/2019/11/2150-39_S.pdf	2150/39
lk_extraordinary_gazettes_2010s	2019-11-20-2019-11-20-2150-39-en	2019-11-20-2150-39-en	2019-11-20	Land Title Settlement Department - Doruwadeniya, Kothmale D/S Division, Nuwara Eliya District - Cad. Map No. 330301	https://documents.gov.lk/view/extra-gazettes/egz_2019.html	en	https://documents.gov.lk/view/extra-gazettes/2019/11/2150-39_E.pdf	2150/39
lk_extraordinary_gazettes_2010s	2019-11-20-2019-11-20-2150-38-ta	2019-11-20-2150-38-ta	2019-11-20	Land Title Settlement Department - Karamada, Udunuwara D/S Division, Kandy District - Cad. Map No. 320249	https://documents.gov.lk/view/extra-gazettes/egz_2019.html	ta	https://documents.gov.lk/view/extra-gazettes/2019/11/2150-38_T.pdf	2150/38
lk_extraordinary_gazettes_2010s	2019-11-20-2019-11-20-2150-38-si	2019-11-20-2150-38-si	2019-11-20	Land Title Settlement Department - Karamada, Udunuwara D/S Division, Kandy District - Cad. Map No. 320249	https://documents.gov.lk/view/extra-gazettes/egz_2019.html	si	https://documents.gov.lk/view/extra-gazettes/2019/11/2150-38_S.pdf	2150/38
lk_extraordinary_gazettes_2010s	2019-11-20-2019-11-20-2150-38-en	2019-11-20-2150-38-en	2019-11-20	Land Title Settlement Department - Karamada, Udunuwara D/S Division, Kandy District - Cad. Map No. 320249	https://documents.gov.lk/view/extra-gazettes/egz_2019.html	en	https://documents.gov.lk/view/extra-gazettes/2019/11/2150-38_E.pdf	2150/38
lk_extraordinary_gazettes_2010s	2019-11-20-2019-11-20-2150-37-ta	2019-11-20-2150-37-ta	2019-11-20	Land Title Settlement Department - Sarikkamulla, Panadura D/S Division, Kalutara District - Cad. Map No. 530017	https://documents.gov.lk/view/extra-gazettes/egz_2019.html	ta	https://documents.gov.lk/view/extra-gazettes/2019/11/2150-37_T.pdf	2150/37
lk_extraordinary_gazettes_2010s	2019-11-20-2019-11-20-2150-37-si	2019-11-20-2150-37-si	2019-11-20	Land Title Settlement Department - Sarikkamulla, Panadura D/S Division, Kalutara District - Cad. Map No. 530017	https://documents.gov.lk/view/extra-gazettes/egz_2019.html	si	https://documents.gov.lk/view/extra-gazettes/2019/11/2150-37_S.pdf	2150/37
lk_extraordinary_gazettes_2010s	2019-11-20-2019-11-20-2150-37-en	2019-11-20-2150-37-en	2019-11-20	Land Title Settlement Department - Sarikkamulla, Panadura D/S Division, Kalutara District - Cad. Map No. 530017	https://documents.gov.lk/view/extra-gazettes/egz_2019.html	en	https://documents.gov.lk/view/extra-gazettes/2019/11/2150-37_E.pdf	2150/37
lk_extraordinary_gazettes_2010s	2019-11-20-2019-11-20-2150-36-ta	2019-11-20-2150-36-ta	2019-11-20	Land Title Settlement Department - Kotawila, Weligama D/S Division, Matara District - Cad. Map No. 820073	https://documents.gov.lk/view/extra-gazettes/egz_2019.html	ta	https://documents.gov.lk/view/extra-gazettes/2019/11/2150-36_T.pdf	2150/36
lk_extraordinary_gazettes_2010s	2019-11-20-2019-11-20-2150-36-si	2019-11-20-2150-36-si	2019-11-20	Land Title Settlement Department - Kotawila, Weligama D/S Division, Matara District - Cad. Map No. 820073	https://documents.gov.lk/view/extra-gazettes/egz_2019.html	si	https://documents.gov.lk/view/extra-gazettes/2019/11/2150-36_S.pdf	2150/36
lk_extraordinary_gazettes_2010s	2019-11-20-2019-11-20-2150-36-en	2019-11-20-2150-36-en	2019-11-20	Land Title Settlement Department - Kotawila, Weligama D/S Division, Matara District - Cad. Map No. 820073	https://documents.gov.lk/view/extra-gazettes/egz_2019.html	en	https://documents.gov.lk/view/extra-gazettes/2019/11/2150-36_E.pdf	2150/36
lk_extraordinary_gazettes_2010s	2019-11-20-2019-11-20-2150-35-ta	2019-11-20-2150-35-ta	2019-11-20	Land Title Settlement Department - Dehigolla, Mahiyanganaya D/S Division, Badulla District - Cad. Map No. 710024	https://documents.gov.lk/view/extra-gazettes/egz_2019.html	ta	https://documents.gov.lk/view/extra-gazettes/2019/11/2150-35_T.pdf	2150/35
lk_extraordinary_gazettes_2010s	2019-11-20-2019-11-20-2150-35-si	2019-11-20-2150-35-si	2019-11-20	Land Title Settlement Department - Dehigolla, Mahiyanganaya D/S Division, Badulla District - Cad. Map No. 710024	https://documents.gov.lk/view/extra-gazettes/egz_2019.html	si	https://documents.gov.lk/view/extra-gazettes/2019/11/2150-35_S.pdf	2150/35
lk_extraordinary_gazettes_2010s	2019-11-20-2019-11-20-2150-35-en	2019-11-20-2150-35-en	2019-11-20	Land Title Settlement Department - Dehigolla, Mahiyanganaya D/S Division, Badulla District - Cad. Map No. 710024	https://documents.gov.lk/view/extra-gazettes/egz_2019.html	en	https://documents.gov.lk/view/extra-gazettes/2019/11/2150-35_E.pdf	2150/35
lk_extraordinary_gazettes_2010s	2019-11-20-2019-11-20-2150-34-ta	2019-11-20-2150-34-ta	2019-11-20	Land Title Settlement Department - Rajanganaya - Yaya 10, Rajanganaya D/S Division, Anuradhapura District - Cad. Map No. 110022	https://documents.gov.lk/view/extra-gazettes/egz_2019.html	ta	https://documents.gov.lk/view/extra-gazettes/2019/11/2150-34_T.pdf	2150/34
lk_extraordinary_gazettes_2010s	2019-11-20-2019-11-20-2150-34-si	2019-11-20-2150-34-si	2019-11-20	Land Title Settlement Department - Rajanganaya - Yaya 10, Rajanganaya D/S Division, Anuradhapura District - Cad. Map No. 110022	https://documents.gov.lk/view/extra-gazettes/egz_2019.html	si	https://documents.gov.lk/view/extra-gazettes/2019/11/2150-34_S.pdf	2150/34
lk_extraordinary_gazettes_2010s	2019-11-20-2019-11-20-2150-34-en	2019-11-20-2150-34-en	2019-11-20	Land Title Settlement Department - Rajanganaya - Yaya 10, Rajanganaya D/S Division, Anuradhapura District - Cad. Map No. 110022	https://documents.gov.lk/view/extra-gazettes/egz_2019.html	en	https://documents.gov.lk/view/extra-gazettes/2019/11/2150-34_E.pdf	2150/34
lk_extraordinary_gazettes_2010s	2019-11-20-2019-11-20-2150-33-ta	2019-11-20-2150-33-ta	2019-11-20	Land Title Settlement Department - Inguruwatta, Doluwa D/S Division, Kandy District - Cad. Map No. 320017	https://documents.gov.lk/view/extra-gazettes/egz_2019.html	ta	https://documents.gov.lk/view/extra-gazettes/2019/11/2150-33_T.pdf	2150/33
lk_extraordinary_gazettes_2010s	2019-11-20-2019-11-20-2150-33-si	2019-11-20-2150-33-si	2019-11-20	Land Title Settlement Department - Inguruwatta, Doluwa D/S Division, Kandy District - Cad. Map No. 320017	https://documents.gov.lk/view/extra-gazettes/egz_2019.html	si	https://documents.gov.lk/view/extra-gazettes/2019/11/2150-33_S.pdf	2150/33
lk_extraordinary_gazettes_2010s	2019-11-20-2019-11-20-2150-33-en	2019-11-20-2150-33-en	2019-11-20	Land Title Settlement Department - Inguruwatta, Doluwa D/S Division, Kandy District - Cad. Map No. 320017	https://documents.gov.lk/view/extra-gazettes/egz_2019.html	en	https://documents.gov.lk/view/extra-gazettes/2019/11/2150-33_E.pdf	2150/33
lk_extraordinary_gazettes_2010s	2019-11-20-2019-11-20-2150-32-ta	2019-11-20-2150-32-ta	2019-11-20	Department of Forest Conservation - Declare that Karathivu Forest in Ampara; Dedduwa thalan Kalapuwa Mangrove Forest in Galle; Sarasalai Mangrove Forest in Jaffna and Suduwathuraara Forest in Monaragala as Reserved Forest	https://documents.gov.lk/view/extra-gazettes/egz_2019.html	ta	https://documents.gov.lk/view/extra-gazettes/2019/11/2150-32_T.pdf	2150/32
lk_extraordinary_gazettes_2010s	2019-11-20-2019-11-20-2150-32-si	2019-11-20-2150-32-si	2019-11-20	Department of Forest Conservation - Declare that Karathivu Forest in Ampara; Dedduwa thalan Kalapuwa Mangrove Forest in Galle; Sarasalai Mangrove Forest in Jaffna and Suduwathuraara Forest in Monaragala as Reserved Forest	https://documents.gov.lk/view/extra-gazettes/egz_2019.html	si	https://documents.gov.lk/view/extra-gazettes/2019/11/2150-32_S.pdf	2150/32
lk_extraordinary_gazettes_2010s	2019-11-20-2019-11-20-2150-32-en	2019-11-20-2150-32-en	2019-11-20	Department of Forest Conservation - Declare that Karathivu Forest in Ampara; Dedduwa thalan Kalapuwa Mangrove Forest in Galle; Sarasalai Mangrove Forest in Jaffna and Suduwathuraara Forest in Monaragala as Reserved Forest	https://documents.gov.lk/view/extra-gazettes/egz_2019.html	en	https://documents.gov.lk/view/extra-gazettes/2019/11/2150-32_E.pdf	2150/32
lk_extraordinary_gazettes_2010s	2019-11-20-2019-11-20-2150-31-ta	2019-11-20-2150-31-ta	2019-11-20	Department of Forest Conservation - Declare the Sinharaja Forest as Reserved Forest	https://documents.gov.lk/view/extra-gazettes/egz_2019.html	ta	https://documents.gov.lk/view/extra-gazettes/2019/11/2150-31_T.pdf	2150/31
lk_extraordinary_gazettes_2010s	2019-11-20-2019-11-20-2150-31-si	2019-11-20-2150-31-si	2019-11-20	Department of Forest Conservation - Declare the Sinharaja Forest as Reserved Forest	https://documents.gov.lk/view/extra-gazettes/egz_2019.html	si	https://documents.gov.lk/view/extra-gazettes/2019/11/2150-31_S.pdf	2150/31
lk_extraordinary_gazettes_2010s	2019-11-20-2019-11-20-2150-31-en	2019-11-20-2150-31-en	2019-11-20	Department of Forest Conservation - Declare the Sinharaja Forest as Reserved Forest	https://documents.gov.lk/view/extra-gazettes/egz_2019.html	en	https://documents.gov.lk/view/extra-gazettes/2019/11/2150-31_E.pdf	2150/31
lk_extraordinary_gazettes_2010s	2019-11-20-2019-11-20-2150-30-ta	2019-11-20-2150-30-ta	2019-11-20	Dept. of Forest Conservation  - Declare that  Ambakandawila   Forest and 3 other Forests   in  Puttalam   District as Reserved Forests	https://documents.gov.lk/view/extra-gazettes/egz_2019.html	ta	https://documents.gov.lk/view/extra-gazettes/2019/11/2150-30_T.pdf	2150/30
lk_extraordinary_gazettes_2010s	2019-11-20-2019-11-20-2150-30-si	2019-11-20-2150-30-si	2019-11-20	Dept. of Forest Conservation  - Declare that  Ambakandawila   Forest and 3 other Forests   in  Puttalam   District as Reserved Forests	https://documents.gov.lk/view/extra-gazettes/egz_2019.html	si	https://documents.gov.lk/view/extra-gazettes/2019/11/2150-30_S.pdf	2150/30
lk_extraordinary_gazettes_2010s	2019-11-20-2019-11-20-2150-30-en	2019-11-20-2150-30-en	2019-11-20	Dept. of Forest Conservation  - Declare that  Ambakandawila   Forest and 3 other Forests   in  Puttalam   District as Reserved Forests	https://documents.gov.lk/view/extra-gazettes/egz_2019.html	en	https://documents.gov.lk/view/extra-gazettes/2019/11/2150-30_E.pdf	2150/30
lk_extraordinary_gazettes_2010s	2019-11-20-2019-11-20-2150-29-ta	2019-11-20-2150-29-ta	2019-11-20	Dept. of Forest Conservation  - Declare that  Kuttithivu  Forest and Kallarawa  Forests  in Trincomalee   District as Reserved Forests	https://documents.gov.lk/view/extra-gazettes/egz_2019.html	ta	https://documents.gov.lk/view/extra-gazettes/2019/11/2150-29_T.pdf	2150/29
lk_extraordinary_gazettes_2010s	2019-11-20-2019-11-20-2150-29-si	2019-11-20-2150-29-si	2019-11-20	Dept. of Forest Conservation  - Declare that  Kuttithivu  Forest and Kallarawa  Forests  in Trincomalee   District as Reserved Forests	https://documents.gov.lk/view/extra-gazettes/egz_2019.html	si	https://documents.gov.lk/view/extra-gazettes/2019/11/2150-29_S.pdf	2150/29
lk_extraordinary_gazettes_2010s	2019-11-20-2019-11-20-2150-29-en	2019-11-20-2150-29-en	2019-11-20	Dept. of Forest Conservation  - Declare that  Kuttithivu  Forest and Kallarawa  Forests  in Trincomalee   District as Reserved Forests	https://documents.gov.lk/view/extra-gazettes/egz_2019.html	en	https://documents.gov.lk/view/extra-gazettes/2019/11/2150-29_E.pdf	2150/29
lk_extraordinary_gazettes_2010s	2019-11-20-2019-11-20-2150-28-ta	2019-11-20-2150-28-ta	2019-11-20	Dept. of Forest Conservation  - Declare that  Olukaranda Kaththankulama and Kossawakanda Forests  in Anuradhapura  District as Reserved Forests	https://documents.gov.lk/view/extra-gazettes/egz_2019.html	ta	https://documents.gov.lk/view/extra-gazettes/2019/11/2150-28_T.pdf	2150/28
lk_extraordinary_gazettes_2010s	2019-11-20-2019-11-20-2150-28-si	2019-11-20-2150-28-si	2019-11-20	Dept. of Forest Conservation  - Declare that  Olukaranda Kaththankulama and Kossawakanda Forests  in Anuradhapura  District as Reserved Forests	https://documents.gov.lk/view/extra-gazettes/egz_2019.html	si	https://documents.gov.lk/view/extra-gazettes/2019/11/2150-28_S.pdf	2150/28
lk_extraordinary_gazettes_2010s	2019-11-20-2019-11-20-2150-28-en	2019-11-20-2150-28-en	2019-11-20	Dept. of Forest Conservation  - Declare that  Olukaranda Kaththankulama and Kossawakanda Forests  in Anuradhapura  District as Reserved Forests	https://documents.gov.lk/view/extra-gazettes/egz_2019.html	en	https://documents.gov.lk/view/extra-gazettes/2019/11/2150-28_E.pdf	2150/28
lk_extraordinary_gazettes_2010s	2019-11-20-2019-11-20-2150-27-ta	2019-11-20-2150-27-ta	2019-11-20	Dept. of Forest Conservation  - Declare that  Vilava  & Swarnagalawa Forests  in Kurunegala District as Reserved Forests	https://documents.gov.lk/view/extra-gazettes/egz_2019.html	ta	https://documents.gov.lk/view/extra-gazettes/2019/11/2150-27_T.pdf	2150/27
lk_extraordinary_gazettes_2010s	2019-11-20-2019-11-20-2150-27-si	2019-11-20-2150-27-si	2019-11-20	Dept. of Forest Conservation  - Declare that  Vilava  & Swarnagalawa Forests  in Kurunegala District as Reserved Forests	https://documents.gov.lk/view/extra-gazettes/egz_2019.html	si	https://documents.gov.lk/view/extra-gazettes/2019/11/2150-27_S.pdf	2150/27
lk_extraordinary_gazettes_2010s	2019-11-20-2019-11-20-2150-27-en	2019-11-20-2150-27-en	2019-11-20	Dept. of Forest Conservation  - Declare that  Vilava  & Swarnagalawa Forests  in Kurunegala District as Reserved Forests	https://documents.gov.lk/view/extra-gazettes/egz_2019.html	en	https://documents.gov.lk/view/extra-gazettes/2019/11/2150-27_E.pdf	2150/27
lk_extraordinary_gazettes_2010s	2019-11-20-2019-11-20-2150-26-ta	2019-11-20-2150-26-ta	2019-11-20	Dept. of Forest Conservation  - Declare that Kulunugodella Forest and two other forests in Gampaha District as Reserved Forest	https://documents.gov.lk/view/extra-gazettes/egz_2019.html	ta	https://documents.gov.lk/view/extra-gazettes/2019/11/2150-26_T.pdf	2150/26
lk_extraordinary_gazettes_2010s	2019-11-20-2019-11-20-2150-26-si	2019-11-20-2150-26-si	2019-11-20	Dept. of Forest Conservation  - Declare that Kulunugodella Forest and two other forests in Gampaha District as Reserved Forest	https://documents.gov.lk/view/extra-gazettes/egz_2019.html	si	https://documents.gov.lk/view/extra-gazettes/2019/11/2150-26_S.pdf	2150/26
lk_extraordinary_gazettes_2010s	2019-11-20-2019-11-20-2150-26-en	2019-11-20-2150-26-en	2019-11-20	Dept. of Forest Conservation  - Declare that Kulunugodella Forest and two other forests in Gampaha District as Reserved Forest	https://documents.gov.lk/view/extra-gazettes/egz_2019.html	en	https://documents.gov.lk/view/extra-gazettes/2019/11/2150-26_E.pdf	2150/26
lk_extraordinary_gazettes_2010s	2019-11-20-2019-11-20-2150-25-ta	2019-11-20-2150-25-ta	2019-11-20	Dept. of Forest Conservation - Declare that Kannankuda Mangrove Forest and  12 other forests in Batticaloa District and Reserved Forests	https://documents.gov.lk/view/extra-gazettes/egz_2019.html	ta	https://documents.gov.lk/view/extra-gazettes/2019/11/2150-25_T.pdf	2150/25
lk_extraordinary_gazettes_2010s	2019-11-20-2019-11-20-2150-25-si	2019-11-20-2150-25-si	2019-11-20	Dept. of Forest Conservation - Declare that Kannankuda Mangrove Forest and  12 other forests in Batticaloa District and Reserved Forests	https://documents.gov.lk/view/extra-gazettes/egz_2019.html	si	https://documents.gov.lk/view/extra-gazettes/2019/11/2150-25_S.pdf	2150/25
lk_extraordinary_gazettes_2010s	2019-11-20-2019-11-20-2150-25-en	2019-11-20-2150-25-en	2019-11-20	Dept. of Forest Conservation - Declare that Kannankuda Mangrove Forest and  12 other forests in Batticaloa District and Reserved Forests	https://documents.gov.lk/view/extra-gazettes/egz_2019.html	en	https://documents.gov.lk/view/extra-gazettes/2019/11/2150-25_E.pdf	2150/25
lk_extraordinary_gazettes_2010s	2019-11-20-2019-11-20-2150-24-ta	2019-11-20-2150-24-ta	2019-11-20	Ministry of City Planning & Water Supply - Order to acquire the lands in Haliela  & Bandarawela  D/S Divisions of Badulla District	https://documents.gov.lk/view/extra-gazettes/egz_2019.html	ta	https://documents.gov.lk/view/extra-gazettes/2019/11/2150-24_T.pdf	2150/24
lk_extraordinary_gazettes_2010s	2019-11-20-2019-11-20-2150-24-si	2019-11-20-2150-24-si	2019-11-20	Ministry of City Planning & Water Supply - Order to acquire the lands in Haliela  & Bandarawela  D/S Divisions of Badulla District	https://documents.gov.lk/view/extra-gazettes/egz_2019.html	si	https://documents.gov.lk/view/extra-gazettes/2019/11/2150-24_S.pdf	2150/24
lk_extraordinary_gazettes_2010s	2019-11-20-2019-11-20-2150-24-en	2019-11-20-2150-24-en	2019-11-20	Ministry of City Planning & Water Supply - Order to acquire the lands in Haliela  & Bandarawela  D/S Divisions of Badulla District	https://documents.gov.lk/view/extra-gazettes/egz_2019.html	en	https://documents.gov.lk/view/extra-gazettes/2019/11/2150-24_E.pdf	2150/24
lk_extraordinary_gazettes_2010s	2019-11-20-2019-11-20-2150-23-ta	2019-11-20-2150-23-ta	2019-11-20	Land Acquisition - Amendment to the Gaz. Ex. Nos. 2086/23 of 30.08.2018 and  2112/49 of 02.03.2019	https://documents.gov.lk/view/extra-gazettes/egz_2019.html	ta	https://documents.gov.lk/view/extra-gazettes/2019/11/2150-23_T.pdf	2150/23
lk_extraordinary_gazettes_2010s	2019-11-20-2019-11-20-2150-23-si	2019-11-20-2150-23-si	2019-11-20	Land Acquisition - Amendment to the Gaz. Ex. Nos. 2086/23 of 30.08.2018 and  2112/49 of 02.03.2019	https://documents.gov.lk/view/extra-gazettes/egz_2019.html	si	https://documents.gov.lk/view/extra-gazettes/2019/11/2150-23_S.pdf	2150/23
lk_extraordinary_gazettes_2010s	2019-11-20-2019-11-20-2150-23-en	2019-11-20-2150-23-en	2019-11-20	Land Acquisition - Amendment to the Gaz. Ex. Nos. 2086/23 of 30.08.2018 and  2112/49 of 02.03.2019	https://documents.gov.lk/view/extra-gazettes/egz_2019.html	en	https://documents.gov.lk/view/extra-gazettes/2019/11/2150-23_E.pdf	2150/23
lk_extraordinary_gazettes_2010s	2019-11-20-2019-11-20-2150-22-ta	2019-11-20-2150-22-ta	2019-11-20	District Secretariat of Rathnapura  - Pilgrimage Season of Sri Pada will commence on 10.12.2019 and terminate on 08.05.2020	https://documents.gov.lk/view/extra-gazettes/egz_2019.html	ta	https://documents.gov.lk/view/extra-gazettes/2019/11/2150-22_T.pdf	2150/22
lk_extraordinary_gazettes_2010s	2019-11-20-2019-11-20-2150-22-si	2019-11-20-2150-22-si	2019-11-20	District Secretariat of Rathnapura  - Pilgrimage Season of Sri Pada will commence on 10.12.2019 and terminate on 08.05.2020	https://documents.gov.lk/view/extra-gazettes/egz_2019.html	si	https://documents.gov.lk/view/extra-gazettes/2019/11/2150-22_S.pdf	2150/22
lk_extraordinary_gazettes_2010s	2019-11-20-2019-11-20-2150-22-en	2019-11-20-2150-22-en	2019-11-20	District Secretariat of Rathnapura  - Pilgrimage Season of Sri Pada will commence on 10.12.2019 and terminate on 08.05.2020	https://documents.gov.lk/view/extra-gazettes/egz_2019.html	en	https://documents.gov.lk/view/extra-gazettes/2019/11/2150-22_E.pdf	2150/22
lk_extraordinary_gazettes_2010s	2019-11-20-2019-11-20-2150-21-ta	2019-11-20-2150-21-ta	2019-11-20	Land Title Settlement Department - Lunugamwehera New Town, Lunugamwehera D/S Division, Hambanthota District - Cad. Map No. 830023	https://documents.gov.lk/view/extra-gazettes/egz_2019.html	ta	https://documents.gov.lk/view/extra-gazettes/2019/11/2150-21_T.pdf	2150/21
lk_extraordinary_gazettes_2010s	2019-11-20-2019-11-20-2150-21-si	2019-11-20-2150-21-si	2019-11-20	Land Title Settlement Department - Lunugamwehera New Town, Lunugamwehera D/S Division, Hambanthota District - Cad. Map No. 830023	https://documents.gov.lk/view/extra-gazettes/egz_2019.html	si	https://documents.gov.lk/view/extra-gazettes/2019/11/2150-21_S.pdf	2150/21
lk_extraordinary_gazettes_2010s	2019-11-20-2019-11-20-2150-21-en	2019-11-20-2150-21-en	2019-11-20	Land Title Settlement Department - Lunugamwehera New Town, Lunugamwehera D/S Division, Hambanthota District - Cad. Map No. 830023	https://documents.gov.lk/view/extra-gazettes/egz_2019.html	en	https://documents.gov.lk/view/extra-gazettes/2019/11/2150-21_E.pdf	2150/21
lk_extraordinary_gazettes_2010s	2019-11-20-2019-11-20-2150-20-ta	2019-11-20-2150-20-ta	2019-11-20	Land Title Settlement Department - Pethiyagoda, Rideemaliyadda D/S Division, Badulla District - Cad. Map No. 710012	https://documents.gov.lk/view/extra-gazettes/egz_2019.html	ta	https://documents.gov.lk/view/extra-gazettes/2019/11/2150-20_T.pdf	2150/20
lk_extraordinary_gazettes_2010s	2019-11-20-2019-11-20-2150-20-si	2019-11-20-2150-20-si	2019-11-20	Land Title Settlement Department - Pethiyagoda, Rideemaliyadda D/S Division, Badulla District - Cad. Map No. 710012	https://documents.gov.lk/view/extra-gazettes/egz_2019.html	si	https://documents.gov.lk/view/extra-gazettes/2019/11/2150-20_S.pdf	2150/20
lk_extraordinary_gazettes_2010s	2019-11-20-2019-11-20-2150-20-en	2019-11-20-2150-20-en	2019-11-20	Land Title Settlement Department - Pethiyagoda, Rideemaliyadda D/S Division, Badulla District - Cad. Map No. 710012	https://documents.gov.lk/view/extra-gazettes/egz_2019.html	en	https://documents.gov.lk/view/extra-gazettes/2019/11/2150-20_E.pdf	2150/20
lk_extraordinary_gazettes_2010s	2019-11-20-2019-11-20-2150-19-ta	2019-11-20-2150-19-ta	2019-11-20	Land Title Settlement Department - Nungamuwa, Meerigama D/S Division, Gampaha District - Cad. Map No. 510227	https://documents.gov.lk/view/extra-gazettes/egz_2019.html	ta	https://documents.gov.lk/view/extra-gazettes/2019/11/2150-19_T.pdf	2150/19
lk_extraordinary_gazettes_2010s	2019-11-20-2019-11-20-2150-19-si	2019-11-20-2150-19-si	2019-11-20	Land Title Settlement Department - Nungamuwa, Meerigama D/S Division, Gampaha District - Cad. Map No. 510227	https://documents.gov.lk/view/extra-gazettes/egz_2019.html	si	https://documents.gov.lk/view/extra-gazettes/2019/11/2150-19_S.pdf	2150/19
lk_extraordinary_gazettes_2010s	2019-11-20-2019-11-20-2150-19-en	2019-11-20-2150-19-en	2019-11-20	Land Title Settlement Department - Nungamuwa, Meerigama D/S Division, Gampaha District - Cad. Map No. 510227	https://documents.gov.lk/view/extra-gazettes/egz_2019.html	en	https://documents.gov.lk/view/extra-gazettes/2019/11/2150-19_E.pdf	2150/19
lk_extraordinary_gazettes_2010s	2019-11-20-2019-11-20-2150-18-ta	2019-11-20-2150-18-ta	2019-11-20	Land Title Settlement Department - Udakotuwa, Kurunegala D/S Division, Kurunegala District - Cad. Map No. 420354	https://documents.gov.lk/view/extra-gazettes/egz_2019.html	ta	https://documents.gov.lk/view/extra-gazettes/2019/11/2150-18_T.pdf	2150/18
lk_extraordinary_gazettes_2010s	2019-11-20-2019-11-20-2150-18-si	2019-11-20-2150-18-si	2019-11-20	Land Title Settlement Department - Udakotuwa, Kurunegala D/S Division, Kurunegala District - Cad. Map No. 420354	https://documents.gov.lk/view/extra-gazettes/egz_2019.html	si	https://documents.gov.lk/view/extra-gazettes/2019/11/2150-18_S.pdf	2150/18
lk_extraordinary_gazettes_2010s	2019-11-20-2019-11-20-2150-18-en	2019-11-20-2150-18-en	2019-11-20	Land Title Settlement Department - Udakotuwa, Kurunegala D/S Division, Kurunegala District - Cad. Map No. 420354	https://documents.gov.lk/view/extra-gazettes/egz_2019.html	en	https://documents.gov.lk/view/extra-gazettes/2019/11/2150-18_E.pdf	2150/18
lk_extraordinary_gazettes_2010s	2019-11-20-2019-11-20-2150-17-ta	2019-11-20-2150-17-ta	2019-11-20	Land Title Settlement Department - Thammennakulama, Nuwaragampalatha East D/S Division, Anuradhapura District - Cad. Map No. 110196	https://documents.gov.lk/view/extra-gazettes/egz_2019.html	ta	https://documents.gov.lk/view/extra-gazettes/2019/11/2150-17_T.pdf	2150/17
lk_extraordinary_gazettes_2010s	2019-11-20-2019-11-20-2150-17-si	2019-11-20-2150-17-si	2019-11-20	Land Title Settlement Department - Thammennakulama, Nuwaragampalatha East D/S Division, Anuradhapura District - Cad. Map No. 110196	https://documents.gov.lk/view/extra-gazettes/egz_2019.html	si	https://documents.gov.lk/view/extra-gazettes/2019/11/2150-17_S.pdf	2150/17
lk_extraordinary_gazettes_2010s	2019-11-20-2019-11-20-2150-17-en	2019-11-20-2150-17-en	2019-11-20	Land Title Settlement Department - Thammennakulama, Nuwaragampalatha East D/S Division, Anuradhapura District - Cad. Map No. 110196	https://documents.gov.lk/view/extra-gazettes/egz_2019.html	en	https://documents.gov.lk/view/extra-gazettes/2019/11/2150-17_E.pdf	2150/17
lk_extraordinary_gazettes_2010s	2019-11-20-2019-11-20-2150-16-ta	2019-11-20-2150-16-ta	2019-11-20	Land Title Settlement Department - Kendawalamadittha, Kandy Four Gravets D/S Division, Kandy District - Cad. Map No. 320294	https://documents.gov.lk/view/extra-gazettes/egz_2019.html	ta	https://documents.gov.lk/view/extra-gazettes/2019/11/2150-16_T.pdf	2150/16
lk_extraordinary_gazettes_2010s	2019-11-20-2019-11-20-2150-16-si	2019-11-20-2150-16-si	2019-11-20	Land Title Settlement Department - Kendawalamadittha, Kandy Four Gravets D/S Division, Kandy District - Cad. Map No. 320294	https://documents.gov.lk/view/extra-gazettes/egz_2019.html	si	https://documents.gov.lk/view/extra-gazettes/2019/11/2150-16_S.pdf	2150/16
lk_extraordinary_gazettes_2010s	2019-11-20-2019-11-20-2150-16-en	2019-11-20-2150-16-en	2019-11-20	Land Title Settlement Department - Kendawalamadittha, Kandy Four Gravets D/S Division, Kandy District - Cad. Map No. 320294	https://documents.gov.lk/view/extra-gazettes/egz_2019.html	en	https://documents.gov.lk/view/extra-gazettes/2019/11/2150-16_E.pdf	2150/16
lk_extraordinary_gazettes_2010s	2019-11-19-2019-11-19-2150-15-ta	2019-11-19-2150-15-ta	2019-11-19	Land Title Settlement Department - Pokunuwita, Horana D/S Division, Kalutara District - Cad. Map No. 530177	https://documents.gov.lk/view/extra-gazettes/egz_2019.html	ta	https://documents.gov.lk/view/extra-gazettes/2019/11/2150-15_T.pdf	2150/15
lk_extraordinary_gazettes_2010s	2019-11-19-2019-11-19-2150-15-si	2019-11-19-2150-15-si	2019-11-19	Land Title Settlement Department - Pokunuwita, Horana D/S Division, Kalutara District - Cad. Map No. 530177	https://documents.gov.lk/view/extra-gazettes/egz_2019.html	si	https://documents.gov.lk/view/extra-gazettes/2019/11/2150-15_S.pdf	2150/15
lk_extraordinary_gazettes_2010s	2019-11-19-2019-11-19-2150-15-en	2019-11-19-2150-15-en	2019-11-19	Land Title Settlement Department - Pokunuwita, Horana D/S Division, Kalutara District - Cad. Map No. 530177	https://documents.gov.lk/view/extra-gazettes/egz_2019.html	en	https://documents.gov.lk/view/extra-gazettes/2019/11/2150-15_E.pdf	2150/15
lk_extraordinary_gazettes_2010s	2019-11-19-2019-11-19-2150-14-ta	2019-11-19-2150-14-ta	2019-11-19	Land Title Settlement Department - Nivithigala, Nivithigala D/S Division, Rathnapura District - Cad. Map No. 620400	https://documents.gov.lk/view/extra-gazettes/egz_2019.html	ta	https://documents.gov.lk/view/extra-gazettes/2019/11/2150-14_T.pdf	2150/14
lk_extraordinary_gazettes_2010s	2019-11-19-2019-11-19-2150-14-si	2019-11-19-2150-14-si	2019-11-19	Land Title Settlement Department - Nivithigala, Nivithigala D/S Division, Rathnapura District - Cad. Map No. 620400	https://documents.gov.lk/view/extra-gazettes/egz_2019.html	si	https://documents.gov.lk/view/extra-gazettes/2019/11/2150-14_S.pdf	2150/14
lk_extraordinary_gazettes_2010s	2019-11-19-2019-11-19-2150-14-en	2019-11-19-2150-14-en	2019-11-19	Land Title Settlement Department - Nivithigala, Nivithigala D/S Division, Rathnapura District - Cad. Map No. 620400	https://documents.gov.lk/view/extra-gazettes/egz_2019.html	en	https://documents.gov.lk/view/extra-gazettes/2019/11/2150-14_E.pdf	2150/14
lk_extraordinary_gazettes_2010s	2019-11-19-2019-11-19-2150-13-ta	2019-11-19-2150-13-ta	2019-11-19	Land Title Settlement Department - Pasiyawewa, Hingurakgoda D/S Division, Polonnaruwa District - Cad. Map No. 120139	https://documents.gov.lk/view/extra-gazettes/egz_2019.html	ta	https://documents.gov.lk/view/extra-gazettes/2019/11/2150-13_T.pdf	2150/13
lk_extraordinary_gazettes_2010s	2019-11-19-2019-11-19-2150-13-si	2019-11-19-2150-13-si	2019-11-19	Land Title Settlement Department - Pasiyawewa, Hingurakgoda D/S Division, Polonnaruwa District - Cad. Map No. 120139	https://documents.gov.lk/view/extra-gazettes/egz_2019.html	si	https://documents.gov.lk/view/extra-gazettes/2019/11/2150-13_S.pdf	2150/13
lk_extraordinary_gazettes_2010s	2019-11-19-2019-11-19-2150-13-en	2019-11-19-2150-13-en	2019-11-19	Land Title Settlement Department - Pasiyawewa, Hingurakgoda D/S Division, Polonnaruwa District - Cad. Map No. 120139	https://documents.gov.lk/view/extra-gazettes/egz_2019.html	en	https://documents.gov.lk/view/extra-gazettes/2019/11/2150-13_E.pdf	2150/13
lk_extraordinary_gazettes_2010s	2019-11-19-2019-11-19-2150-12-ta	2019-11-19-2150-12-ta	2019-11-19	Land Title Settlement Department - Kiribathkumbura, Yatinuwara D/S Division, Kandy District - Cad. Map No. 320552	https://documents.gov.lk/view/extra-gazettes/egz_2019.html	ta	https://documents.gov.lk/view/extra-gazettes/2019/11/2150-12_T.pdf	2150/12
lk_extraordinary_gazettes_2010s	2019-11-19-2019-11-19-2150-12-si	2019-11-19-2150-12-si	2019-11-19	Land Title Settlement Department - Kiribathkumbura, Yatinuwara D/S Division, Kandy District - Cad. Map No. 320552	https://documents.gov.lk/view/extra-gazettes/egz_2019.html	si	https://documents.gov.lk/view/extra-gazettes/2019/11/2150-12_S.pdf	2150/12
lk_extraordinary_gazettes_2010s	2019-11-19-2019-11-19-2150-12-en	2019-11-19-2150-12-en	2019-11-19	Land Title Settlement Department - Kiribathkumbura, Yatinuwara D/S Division, Kandy District - Cad. Map No. 320552	https://documents.gov.lk/view/extra-gazettes/egz_2019.html	en	https://documents.gov.lk/view/extra-gazettes/2019/11/2150-12_E.pdf	2150/12
lk_extraordinary_gazettes_2010s	2019-11-19-2019-11-19-2150-11-ta	2019-11-19-2150-11-ta	2019-11-19	Land Title Settlement Department - Mallawapitiya,  Mallawapitiya D/S Division,  Kurunegala District - Cad Map No. 420201	https://documents.gov.lk/view/extra-gazettes/egz_2019.html	ta	https://documents.gov.lk/view/extra-gazettes/2019/11/2150-11_T.pdf	2150/11
lk_extraordinary_gazettes_2010s	2019-11-19-2019-11-19-2150-11-si	2019-11-19-2150-11-si	2019-11-19	Land Title Settlement Department - Mallawapitiya,  Mallawapitiya D/S Division,  Kurunegala District - Cad Map No. 420201	https://documents.gov.lk/view/extra-gazettes/egz_2019.html	si	https://documents.gov.lk/view/extra-gazettes/2019/11/2150-11_S.pdf	2150/11
lk_extraordinary_gazettes_2010s	2019-11-19-2019-11-19-2150-11-en	2019-11-19-2150-11-en	2019-11-19	Land Title Settlement Department - Mallawapitiya,  Mallawapitiya D/S Division,  Kurunegala District - Cad Map No. 420201	https://documents.gov.lk/view/extra-gazettes/egz_2019.html	en	https://documents.gov.lk/view/extra-gazettes/2019/11/2150-11_E.pdf	2150/11
lk_extraordinary_gazettes_2010s	2019-11-19-2019-11-19-2150-10-ta	2019-11-19-2150-10-ta	2019-11-19	Land Acquisition - Dompegama & Waduressa,  Ganewattha  D/S Division, Kurunegala District	https://documents.gov.lk/view/extra-gazettes/egz_2019.html	ta	https://documents.gov.lk/view/extra-gazettes/2019/11/2150-10_T.pdf	2150/10
lk_extraordinary_gazettes_2010s	2019-11-19-2019-11-19-2150-10-si	2019-11-19-2150-10-si	2019-11-19	Land Acquisition - Dompegama & Waduressa,  Ganewattha  D/S Division, Kurunegala District	https://documents.gov.lk/view/extra-gazettes/egz_2019.html	si	https://documents.gov.lk/view/extra-gazettes/2019/11/2150-10_S.pdf	2150/10
lk_extraordinary_gazettes_2010s	2019-11-19-2019-11-19-2150-10-en	2019-11-19-2150-10-en	2019-11-19	Land Acquisition - Dompegama & Waduressa,  Ganewattha  D/S Division, Kurunegala District	https://documents.gov.lk/view/extra-gazettes/egz_2019.html	en	https://documents.gov.lk/view/extra-gazettes/2019/11/2150-10_E.pdf	2150/10
lk_extraordinary_gazettes_2010s	2019-11-19-2019-11-19-2150-09-ta	2019-11-19-2150-09-ta	2019-11-19	Land Acquisition - Yalagamuwa, Uva Paranagama D/S Division, Badulla District - Tralawa,  Haliela D/S Division,  Badulla District and Divulwewa, Ganewatta D/S Division, Kurunegala District	https://documents.gov.lk/view/extra-gazettes/egz_2019.html	ta	https://documents.gov.lk/view/extra-gazettes/2019/11/2150-09_T.pdf	2150/09
lk_extraordinary_gazettes_2010s	2019-11-19-2019-11-19-2150-09-si	2019-11-19-2150-09-si	2019-11-19	Land Acquisition - Yalagamuwa, Uva Paranagama D/S Division, Badulla District - Tralawa,  Haliela D/S Division,  Badulla District and Divulwewa, Ganewatta D/S Division, Kurunegala District	https://documents.gov.lk/view/extra-gazettes/egz_2019.html	si	https://documents.gov.lk/view/extra-gazettes/2019/11/2150-09_S.pdf	2150/09
lk_extraordinary_gazettes_2010s	2019-11-19-2019-11-19-2150-09-en	2019-11-19-2150-09-en	2019-11-19	Land Acquisition - Yalagamuwa, Uva Paranagama D/S Division, Badulla District - Tralawa,  Haliela D/S Division,  Badulla District and Divulwewa, Ganewatta D/S Division, Kurunegala District	https://documents.gov.lk/view/extra-gazettes/egz_2019.html	en	https://documents.gov.lk/view/extra-gazettes/2019/11/2150-09_E.pdf	2150/09
lk_extraordinary_gazettes_2010s	2019-11-19-2019-11-19-2150-08-ta	2019-11-19-2150-08-ta	2019-11-19	Land Acquisition - Revoke the Order No. 172  of 2018, Meerigama D/S Division, Gampaha District	https://documents.gov.lk/view/extra-gazettes/egz_2019.html	ta	https://documents.gov.lk/view/extra-gazettes/2019/11/2150-08_T.pdf	2150/08
lk_extraordinary_gazettes_2010s	2019-11-19-2019-11-19-2150-08-si	2019-11-19-2150-08-si	2019-11-19	Land Acquisition - Revoke the Order No. 172  of 2018, Meerigama D/S Division, Gampaha District	https://documents.gov.lk/view/extra-gazettes/egz_2019.html	si	https://documents.gov.lk/view/extra-gazettes/2019/11/2150-08_S.pdf	2150/08
lk_extraordinary_gazettes_2010s	2019-11-19-2019-11-19-2150-08-en	2019-11-19-2150-08-en	2019-11-19	Land Acquisition - Revoke the Order No. 172  of 2018, Meerigama D/S Division, Gampaha District	https://documents.gov.lk/view/extra-gazettes/egz_2019.html	en	https://documents.gov.lk/view/extra-gazettes/2019/11/2150-08_E.pdf	2150/08
lk_extraordinary_gazettes_2010s	2019-11-19-2019-11-19-2150-07-ta	2019-11-19-2150-07-ta	2019-11-19	Land Acquisition - Waduressa & Siyambalawewa, Ganewattha D/S Division,  Kurunegala District	https://documents.gov.lk/view/extra-gazettes/egz_2019.html	ta	https://documents.gov.lk/view/extra-gazettes/2019/11/2150-07_T.pdf	2150/07
lk_extraordinary_gazettes_2010s	2019-11-19-2019-11-19-2150-07-si	2019-11-19-2150-07-si	2019-11-19	Land Acquisition - Waduressa & Siyambalawewa, Ganewattha D/S Division,  Kurunegala District	https://documents.gov.lk/view/extra-gazettes/egz_2019.html	si	https://documents.gov.lk/view/extra-gazettes/2019/11/2150-07_S.pdf	2150/07
lk_extraordinary_gazettes_2010s	2019-11-19-2019-11-19-2150-07-en	2019-11-19-2150-07-en	2019-11-19	Land Acquisition - Waduressa & Siyambalawewa, Ganewattha D/S Division,  Kurunegala District	https://documents.gov.lk/view/extra-gazettes/egz_2019.html	en	https://documents.gov.lk/view/extra-gazettes/2019/11/2150-07_E.pdf	2150/07
lk_extraordinary_gazettes_2010s	2019-11-19-2019-11-19-2150-06-ta	2019-11-19-2150-06-ta	2019-11-19	Land Acquisition - Village of Haputale, Haputale, Badulla District	https://documents.gov.lk/view/extra-gazettes/egz_2019.html	ta	https://documents.gov.lk/view/extra-gazettes/2019/11/2150-06_T.pdf	2150/06
lk_extraordinary_gazettes_2010s	2019-11-19-2019-11-19-2150-06-si	2019-11-19-2150-06-si	2019-11-19	Land Acquisition - Village of Haputale, Haputale, Badulla District	https://documents.gov.lk/view/extra-gazettes/egz_2019.html	si	https://documents.gov.lk/view/extra-gazettes/2019/11/2150-06_S.pdf	2150/06
lk_extraordinary_gazettes_2010s	2019-11-19-2019-11-19-2150-06-en	2019-11-19-2150-06-en	2019-11-19	Land Acquisition - Village of Haputale, Haputale, Badulla District	https://documents.gov.lk/view/extra-gazettes/egz_2019.html	en	https://documents.gov.lk/view/extra-gazettes/2019/11/2150-06_E.pdf	2150/06
lk_extraordinary_gazettes_2010s	2019-11-19-2019-11-19-2150-05-si	2019-11-19-2150-05-si	2019-11-19	Ministry of Labour & Trade Union Relations - Award made to the Industrial Dispute between T. D. Tissa Gunasena with 9 others and Upali News Papers (Pvt.) Ltd.	https://documents.gov.lk/view/extra-gazettes/egz_2019.html	si	https://documents.gov.lk/view/extra-gazettes/2019/11/2150-05_S.pdf	2150/05
lk_extraordinary_gazettes_2010s	2019-11-18-2019-11-18-2150-04-ta	2019-11-18-2150-04-ta	2019-11-18	Land Acquisition - Walpola, Thalangama-North & Heenatikumbura, Kaduwela D/S Division, Colombo District	https://documents.gov.lk/view/extra-gazettes/egz_2019.html	ta	https://documents.gov.lk/view/extra-gazettes/2019/11/2150-04_T.pdf	2150/04
lk_extraordinary_gazettes_2010s	2019-11-18-2019-11-18-2150-04-si	2019-11-18-2150-04-si	2019-11-18	Land Acquisition - Walpola, Thalangama-North & Heenatikumbura, Kaduwela D/S Division, Colombo District	https://documents.gov.lk/view/extra-gazettes/egz_2019.html	si	https://documents.gov.lk/view/extra-gazettes/2019/11/2150-04_S.pdf	2150/04
lk_extraordinary_gazettes_2010s	2019-11-18-2019-11-18-2150-04-en	2019-11-18-2150-04-en	2019-11-18	Land Acquisition - Walpola, Thalangama-North & Heenatikumbura, Kaduwela D/S Division, Colombo District	https://documents.gov.lk/view/extra-gazettes/egz_2019.html	en	https://documents.gov.lk/view/extra-gazettes/2019/11/2150-04_E.pdf	2150/04
lk_extraordinary_gazettes_2010s	2019-11-18-2019-11-18-2150-03-ta	2019-11-18-2150-03-ta	2019-11-18	Land Acquisition - Hodiwewa, Kuliyapitiya East D/S Division, Kurunegala District	https://documents.gov.lk/view/extra-gazettes/egz_2019.html	ta	https://documents.gov.lk/view/extra-gazettes/2019/11/2150-03_T.pdf	2150/03
lk_extraordinary_gazettes_2010s	2019-11-18-2019-11-18-2150-03-si	2019-11-18-2150-03-si	2019-11-18	Land Acquisition - Hodiwewa, Kuliyapitiya East D/S Division, Kurunegala District	https://documents.gov.lk/view/extra-gazettes/egz_2019.html	si	https://documents.gov.lk/view/extra-gazettes/2019/11/2150-03_S.pdf	2150/03
lk_extraordinary_gazettes_2010s	2019-11-18-2019-11-18-2150-03-en	2019-11-18-2150-03-en	2019-11-18	Land Acquisition - Hodiwewa, Kuliyapitiya East D/S Division, Kurunegala District	https://documents.gov.lk/view/extra-gazettes/egz_2019.html	en	https://documents.gov.lk/view/extra-gazettes/2019/11/2150-03_E.pdf	2150/03
lk_extraordinary_gazettes_2010s	2019-11-18-2019-11-18-2150-02-ta	2019-11-18-2150-02-ta	2019-11-18	Land Acquisition - Battaramulla, Kaduwela D/S Division, Colombo District	https://documents.gov.lk/view/extra-gazettes/egz_2019.html	ta	https://documents.gov.lk/view/extra-gazettes/2019/11/2150-02_T.pdf	2150/02
lk_extraordinary_gazettes_2010s	2019-11-18-2019-11-18-2150-02-si	2019-11-18-2150-02-si	2019-11-18	Land Acquisition - Battaramulla, Kaduwela D/S Division, Colombo District	https://documents.gov.lk/view/extra-gazettes/egz_2019.html	si	https://documents.gov.lk/view/extra-gazettes/2019/11/2150-02_S.pdf	2150/02
lk_extraordinary_gazettes_2010s	2019-11-18-2019-11-18-2150-02-en	2019-11-18-2150-02-en	2019-11-18	Land Acquisition - Battaramulla, Kaduwela D/S Division, Colombo District	https://documents.gov.lk/view/extra-gazettes/egz_2019.html	en	https://documents.gov.lk/view/extra-gazettes/2019/11/2150-02_E.pdf	2150/02
