doc_type	doc_id	num	date_str	description	url_metadata	lang	url_pdf	doc_number
lk_extraordinary_gazettes_2020s	2026-03-05-2026-03-05-2478-41-en	2026-03-05-2478-41-en	2026-03-05	Ministry of Energy - Sri Lanka Electricity Act, No.36 of 2024.Order under subsection (2) of section 1.	https://documents.gov.lk/view/extra-gazettes/egz_2026.html	en	https://documents.gov.lk/view/extra-gazettes/2026/3/2478-41_E.pdf	2478/41
lk_extraordinary_gazettes_2020s	2026-03-04-2026-03-04-2478-16-si	2026-03-04-2478-16-si	2026-03-04	Presidential Secretariat - Appointed Mr.T. R.W.S. Dhanapala as the Secretary to the Ministry of Digital Economy.	https://documents.gov.lk/view/extra-gazettes/egz_2026.html	si	https://documents.gov.lk/view/extra-gazettes/2026/3/2478-16_S.pdf	2478/16
lk_extraordinary_gazettes_2020s	2026-03-04-2026-03-04-2478-16-en	2026-03-04-2478-16-en	2026-03-04	Presidential Secretariat - Appointed Mr.T. R.W.S. Dhanapala as the Secretary to the Ministry of Digital Economy.	https://documents.gov.lk/view/extra-gazettes/egz_2026.html	en	https://documents.gov.lk/view/extra-gazettes/2026/3/2478-16_E.pdf	2478/16
lk_extraordinary_gazettes_2020s	2026-03-03-2026-03-03-2478-09-ta	2026-03-03-2478-09-ta	2026-03-03	Parliament of Sri Lanka - Declaration made by the Hon. Speaker Under Section 09 of the Parliamentary Staffs Act  ( Chapter 384)	https://documents.gov.lk/view/extra-gazettes/egz_2026.html	ta	https://documents.gov.lk/view/extra-gazettes/2026/3/2478-09_T.pdf	2478/09
lk_extraordinary_gazettes_2020s	2026-03-03-2026-03-03-2478-09-si	2026-03-03-2478-09-si	2026-03-03	Parliament of Sri Lanka - Declaration made by the Hon. Speaker Under Section 09 of the Parliamentary Staffs Act  ( Chapter 384)	https://documents.gov.lk/view/extra-gazettes/egz_2026.html	si	https://documents.gov.lk/view/extra-gazettes/2026/3/2478-09_S.pdf	2478/09
lk_extraordinary_gazettes_2020s	2026-03-03-2026-03-03-2478-09-en	2026-03-03-2478-09-en	2026-03-03	Parliament of Sri Lanka - Declaration made by the Hon. Speaker Under Section 09 of the Parliamentary Staffs Act  ( Chapter 384)	https://documents.gov.lk/view/extra-gazettes/egz_2026.html	en	https://documents.gov.lk/view/extra-gazettes/2026/3/2478-09_E.pdf	2478/09
lk_extraordinary_gazettes_2020s	2026-03-03-2026-03-03-2478-08-ta	2026-03-03-2478-08-ta	2026-03-03	Elections Commission - Under Section 10 A (1) ( a) Chavakachcheri Pradeshiya Sabha	https://documents.gov.lk/view/extra-gazettes/egz_2026.html	ta	https://documents.gov.lk/view/extra-gazettes/2026/3/2478-08_T.pdf	2478/08
lk_extraordinary_gazettes_2020s	2026-03-03-2026-03-03-2478-08-si	2026-03-03-2478-08-si	2026-03-03	Elections Commission - Under Section 10 A (1) ( a) Chavakachcheri Pradeshiya Sabha	https://documents.gov.lk/view/extra-gazettes/egz_2026.html	si	https://documents.gov.lk/view/extra-gazettes/2026/3/2478-08_S.pdf	2478/08
lk_extraordinary_gazettes_2020s	2026-03-03-2026-03-03-2478-08-en	2026-03-03-2478-08-en	2026-03-03	Elections Commission - Under Section 10 A (1) ( a) Chavakachcheri Pradeshiya Sabha	https://documents.gov.lk/view/extra-gazettes/egz_2026.html	en	https://documents.gov.lk/view/extra-gazettes/2026/3/2478-08_E.pdf	2478/08
lk_extraordinary_gazettes_2020s	2026-03-02-2026-03-02-2478-01-ta	2026-03-02-2478-01-ta	2026-03-02	Sri Lanka Customs - Rates of Exchange with effect from 02.03.2026 to 08.03.2026	https://documents.gov.lk/view/extra-gazettes/egz_2026.html	ta	https://documents.gov.lk/view/extra-gazettes/2026/3/2478-01_T.pdf	2478/01
lk_extraordinary_gazettes_2020s	2026-03-02-2026-03-02-2478-01-si	2026-03-02-2478-01-si	2026-03-02	Sri Lanka Customs - Rates of Exchange with effect from 02.03.2026 to 08.03.2026	https://documents.gov.lk/view/extra-gazettes/egz_2026.html	si	https://documents.gov.lk/view/extra-gazettes/2026/3/2478-01_S.pdf	2478/01
lk_extraordinary_gazettes_2020s	2026-03-02-2026-03-02-2478-01-en	2026-03-02-2478-01-en	2026-03-02	Sri Lanka Customs - Rates of Exchange with effect from 02.03.2026 to 08.03.2026	https://documents.gov.lk/view/extra-gazettes/egz_2026.html	en	https://documents.gov.lk/view/extra-gazettes/2026/3/2478-01_E.pdf	2478/01
lk_extraordinary_gazettes_2020s	2026-02-28-2026-02-28-2477-47-ta	2026-02-28-2477-47-ta	2026-02-28	President Secretarial - Essential Public Services Act, No. 61 of 1979	https://documents.gov.lk/view/extra-gazettes/egz_2026.html	ta	https://documents.gov.lk/view/extra-gazettes/2026/2/2477-47_T.pdf	2477/47
lk_extraordinary_gazettes_2020s	2026-02-28-2026-02-28-2477-47-si	2026-02-28-2477-47-si	2026-02-28	President Secretarial - Essential Public Services Act, No. 61 of 1979	https://documents.gov.lk/view/extra-gazettes/egz_2026.html	si	https://documents.gov.lk/view/extra-gazettes/2026/2/2477-47_S.pdf	2477/47
lk_extraordinary_gazettes_2020s	2026-02-28-2026-02-28-2477-47-en	2026-02-28-2477-47-en	2026-02-28	President Secretarial - Essential Public Services Act, No. 61 of 1979	https://documents.gov.lk/view/extra-gazettes/egz_2026.html	en	https://documents.gov.lk/view/extra-gazettes/2026/2/2477-47_E.pdf	2477/47
lk_extraordinary_gazettes_2020s	2026-02-28-2026-02-28-2477-46-ta	2026-02-28-2477-46-ta	2026-02-28	President Secretarial - Emergency Gazette of Public Security and the Protection of Public Order and the maintenance of supplies and services essential to the life of the community	https://documents.gov.lk/view/extra-gazettes/egz_2026.html	ta	https://documents.gov.lk/view/extra-gazettes/2026/2/2477-46_T.pdf	2477/46
lk_extraordinary_gazettes_2020s	2026-02-28-2026-02-28-2477-46-si	2026-02-28-2477-46-si	2026-02-28	President Secretarial - Emergency Gazette of Public Security and the Protection of Public Order and the maintenance of supplies and services essential to the life of the community	https://documents.gov.lk/view/extra-gazettes/egz_2026.html	si	https://documents.gov.lk/view/extra-gazettes/2026/2/2477-46_S.pdf	2477/46
lk_extraordinary_gazettes_2020s	2026-02-28-2026-02-28-2477-46-en	2026-02-28-2477-46-en	2026-02-28	President Secretarial - Emergency Gazette of Public Security and the Protection of Public Order and the maintenance of supplies and services essential to the life of the community	https://documents.gov.lk/view/extra-gazettes/egz_2026.html	en	https://documents.gov.lk/view/extra-gazettes/2026/2/2477-46_E.pdf	2477/46
lk_extraordinary_gazettes_2020s	2026-02-27-2026-02-27-2477-43-si	2026-02-27-2477-43-si	2026-02-27	Ministry of Public Security and Parliament Affairs - Drug Dependent Person (Treatment and Rehabilitation) Act, No. 54 of 2007 order under Section 2	https://documents.gov.lk/view/extra-gazettes/egz_2026.html	si	https://documents.gov.lk/view/extra-gazettes/2026/2/2477-43_S.pdf	2477/43
lk_extraordinary_gazettes_2020s	2026-02-27-2026-02-27-2477-43-en	2026-02-27-2477-43-en	2026-02-27	Ministry of Public Security and Parliament Affairs - Drug Dependent Person (Treatment and Rehabilitation) Act, No. 54 of 2007 order under Section 2	https://documents.gov.lk/view/extra-gazettes/egz_2026.html	en	https://documents.gov.lk/view/extra-gazettes/2026/2/2477-43_E.pdf	2477/43
lk_extraordinary_gazettes_2020s	2026-02-27-2026-02-27-2477-41-ta	2026-02-27-2477-41-ta	2026-02-27	Presidential Secretariat - The Public Security Ordinance Call out with effect from 27.02.2026 All the Members of the Armed Forces	https://documents.gov.lk/view/extra-gazettes/egz_2026.html	ta	https://documents.gov.lk/view/extra-gazettes/2026/2/2477-41_T.pdf	2477/41
lk_extraordinary_gazettes_2020s	2026-02-27-2026-02-27-2477-41-si	2026-02-27-2477-41-si	2026-02-27	Presidential Secretariat - The Public Security Ordinance Call out with effect from 27.02.2026 All the Members of the Armed Forces	https://documents.gov.lk/view/extra-gazettes/egz_2026.html	si	https://documents.gov.lk/view/extra-gazettes/2026/2/2477-41_S.pdf	2477/41
lk_extraordinary_gazettes_2020s	2026-02-27-2026-02-27-2477-41-en	2026-02-27-2477-41-en	2026-02-27	Presidential Secretariat - The Public Security Ordinance Call out with effect from 27.02.2026 All the Members of the Armed Forces	https://documents.gov.lk/view/extra-gazettes/egz_2026.html	en	https://documents.gov.lk/view/extra-gazettes/2026/2/2477-41_E.pdf	2477/41
lk_extraordinary_gazettes_2020s	2026-02-26-2026-02-26-2477-39-si	2026-02-26-2477-39-si	2026-02-26	Presidential Secretariat - Appointed Mr. Susiripala Manawadu as the Governor of the Southern Province w.e.f. 24.02.2026.	https://documents.gov.lk/view/extra-gazettes/egz_2026.html	si	https://documents.gov.lk/view/extra-gazettes/2026/2/2477-39_S.pdf	2477/39
lk_extraordinary_gazettes_2020s	2026-02-26-2026-02-26-2477-39-en	2026-02-26-2477-39-en	2026-02-26	Presidential Secretariat - Appointed Mr. Susiripala Manawadu as the Governor of the Southern Province w.e.f. 24.02.2026.	https://documents.gov.lk/view/extra-gazettes/egz_2026.html	en	https://documents.gov.lk/view/extra-gazettes/2026/2/2477-39_E.pdf	2477/39
lk_extraordinary_gazettes_2020s	2026-02-26-2026-02-26-2477-38-si	2026-02-26-2477-38-si	2026-02-26	District Secretariat - Galle - Pilgrimages Ordinance The Annual Sri Maha Dodhiraja Procession of Sri Shasanalankararama Ancient Temple of Galle	https://documents.gov.lk/view/extra-gazettes/egz_2026.html	si	https://documents.gov.lk/view/extra-gazettes/2026/2/2477-38_S.pdf	2477/38
lk_extraordinary_gazettes_2020s	2026-02-26-2026-02-26-2477-38-en	2026-02-26-2477-38-en	2026-02-26	District Secretariat - Galle - Pilgrimages Ordinance The Annual Sri Maha Dodhiraja Procession of Sri Shasanalankararama Ancient Temple of Galle	https://documents.gov.lk/view/extra-gazettes/egz_2026.html	en	https://documents.gov.lk/view/extra-gazettes/2026/2/2477-38_E.pdf	2477/38
lk_extraordinary_gazettes_2020s	2026-02-25-2026-02-25-2477-35-ta	2026-02-25-2477-35-ta	2026-02-25	Presidential Secretariat - 75th Anniversary of the Sri Lanka Air Force.	https://documents.gov.lk/view/extra-gazettes/egz_2026.html	ta	https://documents.gov.lk/view/extra-gazettes/2026/2/2477-35_T.pdf	2477/35
lk_extraordinary_gazettes_2020s	2026-02-25-2026-02-25-2477-35-si	2026-02-25-2477-35-si	2026-02-25	Presidential Secretariat - 75th Anniversary of the Sri Lanka Air Force.	https://documents.gov.lk/view/extra-gazettes/egz_2026.html	si	https://documents.gov.lk/view/extra-gazettes/2026/2/2477-35_S.pdf	2477/35
lk_extraordinary_gazettes_2020s	2026-02-25-2026-02-25-2477-35-en	2026-02-25-2477-35-en	2026-02-25	Presidential Secretariat - 75th Anniversary of the Sri Lanka Air Force.	https://documents.gov.lk/view/extra-gazettes/egz_2026.html	en	https://documents.gov.lk/view/extra-gazettes/2026/2/2477-35_E.pdf	2477/35
lk_extraordinary_gazettes_2020s	2026-02-25-2026-02-25-2477-33-si	2026-02-25-2477-33-si	2026-02-25	Elections Commission - Filling of a Vacancy in the Office of Member of the Bingiriya P.S	https://documents.gov.lk/view/extra-gazettes/egz_2026.html	si	https://documents.gov.lk/view/extra-gazettes/2026/2/2477-33_S.pdf	2477/33
lk_extraordinary_gazettes_2020s	2026-02-25-2026-02-25-2477-33-en	2026-02-25-2477-33-en	2026-02-25	Elections Commission - Filling of a Vacancy in the Office of Member of the Bingiriya P.S	https://documents.gov.lk/view/extra-gazettes/egz_2026.html	en	https://documents.gov.lk/view/extra-gazettes/2026/2/2477-33_E.pdf	2477/33
lk_extraordinary_gazettes_2020s	2026-02-25-2026-02-25-2477-32-si	2026-02-25-2477-32-si	2026-02-25	Department of Local Government - Eastern Province - Summon the Re-Calling Meeting to Fill the Vacancy Arose to the Post of Chairman of Chairman of The Ninthavuv P.S	https://documents.gov.lk/view/extra-gazettes/egz_2026.html	si	https://documents.gov.lk/view/extra-gazettes/2026/2/2477-32_S.pdf	2477/32
lk_extraordinary_gazettes_2020s	2026-02-25-2026-02-25-2477-32-en	2026-02-25-2477-32-en	2026-02-25	Department of Local Government - Eastern Province - Summon the Re-Calling Meeting to Fill the Vacancy Arose to the Post of Chairman of Chairman of The Ninthavuv P.S	https://documents.gov.lk/view/extra-gazettes/egz_2026.html	en	https://documents.gov.lk/view/extra-gazettes/2026/2/2477-32_E.pdf	2477/32
lk_extraordinary_gazettes_2020s	2026-02-24-2026-02-24-2477-31-ta	2026-02-24-2477-31-ta	2026-02-24	Election Commission - Filling the Vacancy in the Office of Member of the Baddegama Pradeshiya Sabha	https://documents.gov.lk/view/extra-gazettes/egz_2026.html	ta	https://documents.gov.lk/view/extra-gazettes/2026/2/2477-31_T.pdf	2477/31
lk_extraordinary_gazettes_2020s	2026-02-24-2026-02-24-2477-31-si	2026-02-24-2477-31-si	2026-02-24	Election Commission - Filling the Vacancy in the Office of Member of the Baddegama Pradeshiya Sabha	https://documents.gov.lk/view/extra-gazettes/egz_2026.html	si	https://documents.gov.lk/view/extra-gazettes/2026/2/2477-31_S.pdf	2477/31
lk_extraordinary_gazettes_2020s	2026-02-24-2026-02-24-2477-31-en	2026-02-24-2477-31-en	2026-02-24	Election Commission - Filling the Vacancy in the Office of Member of the Baddegama Pradeshiya Sabha	https://documents.gov.lk/view/extra-gazettes/egz_2026.html	en	https://documents.gov.lk/view/extra-gazettes/2026/2/2477-31_E.pdf	2477/31
lk_extraordinary_gazettes_2020s	2026-02-24-2026-02-24-2477-30-ta	2026-02-24-2477-30-ta	2026-02-24	Elections Commission - Filling of a vacancy in the Office of Member of the Colombo Municipal Council.	https://documents.gov.lk/view/extra-gazettes/egz_2026.html	ta	https://documents.gov.lk/view/extra-gazettes/2026/2/2477-30_T.pdf	2477/30
lk_extraordinary_gazettes_2020s	2026-02-24-2026-02-24-2477-30-si	2026-02-24-2477-30-si	2026-02-24	Elections Commission - Filling of a vacancy in the Office of Member of the Colombo Municipal Council.	https://documents.gov.lk/view/extra-gazettes/egz_2026.html	si	https://documents.gov.lk/view/extra-gazettes/2026/2/2477-30_S.pdf	2477/30
lk_extraordinary_gazettes_2020s	2026-02-24-2026-02-24-2477-30-en	2026-02-24-2477-30-en	2026-02-24	Elections Commission - Filling of a vacancy in the Office of Member of the Colombo Municipal Council.	https://documents.gov.lk/view/extra-gazettes/egz_2026.html	en	https://documents.gov.lk/view/extra-gazettes/2026/2/2477-30_E.pdf	2477/30
lk_extraordinary_gazettes_2020s	2026-02-24-2026-02-24-2477-23-ta	2026-02-24-2477-23-ta	2026-02-24	Department of  Census and Statistics - National Consumer Price Index - January 2026	https://documents.gov.lk/view/extra-gazettes/egz_2026.html	ta	https://documents.gov.lk/view/extra-gazettes/2026/2/2477-23_T.pdf	2477/23
lk_extraordinary_gazettes_2020s	2026-02-24-2026-02-24-2477-23-si	2026-02-24-2477-23-si	2026-02-24	Department of  Census and Statistics - National Consumer Price Index - January 2026	https://documents.gov.lk/view/extra-gazettes/egz_2026.html	si	https://documents.gov.lk/view/extra-gazettes/2026/2/2477-23_S.pdf	2477/23
lk_extraordinary_gazettes_2020s	2026-02-24-2026-02-24-2477-23-en	2026-02-24-2477-23-en	2026-02-24	Department of  Census and Statistics - National Consumer Price Index - January 2026	https://documents.gov.lk/view/extra-gazettes/egz_2026.html	en	https://documents.gov.lk/view/extra-gazettes/2026/2/2477-23_E.pdf	2477/23
lk_extraordinary_gazettes_2020s	2026-02-23-2026-02-23-2477-19-si	2026-02-23-2477-19-si	2026-02-23	Land Title Settlement Dept - Dihipagoda, Udunuwara D/S/D, Kandy District (26/5514022)	https://documents.gov.lk/view/extra-gazettes/egz_2026.html	si	https://documents.gov.lk/view/extra-gazettes/2026/2/2477-19_S.pdf	2477/19
lk_extraordinary_gazettes_2020s	2026-02-23-2026-02-23-2477-19-en	2026-02-23-2477-19-en	2026-02-23	Land Title Settlement Dept - Dihipagoda, Udunuwara D/S/D, Kandy District (26/5514022)	https://documents.gov.lk/view/extra-gazettes/egz_2026.html	en	https://documents.gov.lk/view/extra-gazettes/2026/2/2477-19_E.pdf	2477/19
lk_extraordinary_gazettes_2020s	2026-02-23-2026-02-23-2477-01-si	2026-02-23-2477-01-si	2026-02-23	Sri Lanka Customs - Rates of Exchange with effect from	https://documents.gov.lk/view/extra-gazettes/egz_2026.html	si	https://documents.gov.lk/view/extra-gazettes/2026/2/2477-01_S.pdf	2477/01
lk_extraordinary_gazettes_2020s	2026-02-23-2026-02-23-2477-01-en	2026-02-23-2477-01-en	2026-02-23	Sri Lanka Customs - Rates of Exchange with effect from	https://documents.gov.lk/view/extra-gazettes/egz_2026.html	en	https://documents.gov.lk/view/extra-gazettes/2026/2/2477-01_E.pdf	2477/01
lk_extraordinary_gazettes_2020s	2026-02-21-2026-02-21-2476-45-si	2026-02-21-2476-45-si	2026-02-21	Land Title Settlement Dept - Hunumulla, Divulapitiya D/S/D, Gampaha District (25/55078)	https://documents.gov.lk/view/extra-gazettes/egz_2026.html	si	https://documents.gov.lk/view/extra-gazettes/2026/2/2476-45_S.pdf	2476/45
lk_extraordinary_gazettes_2020s	2026-02-21-2026-02-21-2476-45-en	2026-02-21-2476-45-en	2026-02-21	Land Title Settlement Dept - Hunumulla, Divulapitiya D/S/D, Gampaha District (25/55078)	https://documents.gov.lk/view/extra-gazettes/egz_2026.html	en	https://documents.gov.lk/view/extra-gazettes/2026/2/2476-45_E.pdf	2476/45
lk_extraordinary_gazettes_2020s	2026-02-20-2026-02-20-2476-42-ta	2026-02-20-2476-42-ta	2026-02-20	Secretariat of the Governor - Eastern Province - Notice Amend the Schedule IO of Notice Published by the Governor of the Eastern Province	https://documents.gov.lk/view/extra-gazettes/egz_2026.html	ta	https://documents.gov.lk/view/extra-gazettes/2026/2/2476-42_T.pdf	2476/42
lk_extraordinary_gazettes_2020s	2026-02-20-2026-02-20-2476-42-si	2026-02-20-2476-42-si	2026-02-20	Secretariat of the Governor - Eastern Province - Notice Amend the Schedule IO of Notice Published by the Governor of the Eastern Province	https://documents.gov.lk/view/extra-gazettes/egz_2026.html	si	https://documents.gov.lk/view/extra-gazettes/2026/2/2476-42_S.pdf	2476/42
lk_extraordinary_gazettes_2020s	2026-02-20-2026-02-20-2476-42-en	2026-02-20-2476-42-en	2026-02-20	Secretariat of the Governor - Eastern Province - Notice Amend the Schedule IO of Notice Published by the Governor of the Eastern Province	https://documents.gov.lk/view/extra-gazettes/egz_2026.html	en	https://documents.gov.lk/view/extra-gazettes/2026/2/2476-42_E.pdf	2476/42
lk_extraordinary_gazettes_2020s	2026-02-20-2026-02-20-2476-41-si	2026-02-20-2476-41-si	2026-02-20	Election Commission - Filling of a Vacancy in the Office of Member of the Galenbindunuwewa P.S	https://documents.gov.lk/view/extra-gazettes/egz_2026.html	si	https://documents.gov.lk/view/extra-gazettes/2026/2/2476-41_S.pdf	2476/41
lk_extraordinary_gazettes_2020s	2026-02-20-2026-02-20-2476-41-en	2026-02-20-2476-41-en	2026-02-20	Election Commission - Filling of a Vacancy in the Office of Member of the Galenbindunuwewa P.S	https://documents.gov.lk/view/extra-gazettes/egz_2026.html	en	https://documents.gov.lk/view/extra-gazettes/2026/2/2476-41_E.pdf	2476/41
lk_extraordinary_gazettes_2020s	2026-02-19-2026-02-19-2476-33-si	2026-02-19-2476-33-si	2026-02-19	Department of Local Government - Sabaragamuwa Province - Elected to the Chairman to the Balangoda Urban Council	https://documents.gov.lk/view/extra-gazettes/egz_2026.html	si	https://documents.gov.lk/view/extra-gazettes/2026/2/2476-33_S.pdf	2476/33
lk_extraordinary_gazettes_2020s	2026-02-19-2026-02-19-2476-33-en	2026-02-19-2476-33-en	2026-02-19	Department of Local Government - Sabaragamuwa Province - Elected to the Chairman to the Balangoda Urban Council	https://documents.gov.lk/view/extra-gazettes/egz_2026.html	en	https://documents.gov.lk/view/extra-gazettes/2026/2/2476-33_E.pdf	2476/33
lk_extraordinary_gazettes_2020s	2026-02-18-2026-02-18-2476-25-si	2026-02-18-2476-25-si	2026-02-18	Office of the Public Service Commission - Service Minute of the Sri Lanka Planning Service	https://documents.gov.lk/view/extra-gazettes/egz_2026.html	si	https://documents.gov.lk/view/extra-gazettes/2026/2/2476-25_S.pdf	2476/25
lk_extraordinary_gazettes_2020s	2026-02-18-2026-02-18-2476-25-en	2026-02-18-2476-25-en	2026-02-18	Office of the Public Service Commission - Service Minute of the Sri Lanka Planning Service	https://documents.gov.lk/view/extra-gazettes/egz_2026.html	en	https://documents.gov.lk/view/extra-gazettes/2026/2/2476-25_E.pdf	2476/25
lk_extraordinary_gazettes_2020s	2026-02-18-2026-02-18-2476-24-ta	2026-02-18-2476-24-ta	2026-02-18	Department of Local Government - Southern Province - Elected to the Chairman of Weligama P.S	https://documents.gov.lk/view/extra-gazettes/egz_2026.html	ta	https://documents.gov.lk/view/extra-gazettes/2026/2/2476-24_T.pdf	2476/24
lk_extraordinary_gazettes_2020s	2026-02-18-2026-02-18-2476-24-si	2026-02-18-2476-24-si	2026-02-18	Department of Local Government - Southern Province - Elected to the Chairman of Weligama P.S	https://documents.gov.lk/view/extra-gazettes/egz_2026.html	si	https://documents.gov.lk/view/extra-gazettes/2026/2/2476-24_S.pdf	2476/24
lk_extraordinary_gazettes_2020s	2026-02-18-2026-02-18-2476-24-en	2026-02-18-2476-24-en	2026-02-18	Department of Local Government - Southern Province - Elected to the Chairman of Weligama P.S	https://documents.gov.lk/view/extra-gazettes/egz_2026.html	en	https://documents.gov.lk/view/extra-gazettes/2026/2/2476-24_E.pdf	2476/24
lk_extraordinary_gazettes_2020s	2026-02-18-2026-02-18-2476-23-ta	2026-02-18-2476-23-ta	2026-02-18	Election Commission - Filling of a Vacancy in the Office of Member of the Hakmana P.S	https://documents.gov.lk/view/extra-gazettes/egz_2026.html	ta	https://documents.gov.lk/view/extra-gazettes/2026/2/2476-23_T.pdf	2476/23
lk_extraordinary_gazettes_2020s	2026-02-18-2026-02-18-2476-23-si	2026-02-18-2476-23-si	2026-02-18	Election Commission - Filling of a Vacancy in the Office of Member of the Hakmana P.S	https://documents.gov.lk/view/extra-gazettes/egz_2026.html	si	https://documents.gov.lk/view/extra-gazettes/2026/2/2476-23_S.pdf	2476/23
lk_extraordinary_gazettes_2020s	2026-02-18-2026-02-18-2476-23-en	2026-02-18-2476-23-en	2026-02-18	Election Commission - Filling of a Vacancy in the Office of Member of the Hakmana P.S	https://documents.gov.lk/view/extra-gazettes/egz_2026.html	en	https://documents.gov.lk/view/extra-gazettes/2026/2/2476-23_E.pdf	2476/23
lk_extraordinary_gazettes_2020s	2026-02-18-2026-02-18-2476-22-ta	2026-02-18-2476-22-ta	2026-02-18	Election Commission - Filling of a Vacancy in the Office of Member of the Warakapola P.S	https://documents.gov.lk/view/extra-gazettes/egz_2026.html	ta	https://documents.gov.lk/view/extra-gazettes/2026/2/2476-22_T.pdf	2476/22
lk_extraordinary_gazettes_2020s	2026-02-18-2026-02-18-2476-22-si	2026-02-18-2476-22-si	2026-02-18	Election Commission - Filling of a Vacancy in the Office of Member of the Warakapola P.S	https://documents.gov.lk/view/extra-gazettes/egz_2026.html	si	https://documents.gov.lk/view/extra-gazettes/2026/2/2476-22_S.pdf	2476/22
lk_extraordinary_gazettes_2020s	2026-02-18-2026-02-18-2476-22-en	2026-02-18-2476-22-en	2026-02-18	Election Commission - Filling of a Vacancy in the Office of Member of the Warakapola P.S	https://documents.gov.lk/view/extra-gazettes/egz_2026.html	en	https://documents.gov.lk/view/extra-gazettes/2026/2/2476-22_E.pdf	2476/22
lk_extraordinary_gazettes_2020s	2026-02-18-2026-02-18-2476-21-ta	2026-02-18-2476-21-ta	2026-02-18	Election Commission - Filling of a Vacancy in the Office of Member of the Deraniyagala P.S	https://documents.gov.lk/view/extra-gazettes/egz_2026.html	ta	https://documents.gov.lk/view/extra-gazettes/2026/2/2476-21_T.pdf	2476/21
lk_extraordinary_gazettes_2020s	2026-02-18-2026-02-18-2476-21-si	2026-02-18-2476-21-si	2026-02-18	Election Commission - Filling of a Vacancy in the Office of Member of the Deraniyagala P.S	https://documents.gov.lk/view/extra-gazettes/egz_2026.html	si	https://documents.gov.lk/view/extra-gazettes/2026/2/2476-21_S.pdf	2476/21
lk_extraordinary_gazettes_2020s	2026-02-18-2026-02-18-2476-21-en	2026-02-18-2476-21-en	2026-02-18	Election Commission - Filling of a Vacancy in the Office of Member of the Deraniyagala P.S	https://documents.gov.lk/view/extra-gazettes/egz_2026.html	en	https://documents.gov.lk/view/extra-gazettes/2026/2/2476-21_E.pdf	2476/21
lk_extraordinary_gazettes_2020s	2026-02-18-2026-02-18-2476-20-ta	2026-02-18-2476-20-ta	2026-02-18	Election Commission - Filling of a Vacancy in the Office of Member of the Kotapola P.S	https://documents.gov.lk/view/extra-gazettes/egz_2026.html	ta	https://documents.gov.lk/view/extra-gazettes/2026/2/2476-20_T.pdf	2476/20
lk_extraordinary_gazettes_2020s	2026-02-18-2026-02-18-2476-20-si	2026-02-18-2476-20-si	2026-02-18	Election Commission - Filling of a Vacancy in the Office of Member of the Kotapola P.S	https://documents.gov.lk/view/extra-gazettes/egz_2026.html	si	https://documents.gov.lk/view/extra-gazettes/2026/2/2476-20_S.pdf	2476/20
lk_extraordinary_gazettes_2020s	2026-02-18-2026-02-18-2476-20-en	2026-02-18-2476-20-en	2026-02-18	Election Commission - Filling of a Vacancy in the Office of Member of the Kotapola P.S	https://documents.gov.lk/view/extra-gazettes/egz_2026.html	en	https://documents.gov.lk/view/extra-gazettes/2026/2/2476-20_E.pdf	2476/20
lk_extraordinary_gazettes_2020s	2026-02-18-2026-02-18-2476-19-ta	2026-02-18-2476-19-ta	2026-02-18	Election Commission - Filling of a vacancy in the office of member of the Akurana Pradeshiya Sabha.	https://documents.gov.lk/view/extra-gazettes/egz_2026.html	ta	https://documents.gov.lk/view/extra-gazettes/2026/2/2476-19_T.pdf	2476/19
lk_extraordinary_gazettes_2020s	2026-02-18-2026-02-18-2476-19-si	2026-02-18-2476-19-si	2026-02-18	Election Commission - Filling of a vacancy in the office of member of the Akurana Pradeshiya Sabha.	https://documents.gov.lk/view/extra-gazettes/egz_2026.html	si	https://documents.gov.lk/view/extra-gazettes/2026/2/2476-19_S.pdf	2476/19
lk_extraordinary_gazettes_2020s	2026-02-18-2026-02-18-2476-19-en	2026-02-18-2476-19-en	2026-02-18	Election Commission - Filling of a vacancy in the office of member of the Akurana Pradeshiya Sabha.	https://documents.gov.lk/view/extra-gazettes/egz_2026.html	en	https://documents.gov.lk/view/extra-gazettes/2026/2/2476-19_E.pdf	2476/19
lk_extraordinary_gazettes_2020s	2026-02-18-2026-02-18-2476-18-ta	2026-02-18-2476-18-ta	2026-02-18	Ministry of Education, Higher Education and Vocational Education - Competitive Examination for Recruitment of Graduates to the Sri Lanka Teachers' Service	https://documents.gov.lk/view/extra-gazettes/egz_2026.html	ta	https://documents.gov.lk/view/extra-gazettes/2026/2/2476-18_T.pdf	2476/18
lk_extraordinary_gazettes_2020s	2026-02-18-2026-02-18-2476-18-si	2026-02-18-2476-18-si	2026-02-18	Ministry of Education, Higher Education and Vocational Education - Competitive Examination for Recruitment of Graduates to the Sri Lanka Teachers' Service	https://documents.gov.lk/view/extra-gazettes/egz_2026.html	si	https://documents.gov.lk/view/extra-gazettes/2026/2/2476-18_S.pdf	2476/18
lk_extraordinary_gazettes_2020s	2026-02-18-2026-02-18-2476-18-en	2026-02-18-2476-18-en	2026-02-18	Ministry of Education, Higher Education and Vocational Education - Competitive Examination for Recruitment of Graduates to the Sri Lanka Teachers' Service	https://documents.gov.lk/view/extra-gazettes/egz_2026.html	en	https://documents.gov.lk/view/extra-gazettes/2026/2/2476-18_E.pdf	2476/18
lk_extraordinary_gazettes_2020s	2026-02-17-2026-02-17-2476-09-ta	2026-02-17-2476-09-ta	2026-02-17	Ministry of Education - Degree Awarding Institute order Nagananda International Institute for Buddhist Studies (Pvt) Ltd	https://documents.gov.lk/view/extra-gazettes/egz_2026.html	ta	https://documents.gov.lk/view/extra-gazettes/2026/2/2476-09_T.pdf	2476/09
lk_extraordinary_gazettes_2020s	2026-02-17-2026-02-17-2476-09-si	2026-02-17-2476-09-si	2026-02-17	Ministry of Education - Degree Awarding Institute order Nagananda International Institute for Buddhist Studies (Pvt) Ltd	https://documents.gov.lk/view/extra-gazettes/egz_2026.html	si	https://documents.gov.lk/view/extra-gazettes/2026/2/2476-09_S.pdf	2476/09
lk_extraordinary_gazettes_2020s	2026-02-17-2026-02-17-2476-09-en	2026-02-17-2476-09-en	2026-02-17	Ministry of Education - Degree Awarding Institute order Nagananda International Institute for Buddhist Studies (Pvt) Ltd	https://documents.gov.lk/view/extra-gazettes/egz_2026.html	en	https://documents.gov.lk/view/extra-gazettes/2026/2/2476-09_E.pdf	2476/09
lk_extraordinary_gazettes_2020s	2026-02-17-2026-02-17-2476-08-ta	2026-02-17-2476-08-ta	2026-02-17	District Secretariat - Kalutara - The Season of Lent and Holy Week at Calvari Shrine, Maggona in the Catholic Diocese of Kalutara	https://documents.gov.lk/view/extra-gazettes/egz_2026.html	ta	https://documents.gov.lk/view/extra-gazettes/2026/2/2476-08_T.pdf	2476/08
lk_extraordinary_gazettes_2020s	2026-02-17-2026-02-17-2476-08-si	2026-02-17-2476-08-si	2026-02-17	District Secretariat - Kalutara - The Season of Lent and Holy Week at Calvari Shrine, Maggona in the Catholic Diocese of Kalutara	https://documents.gov.lk/view/extra-gazettes/egz_2026.html	si	https://documents.gov.lk/view/extra-gazettes/2026/2/2476-08_S.pdf	2476/08
lk_extraordinary_gazettes_2020s	2026-02-17-2026-02-17-2476-08-en	2026-02-17-2476-08-en	2026-02-17	District Secretariat - Kalutara - The Season of Lent and Holy Week at Calvari Shrine, Maggona in the Catholic Diocese of Kalutara	https://documents.gov.lk/view/extra-gazettes/egz_2026.html	en	https://documents.gov.lk/view/extra-gazettes/2026/2/2476-08_E.pdf	2476/08
lk_extraordinary_gazettes_2020s	2026-02-17-2026-02-17-2476-07-ta	2026-02-17-2476-07-ta	2026-02-17	Election Commission - Filling of a Vacancy in the Office of Member of the Mannar Urban Council	https://documents.gov.lk/view/extra-gazettes/egz_2026.html	ta	https://documents.gov.lk/view/extra-gazettes/2026/2/2476-07_T.pdf	2476/07
lk_extraordinary_gazettes_2020s	2026-02-17-2026-02-17-2476-07-si	2026-02-17-2476-07-si	2026-02-17	Election Commission - Filling of a Vacancy in the Office of Member of the Mannar Urban Council	https://documents.gov.lk/view/extra-gazettes/egz_2026.html	si	https://documents.gov.lk/view/extra-gazettes/2026/2/2476-07_S.pdf	2476/07
lk_extraordinary_gazettes_2020s	2026-02-17-2026-02-17-2476-07-en	2026-02-17-2476-07-en	2026-02-17	Election Commission - Filling of a Vacancy in the Office of Member of the Mannar Urban Council	https://documents.gov.lk/view/extra-gazettes/egz_2026.html	en	https://documents.gov.lk/view/extra-gazettes/2026/2/2476-07_E.pdf	2476/07
lk_extraordinary_gazettes_2020s	2026-02-16-2026-02-16-2476-06-ta	2026-02-16-2476-06-ta	2026-02-16	"Land Aquation - Dipbedda, Panadura D/S/D, Kalutara District
Hunukumbura , Bamunukotuwa D/S/D, Kurunegala District
Muruthenge, Kuliyapitiya Easr D/S/D, Kurunegala District"	https://documents.gov.lk/view/extra-gazettes/egz_2026.html	ta	https://documents.gov.lk/view/extra-gazettes/2026/2/2476-06_T.pdf	2476/06
lk_extraordinary_gazettes_2020s	2026-02-16-2026-02-16-2476-06-si	2026-02-16-2476-06-si	2026-02-16	Land Acquisition	https://documents.gov.lk/view/extra-gazettes/egz_2026.html	si	https://documents.gov.lk/view/extra-gazettes/2026/2/2476-06_S.pdf	2476/06
lk_extraordinary_gazettes_2020s	2026-02-16-2026-02-16-2476-06-en	2026-02-16-2476-06-en	2026-02-16	Land Acquisition	https://documents.gov.lk/view/extra-gazettes/egz_2026.html	en	https://documents.gov.lk/view/extra-gazettes/2026/2/2476-06_E.pdf	2476/06
lk_extraordinary_gazettes_2020s	2026-02-16-2026-02-16-2476-01-ta	2026-02-16-2476-01-ta	2026-02-16	Sri Lanka Customs - Rates of Exchange with effect from	https://documents.gov.lk/view/extra-gazettes/egz_2026.html	ta	https://documents.gov.lk/view/extra-gazettes/2026/2/2476-01_T.pdf	2476/01
lk_extraordinary_gazettes_2020s	2026-02-16-2026-02-16-2476-01-si	2026-02-16-2476-01-si	2026-02-16	Sri Lanka Customs - Rates of Exchange with effect from	https://documents.gov.lk/view/extra-gazettes/egz_2026.html	si	https://documents.gov.lk/view/extra-gazettes/2026/2/2476-01_S.pdf	2476/01
lk_extraordinary_gazettes_2020s	2026-02-16-2026-02-16-2476-01-en	2026-02-16-2476-01-en	2026-02-16	Sri Lanka Customs - Rates of Exchange with effect from	https://documents.gov.lk/view/extra-gazettes/egz_2026.html	en	https://documents.gov.lk/view/extra-gazettes/2026/2/2476-01_E.pdf	2476/01
lk_extraordinary_gazettes_2020s	2026-02-13-2026-02-13-2475-35-ta	2026-02-13-2475-35-ta	2026-02-13	Land Acquisition	https://documents.gov.lk/view/extra-gazettes/egz_2026.html	ta	https://documents.gov.lk/view/extra-gazettes/2026/2/2475-35_T.pdf	2475/35
lk_extraordinary_gazettes_2020s	2026-02-13-2026-02-13-2475-35-si	2026-02-13-2475-35-si	2026-02-13	2475/35	https://documents.gov.lk/view/extra-gazettes/egz_2026.html	si	https://documents.gov.lk/view/extra-gazettes/2026/2/2475-35_S.pdf	2475/35
lk_extraordinary_gazettes_2020s	2026-02-13-2026-02-13-2475-35-en	2026-02-13-2475-35-en	2026-02-13	2475/35	https://documents.gov.lk/view/extra-gazettes/egz_2026.html	en	https://documents.gov.lk/view/extra-gazettes/2026/2/2475-35_E.pdf	2475/35
lk_extraordinary_gazettes_2020s	2026-02-13-2026-02-13-2475-34-ta	2026-02-13-2475-34-ta	2026-02-13	Governor's Secretariat - Northern Province Regarding Conducting an inquiry in chavarakachcheri Urban Council	https://documents.gov.lk/view/extra-gazettes/egz_2026.html	ta	https://documents.gov.lk/view/extra-gazettes/2026/2/2475-34_T.pdf	2475/34
lk_extraordinary_gazettes_2020s	2026-02-13-2026-02-13-2475-34-si	2026-02-13-2475-34-si	2026-02-13	2475/34	https://documents.gov.lk/view/extra-gazettes/egz_2026.html	si	https://documents.gov.lk/view/extra-gazettes/2026/2/2475-34_S.pdf	2475/34
lk_extraordinary_gazettes_2020s	2026-02-13-2026-02-13-2475-34-en	2026-02-13-2475-34-en	2026-02-13	2475/34	https://documents.gov.lk/view/extra-gazettes/egz_2026.html	en	https://documents.gov.lk/view/extra-gazettes/2026/2/2475-34_E.pdf	2475/34
lk_extraordinary_gazettes_2020s	2026-02-13-2026-02-13-2475-33-ta	2026-02-13-2475-33-ta	2026-02-13	Land Acquisition	https://documents.gov.lk/view/extra-gazettes/egz_2026.html	ta	https://documents.gov.lk/view/extra-gazettes/2026/2/2475-33_T.pdf	2475/33
lk_extraordinary_gazettes_2020s	2026-02-13-2026-02-13-2475-33-si	2026-02-13-2475-33-si	2026-02-13	Land Acquisition	https://documents.gov.lk/view/extra-gazettes/egz_2026.html	si	https://documents.gov.lk/view/extra-gazettes/2026/2/2475-33_S.pdf	2475/33
lk_extraordinary_gazettes_2020s	2026-02-13-2026-02-13-2475-33-en	2026-02-13-2475-33-en	2026-02-13	Land Acquisition	https://documents.gov.lk/view/extra-gazettes/egz_2026.html	en	https://documents.gov.lk/view/extra-gazettes/2026/2/2475-33_E.pdf	2475/33
lk_extraordinary_gazettes_2020s	2026-02-13-2026-02-13-2475-32-en	2026-02-13-2475-32-en	2026-02-13	2475/32	https://documents.gov.lk/view/extra-gazettes/egz_2026.html	en	https://documents.gov.lk/view/extra-gazettes/2026/2/2475-32_E.pdf	2475/32
lk_extraordinary_gazettes_2020s	2026-02-13-2026-02-13-2475-31-ta	2026-02-13-2475-31-ta	2026-02-13	Land Title Settlement Dept - Hiththatiya, Matara, D/S/D, Matara District (25/0525)	https://documents.gov.lk/view/extra-gazettes/egz_2026.html	ta	https://documents.gov.lk/view/extra-gazettes/2026/2/2475-31_T.pdf	2475/31
lk_extraordinary_gazettes_2020s	2026-02-13-2026-02-13-2475-31-si	2026-02-13-2475-31-si	2026-02-13	2475/31	https://documents.gov.lk/view/extra-gazettes/egz_2026.html	si	https://documents.gov.lk/view/extra-gazettes/2026/2/2475-31_S.pdf	2475/31
lk_extraordinary_gazettes_2020s	2026-02-13-2026-02-13-2475-31-en	2026-02-13-2475-31-en	2026-02-13	2475/31	https://documents.gov.lk/view/extra-gazettes/egz_2026.html	en	https://documents.gov.lk/view/extra-gazettes/2026/2/2475-31_E.pdf	2475/31
lk_extraordinary_gazettes_2020s	2026-02-13-2026-02-13-2475-29-si	2026-02-13-2475-29-si	2026-02-13	2475/29	https://documents.gov.lk/view/extra-gazettes/egz_2026.html	si	https://documents.gov.lk/view/extra-gazettes/2026/2/2475-29_S.pdf	2475/29
lk_extraordinary_gazettes_2020s	2026-02-13-2026-02-13-2475-29-en	2026-02-13-2475-29-en	2026-02-13	2475/29	https://documents.gov.lk/view/extra-gazettes/egz_2026.html	en	https://documents.gov.lk/view/extra-gazettes/2026/2/2475-29_E.pdf	2475/29
lk_extraordinary_gazettes_2020s	2026-02-13-2026-02-13-2475-28-ta	2026-02-13-2475-28-ta	2026-02-13	Legal Affairs Department - The Colombo Port City Economic  Commission Act, No.11 of 2021 - Regulations.	https://documents.gov.lk/view/extra-gazettes/egz_2026.html	ta	https://documents.gov.lk/view/extra-gazettes/2026/2/2475-28_T.pdf	2475/28
lk_extraordinary_gazettes_2020s	2026-02-13-2026-02-13-2475-28-si	2026-02-13-2475-28-si	2026-02-13	Legal Affairs Department - The Colombo Port City Economic  Commission Act, No.11 of 2021 - Regulations.	https://documents.gov.lk/view/extra-gazettes/egz_2026.html	si	https://documents.gov.lk/view/extra-gazettes/2026/2/2475-28_S.pdf	2475/28
lk_extraordinary_gazettes_2020s	2026-02-13-2026-02-13-2475-28-en	2026-02-13-2475-28-en	2026-02-13	Legal Affairs Department - The Colombo Port City Economic  Commission Act, No.11 of 2021 - Regulations.	https://documents.gov.lk/view/extra-gazettes/egz_2026.html	en	https://documents.gov.lk/view/extra-gazettes/2026/2/2475-28_E.pdf	2475/28
lk_extraordinary_gazettes_2020s	2026-02-12-2026-02-12-2475-27-ta	2026-02-12-2475-27-ta	2026-02-12	Election commission - Filling of a Vacancy in the Office of Member of the Valikamam North Pradeshiya Sabha	https://documents.gov.lk/view/extra-gazettes/egz_2026.html	ta	https://documents.gov.lk/view/extra-gazettes/2026/2/2475-27_T.pdf	2475/27
lk_extraordinary_gazettes_2020s	2026-02-12-2026-02-12-2475-27-si	2026-02-12-2475-27-si	2026-02-12	2475/27	https://documents.gov.lk/view/extra-gazettes/egz_2026.html	si	https://documents.gov.lk/view/extra-gazettes/2026/2/2475-27_S.pdf	2475/27
lk_extraordinary_gazettes_2020s	2026-02-12-2026-02-12-2475-27-en	2026-02-12-2475-27-en	2026-02-12	2475/27	https://documents.gov.lk/view/extra-gazettes/egz_2026.html	en	https://documents.gov.lk/view/extra-gazettes/2026/2/2475-27_E.pdf	2475/27
lk_extraordinary_gazettes_2020s	2026-02-11-2026-02-11-2475-25-ta	2026-02-11-2475-25-ta	2026-02-11	Land Title Settlement Dept	https://documents.gov.lk/view/extra-gazettes/egz_2026.html	ta	https://documents.gov.lk/view/extra-gazettes/2026/2/2475-25_T.pdf	2475/25
lk_extraordinary_gazettes_2020s	2026-02-11-2026-02-11-2475-17-ta	2026-02-11-2475-17-ta	2026-02-11	Land Title Settlement Dept	https://documents.gov.lk/view/extra-gazettes/egz_2026.html	ta	https://documents.gov.lk/view/extra-gazettes/2026/2/2475-17_T.pdf	2475/17
lk_extraordinary_gazettes_2020s	2026-02-11-2026-02-11-2475-17-si	2026-02-11-2475-17-si	2026-02-11	Land Title Settlement Dept	https://documents.gov.lk/view/extra-gazettes/egz_2026.html	si	https://documents.gov.lk/view/extra-gazettes/2026/2/2475-17_S.pdf	2475/17
lk_extraordinary_gazettes_2020s	2026-02-11-2026-02-11-2475-17-en	2026-02-11-2475-17-en	2026-02-11	Land Title Settlement Dept	https://documents.gov.lk/view/extra-gazettes/egz_2026.html	en	https://documents.gov.lk/view/extra-gazettes/2026/2/2475-17_E.pdf	2475/17
lk_extraordinary_gazettes_2020s	2026-02-11-2026-02-11-2475-16-ta	2026-02-11-2475-16-ta	2026-02-11	Presidential Secretariat - Appointed Mrs. L. Samudika Iroshani Jayarathne as the Auditor General with effect from 05.02.2026	https://documents.gov.lk/view/extra-gazettes/egz_2026.html	ta	https://documents.gov.lk/view/extra-gazettes/2026/2/2475-16_T.pdf	2475/16
lk_extraordinary_gazettes_2020s	2026-02-11-2026-02-11-2475-16-si	2026-02-11-2475-16-si	2026-02-11	Presidential Secretariat - Appointed Mrs. L. Samudika Iroshani Jayarathne as the Auditor General with effect from 05.02.2026	https://documents.gov.lk/view/extra-gazettes/egz_2026.html	si	https://documents.gov.lk/view/extra-gazettes/2026/2/2475-16_S.pdf	2475/16
lk_extraordinary_gazettes_2020s	2026-02-11-2026-02-11-2475-16-en	2026-02-11-2475-16-en	2026-02-11	Presidential Secretariat - Appointed Mrs. L. Samudika Iroshani Jayarathne as the Auditor General with effect from 05.02.2026	https://documents.gov.lk/view/extra-gazettes/egz_2026.html	en	https://documents.gov.lk/view/extra-gazettes/2026/2/2475-16_E.pdf	2475/16
lk_extraordinary_gazettes_2020s	2026-02-11-2026-02-11-2475-12-si	2026-02-11-2475-12-si	2026-02-11	Land Title Settlement Dept	https://documents.gov.lk/view/extra-gazettes/egz_2026.html	si	https://documents.gov.lk/view/extra-gazettes/2026/2/2475-12_S.pdf	2475/12
lk_extraordinary_gazettes_2020s	2026-02-11-2026-02-11-2475-12-en	2026-02-11-2475-12-en	2026-02-11	Land Title Settlement Dept	https://documents.gov.lk/view/extra-gazettes/egz_2026.html	en	https://documents.gov.lk/view/extra-gazettes/2026/2/2475-12_E.pdf	2475/12
lk_extraordinary_gazettes_2020s	2026-02-10-2026-02-10-2475-11-ta	2026-02-10-2475-11-ta	2026-02-10	Presidential Secretariat - The Public Security Ordinance (Chapter 40). Notice under Section 2(7).	https://documents.gov.lk/view/extra-gazettes/egz_2026.html	ta	https://documents.gov.lk/view/extra-gazettes/2026/2/2475-11_T.pdf	2475/11
lk_extraordinary_gazettes_2020s	2026-02-10-2026-02-10-2475-11-si	2026-02-10-2475-11-si	2026-02-10	Presidential Secretariat - The Public Security Ordinance (Chapter 40). Notice under Section 2(7).	https://documents.gov.lk/view/extra-gazettes/egz_2026.html	si	https://documents.gov.lk/view/extra-gazettes/2026/2/2475-11_S.pdf	2475/11
lk_extraordinary_gazettes_2020s	2026-02-10-2026-02-10-2475-11-en	2026-02-10-2475-11-en	2026-02-10	Presidential Secretariat - The Public Security Ordinance (Chapter 40). Notice under Section 2(7).	https://documents.gov.lk/view/extra-gazettes/egz_2026.html	en	https://documents.gov.lk/view/extra-gazettes/2026/2/2475-11_E.pdf	2475/11
lk_extraordinary_gazettes_2020s	2026-02-10-2026-02-10-2475-09-ta	2026-02-10-2475-09-ta	2026-02-10	Ministry of Education - Degree Awarding Institute Order Asia Pacific Institute of Information Technology Lanka (Pvt) Limited	https://documents.gov.lk/view/extra-gazettes/egz_2026.html	ta	https://documents.gov.lk/view/extra-gazettes/2026/2/2475-09_T.pdf	2475/09
lk_extraordinary_gazettes_2020s	2026-02-10-2026-02-10-2475-09-si	2026-02-10-2475-09-si	2026-02-10	Ministry of Education - Degree Awarding Institute Order Asia Pacific Institute of Information Technology Lanka (Pvt) Limited	https://documents.gov.lk/view/extra-gazettes/egz_2026.html	si	https://documents.gov.lk/view/extra-gazettes/2026/2/2475-09_S.pdf	2475/09
lk_extraordinary_gazettes_2020s	2026-02-10-2026-02-10-2475-09-en	2026-02-10-2475-09-en	2026-02-10	Ministry of Education - Degree Awarding Institute Order Asia Pacific Institute of Information Technology Lanka (Pvt) Limited	https://documents.gov.lk/view/extra-gazettes/egz_2026.html	en	https://documents.gov.lk/view/extra-gazettes/2026/2/2475-09_E.pdf	2475/09
lk_extraordinary_gazettes_2020s	2026-02-10-2026-02-10-2475-08-ta	2026-02-10-2475-08-ta	2026-02-10	Land Acquisition	https://documents.gov.lk/view/extra-gazettes/egz_2026.html	ta	https://documents.gov.lk/view/extra-gazettes/2026/2/2475-08_T.pdf	2475/08
lk_extraordinary_gazettes_2020s	2026-02-10-2026-02-10-2475-08-si	2026-02-10-2475-08-si	2026-02-10	Land Acquisition	https://documents.gov.lk/view/extra-gazettes/egz_2026.html	si	https://documents.gov.lk/view/extra-gazettes/2026/2/2475-08_S.pdf	2475/08
lk_extraordinary_gazettes_2020s	2026-02-10-2026-02-10-2475-08-en	2026-02-10-2475-08-en	2026-02-10	Land Acquisition	https://documents.gov.lk/view/extra-gazettes/egz_2026.html	en	https://documents.gov.lk/view/extra-gazettes/2026/2/2475-08_E.pdf	2475/08
lk_extraordinary_gazettes_2020s	2026-02-10-2026-02-10-2475-07-ta	2026-02-10-2475-07-ta	2026-02-10	Land Acquisition	https://documents.gov.lk/view/extra-gazettes/egz_2026.html	ta	https://documents.gov.lk/view/extra-gazettes/2026/2/2475-07_T.pdf	2475/07
lk_extraordinary_gazettes_2020s	2026-02-10-2026-02-10-2475-07-si	2026-02-10-2475-07-si	2026-02-10	Land Acquisition	https://documents.gov.lk/view/extra-gazettes/egz_2026.html	si	https://documents.gov.lk/view/extra-gazettes/2026/2/2475-07_S.pdf	2475/07
lk_extraordinary_gazettes_2020s	2026-02-10-2026-02-10-2475-07-en	2026-02-10-2475-07-en	2026-02-10	Land Acquisition	https://documents.gov.lk/view/extra-gazettes/egz_2026.html	en	https://documents.gov.lk/view/extra-gazettes/2026/2/2475-07_E.pdf	2475/07
lk_extraordinary_gazettes_2020s	2026-02-10-2026-02-10-2475-06-ta	2026-02-10-2475-06-ta	2026-02-10	National Physical Planning Department -  The Town and Country Planning Ordinance ( Chapter 269)	https://documents.gov.lk/view/extra-gazettes/egz_2026.html	ta	https://documents.gov.lk/view/extra-gazettes/2026/2/2475-06_T.pdf	2475/06
lk_extraordinary_gazettes_2020s	2026-02-10-2026-02-10-2475-06-si	2026-02-10-2475-06-si	2026-02-10	National Physical Planning Department -  The Town and Country Planning Ordinance ( Chapter 269)	https://documents.gov.lk/view/extra-gazettes/egz_2026.html	si	https://documents.gov.lk/view/extra-gazettes/2026/2/2475-06_S.pdf	2475/06
lk_extraordinary_gazettes_2020s	2026-02-10-2026-02-10-2475-06-en	2026-02-10-2475-06-en	2026-02-10	National Physical Planning Department -  The Town and Country Planning Ordinance ( Chapter 269)	https://documents.gov.lk/view/extra-gazettes/egz_2026.html	en	https://documents.gov.lk/view/extra-gazettes/2026/2/2475-06_E.pdf	2475/06
lk_extraordinary_gazettes_2020s	2026-02-09-2026-02-09-2475-05-ta	2026-02-09-2475-05-ta	2026-02-09	Election Commission	https://documents.gov.lk/view/extra-gazettes/egz_2026.html	ta	https://documents.gov.lk/view/extra-gazettes/2026/2/2475-05_T.pdf	2475/05
lk_extraordinary_gazettes_2020s	2026-02-09-2026-02-09-2475-05-si	2026-02-09-2475-05-si	2026-02-09	Election Commission	https://documents.gov.lk/view/extra-gazettes/egz_2026.html	si	https://documents.gov.lk/view/extra-gazettes/2026/2/2475-05_S.pdf	2475/05
lk_extraordinary_gazettes_2020s	2026-02-09-2026-02-09-2475-05-en	2026-02-09-2475-05-en	2026-02-09	Election Commission	https://documents.gov.lk/view/extra-gazettes/egz_2026.html	en	https://documents.gov.lk/view/extra-gazettes/2026/2/2475-05_E.pdf	2475/05
lk_extraordinary_gazettes_2020s	2026-02-09-2026-02-09-2475-04-ta	2026-02-09-2475-04-ta	2026-02-09	Land Acquisition - Thennahena, Bulathsinhala, Kalutara  District	https://documents.gov.lk/view/extra-gazettes/egz_2026.html	ta	https://documents.gov.lk/view/extra-gazettes/2026/2/2475-04_T.pdf	2475/04
lk_extraordinary_gazettes_2020s	2026-02-09-2026-02-09-2475-04-si	2026-02-09-2475-04-si	2026-02-09	Land Acquisition - Thennahena, Bulathsinhala, Kalutara  District	https://documents.gov.lk/view/extra-gazettes/egz_2026.html	si	https://documents.gov.lk/view/extra-gazettes/2026/2/2475-04_S.pdf	2475/04
lk_extraordinary_gazettes_2020s	2026-02-09-2026-02-09-2475-04-en	2026-02-09-2475-04-en	2026-02-09	Land Acquisition - Thennahena, Bulathsinhala, Kalutara  District	https://documents.gov.lk/view/extra-gazettes/egz_2026.html	en	https://documents.gov.lk/view/extra-gazettes/2026/2/2475-04_E.pdf	2475/04
lk_extraordinary_gazettes_2020s	2026-02-09-2026-02-09-2475-03-en	2026-02-09-2475-03-en	2026-02-09	Ministry of Labour - Industrial Dispute between Y. Jayaratne and Elpitiya Plantattaions PLC	https://documents.gov.lk/view/extra-gazettes/egz_2026.html	en	https://documents.gov.lk/view/extra-gazettes/2026/2/2475-03_E.pdf	2475/03
lk_extraordinary_gazettes_2020s	2026-02-09-2026-02-09-2475-01-ta	2026-02-09-2475-01-ta	2026-02-09	Sri Lanka Customs - Rates of Exchange with effect from	https://documents.gov.lk/view/extra-gazettes/egz_2026.html	ta	https://documents.gov.lk/view/extra-gazettes/2026/2/2475-01_T.pdf	2475/01
lk_extraordinary_gazettes_2020s	2026-02-09-2026-02-09-2475-01-si	2026-02-09-2475-01-si	2026-02-09	Sri Lanka Customs - Rates of Exchange with effect from	https://documents.gov.lk/view/extra-gazettes/egz_2026.html	si	https://documents.gov.lk/view/extra-gazettes/2026/2/2475-01_S.pdf	2475/01
lk_extraordinary_gazettes_2020s	2026-02-09-2026-02-09-2475-01-en	2026-02-09-2475-01-en	2026-02-09	Sri Lanka Customs - Rates of Exchange with effect from	https://documents.gov.lk/view/extra-gazettes/egz_2026.html	en	https://documents.gov.lk/view/extra-gazettes/2026/2/2475-01_E.pdf	2475/01
lk_extraordinary_gazettes_2020s	2026-02-08-2026-02-08-2474-66-ta	2026-02-08-2474-66-ta	2026-02-08	Department of Fiscal Policy - The Strategic Development Project ACT No. 14 of 2008	https://documents.gov.lk/view/extra-gazettes/egz_2026.html	ta	https://documents.gov.lk/view/extra-gazettes/2026/2/2474-66_T.pdf	2474/66
lk_extraordinary_gazettes_2020s	2026-02-08-2026-02-08-2474-66-si	2026-02-08-2474-66-si	2026-02-08	Department of Fiscal Policy - The Strategic Development Project ACT No. 14 of 2008	https://documents.gov.lk/view/extra-gazettes/egz_2026.html	si	https://documents.gov.lk/view/extra-gazettes/2026/2/2474-66_S.pdf	2474/66
lk_extraordinary_gazettes_2020s	2026-02-08-2026-02-08-2474-66-en	2026-02-08-2474-66-en	2026-02-08	Department of Fiscal Policy - The Strategic Development Project ACT No. 14 of 2008	https://documents.gov.lk/view/extra-gazettes/egz_2026.html	en	https://documents.gov.lk/view/extra-gazettes/2026/2/2474-66_E.pdf	2474/66
lk_extraordinary_gazettes_2020s	2026-02-07-2026-02-07-2474-65-si	2026-02-07-2474-65-si	2026-02-07	Ministry of Youth Affairs and Sports - Regulations Made by the Minister of Youth Affairs and Sports under Sections 32 and 33 of Sports Law No. 25 of 1973 as Amended	https://documents.gov.lk/view/extra-gazettes/egz_2026.html	si	https://documents.gov.lk/view/extra-gazettes/2026/2/2474-65_S.pdf	2474/65
lk_extraordinary_gazettes_2020s	2026-02-07-2026-02-07-2474-65-en	2026-02-07-2474-65-en	2026-02-07	Ministry of Youth Affairs and Sports - Regulations Made by the Minister of Youth Affairs and Sports under Sections 32 and 33 of Sports Law No. 25 of 1973 as Amended	https://documents.gov.lk/view/extra-gazettes/egz_2026.html	en	https://documents.gov.lk/view/extra-gazettes/2026/2/2474-65_E.pdf	2474/65
lk_extraordinary_gazettes_2020s	2026-02-07-2026-02-07-2474-62-si	2026-02-07-2474-62-si	2026-02-07	Land Title Settlement Dept - Balangoda, Balangoda D/S/D, Rathnapura District (26/5514005)	https://documents.gov.lk/view/extra-gazettes/egz_2026.html	si	https://documents.gov.lk/view/extra-gazettes/2026/2/2474-62_S.pdf	2474/62
lk_extraordinary_gazettes_2020s	2026-02-07-2026-02-07-2474-62-en	2026-02-07-2474-62-en	2026-02-07	Land Title Settlement Dept - Balangoda, Balangoda D/S/D, Rathnapura District (26/5514005)	https://documents.gov.lk/view/extra-gazettes/egz_2026.html	en	https://documents.gov.lk/view/extra-gazettes/2026/2/2474-62_E.pdf	2474/62
lk_extraordinary_gazettes_2020s	2026-02-07-2026-02-07-2474-59-si	2026-02-07-2474-59-si	2026-02-07	2474/59	https://documents.gov.lk/view/extra-gazettes/egz_2026.html	si	https://documents.gov.lk/view/extra-gazettes/2026/2/2474-59_S.pdf	2474/59
lk_extraordinary_gazettes_2020s	2026-02-07-2026-02-07-2474-59-en	2026-02-07-2474-59-en	2026-02-07	2474/59	https://documents.gov.lk/view/extra-gazettes/egz_2026.html	en	https://documents.gov.lk/view/extra-gazettes/2026/2/2474-59_E.pdf	2474/59
lk_extraordinary_gazettes_2020s	2026-02-06-2026-02-06-2474-54-ta	2026-02-06-2474-54-ta	2026-02-06	Land Title Settlement Dept	https://documents.gov.lk/view/extra-gazettes/egz_2026.html	ta	https://documents.gov.lk/view/extra-gazettes/2026/2/2474-54_T.pdf	2474/54
lk_extraordinary_gazettes_2020s	2026-02-06-2026-02-06-2474-54-si	2026-02-06-2474-54-si	2026-02-06	Land Title Settlement Dept	https://documents.gov.lk/view/extra-gazettes/egz_2026.html	si	https://documents.gov.lk/view/extra-gazettes/2026/2/2474-54_S.pdf	2474/54
lk_extraordinary_gazettes_2020s	2026-02-06-2026-02-06-2474-54-en	2026-02-06-2474-54-en	2026-02-06	Land Title Settlement Dept	https://documents.gov.lk/view/extra-gazettes/egz_2026.html	en	https://documents.gov.lk/view/extra-gazettes/2026/2/2474-54_E.pdf	2474/54
lk_extraordinary_gazettes_2020s	2026-02-06-2026-02-06-2474-50-ta	2026-02-06-2474-50-ta	2026-02-06	Department of Labour Special Allowance Payable to Workers in the Cocoa Cardamom and Pepper Growing and Manufacturing Trade	https://documents.gov.lk/view/extra-gazettes/egz_2026.html	ta	https://documents.gov.lk/view/extra-gazettes/2026/2/2474-50_T.pdf	2474/50
lk_extraordinary_gazettes_2020s	2026-02-06-2026-02-06-2474-50-si	2026-02-06-2474-50-si	2026-02-06	Department of Labour Special Allowance Payable to Workers in the Cocoa Cardamom and Pepper Growing and Manufacturing Trade	https://documents.gov.lk/view/extra-gazettes/egz_2026.html	si	https://documents.gov.lk/view/extra-gazettes/2026/2/2474-50_S.pdf	2474/50
lk_extraordinary_gazettes_2020s	2026-02-06-2026-02-06-2474-50-en	2026-02-06-2474-50-en	2026-02-06	Department of Labour Special Allowance Payable to Workers in the Cocoa Cardamom and Pepper Growing and Manufacturing Trade	https://documents.gov.lk/view/extra-gazettes/egz_2026.html	en	https://documents.gov.lk/view/extra-gazettes/2026/2/2474-50_E.pdf	2474/50
lk_extraordinary_gazettes_2020s	2026-02-06-2026-02-06-2474-49-ta	2026-02-06-2474-49-ta	2026-02-06	Governor's Office - Western Province - Appointing under Section 32 (1) of the western Provincial Council Act No . 42 of 1987.	https://documents.gov.lk/view/extra-gazettes/egz_2026.html	ta	https://documents.gov.lk/view/extra-gazettes/2026/2/2474-49_T.pdf	2474/49
lk_extraordinary_gazettes_2020s	2026-02-06-2026-02-06-2474-49-si	2026-02-06-2474-49-si	2026-02-06	Governor's Office - Western Province - Appointing under Section 32 (1) of the western Provincial Council Act No . 42 of 1987.	https://documents.gov.lk/view/extra-gazettes/egz_2026.html	si	https://documents.gov.lk/view/extra-gazettes/2026/2/2474-49_S.pdf	2474/49
lk_extraordinary_gazettes_2020s	2026-02-06-2026-02-06-2474-49-en	2026-02-06-2474-49-en	2026-02-06	Governor's Office - Western Province - Appointing under Section 32 (1) of the western Provincial Council Act No . 42 of 1987.	https://documents.gov.lk/view/extra-gazettes/egz_2026.html	en	https://documents.gov.lk/view/extra-gazettes/2026/2/2474-49_E.pdf	2474/49
lk_extraordinary_gazettes_2020s	2026-02-06-2026-02-06-2474-48-ta	2026-02-06-2474-48-ta	2026-02-06	Election Commission - Elected to the 03 Members of Nochchiyagama Pradeshuya Sabha	https://documents.gov.lk/view/extra-gazettes/egz_2026.html	ta	https://documents.gov.lk/view/extra-gazettes/2026/2/2474-48_T.pdf	2474/48
lk_extraordinary_gazettes_2020s	2026-02-06-2026-02-06-2474-48-si	2026-02-06-2474-48-si	2026-02-06	Election Commission - Elected to the 03 Members of Nochchiyagama Pradeshuya Sabha	https://documents.gov.lk/view/extra-gazettes/egz_2026.html	si	https://documents.gov.lk/view/extra-gazettes/2026/2/2474-48_S.pdf	2474/48
lk_extraordinary_gazettes_2020s	2026-02-06-2026-02-06-2474-48-en	2026-02-06-2474-48-en	2026-02-06	Election Commission - Elected to the 03 Members of Nochchiyagama Pradeshuya Sabha	https://documents.gov.lk/view/extra-gazettes/egz_2026.html	en	https://documents.gov.lk/view/extra-gazettes/2026/2/2474-48_E.pdf	2474/48
lk_extraordinary_gazettes_2020s	2026-02-06-2026-02-06-2474-47-ta	2026-02-06-2474-47-ta	2026-02-06	Land Acquisition - Hunupitiya, Kelaniya D/S/D, Gampaha District (Section 05)	https://documents.gov.lk/view/extra-gazettes/egz_2026.html	ta	https://documents.gov.lk/view/extra-gazettes/2026/2/2474-47_T.pdf	2474/47
lk_extraordinary_gazettes_2020s	2026-02-06-2026-02-06-2474-47-si	2026-02-06-2474-47-si	2026-02-06	Land Acquisition - Hunupitiya, Kelaniya D/S/D, Gampaha District (Section 05)	https://documents.gov.lk/view/extra-gazettes/egz_2026.html	si	https://documents.gov.lk/view/extra-gazettes/2026/2/2474-47_S.pdf	2474/47
lk_extraordinary_gazettes_2020s	2026-02-06-2026-02-06-2474-47-en	2026-02-06-2474-47-en	2026-02-06	Land Acquisition - Hunupitiya, Kelaniya D/S/D, Gampaha District (Section 05)	https://documents.gov.lk/view/extra-gazettes/egz_2026.html	en	https://documents.gov.lk/view/extra-gazettes/2026/2/2474-47_E.pdf	2474/47
lk_extraordinary_gazettes_2020s	2026-02-06-2026-02-06-2474-46-ta	2026-02-06-2474-46-ta	2026-02-06	2474/46	https://documents.gov.lk/view/extra-gazettes/egz_2026.html	ta	https://documents.gov.lk/view/extra-gazettes/2026/2/2474-46_T.pdf	2474/46
lk_extraordinary_gazettes_2020s	2026-02-06-2026-02-06-2474-46-si	2026-02-06-2474-46-si	2026-02-06	Ministry of Defence - Videsha Seva Padakkama	https://documents.gov.lk/view/extra-gazettes/egz_2026.html	si	https://documents.gov.lk/view/extra-gazettes/2026/2/2474-46_S.pdf	2474/46
lk_extraordinary_gazettes_2020s	2026-02-06-2026-02-06-2474-46-en	2026-02-06-2474-46-en	2026-02-06	2474/46	https://documents.gov.lk/view/extra-gazettes/egz_2026.html	en	https://documents.gov.lk/view/extra-gazettes/2026/2/2474-46_E.pdf	2474/46
lk_extraordinary_gazettes_2020s	2026-02-06-2026-02-06-2474-45-ta	2026-02-06-2474-45-ta	2026-02-06	Ministry of Defence - Award of Sri Lanka Armed Services Long Service Medal	https://documents.gov.lk/view/extra-gazettes/egz_2026.html	ta	https://documents.gov.lk/view/extra-gazettes/2026/2/2474-45_T.pdf	2474/45
lk_extraordinary_gazettes_2020s	2026-02-06-2026-02-06-2474-45-si	2026-02-06-2474-45-si	2026-02-06	2474/45	https://documents.gov.lk/view/extra-gazettes/egz_2026.html	si	https://documents.gov.lk/view/extra-gazettes/2026/2/2474-45_S.pdf	2474/45
lk_extraordinary_gazettes_2020s	2026-02-06-2026-02-06-2474-45-en	2026-02-06-2474-45-en	2026-02-06	Ministry of Defence - Award of Sri Lanka Armed Services Long Service Medal	https://documents.gov.lk/view/extra-gazettes/egz_2026.html	en	https://documents.gov.lk/view/extra-gazettes/2026/2/2474-45_E.pdf	2474/45
lk_extraordinary_gazettes_2020s	2026-02-06-2026-02-06-2474-44-ta	2026-02-06-2474-44-ta	2026-02-06	Ministry Of Defence - Videsha Seva Padakkama	https://documents.gov.lk/view/extra-gazettes/egz_2026.html	ta	https://documents.gov.lk/view/extra-gazettes/2026/2/2474-44_T.pdf	2474/44
lk_extraordinary_gazettes_2020s	2026-02-06-2026-02-06-2474-44-si	2026-02-06-2474-44-si	2026-02-06	Ministry Of Defence - Videsha Seva Padakkama	https://documents.gov.lk/view/extra-gazettes/egz_2026.html	si	https://documents.gov.lk/view/extra-gazettes/2026/2/2474-44_S.pdf	2474/44
lk_extraordinary_gazettes_2020s	2026-02-06-2026-02-06-2474-44-en	2026-02-06-2474-44-en	2026-02-06	Ministry Of Defence - Videsha Seva Padakkama	https://documents.gov.lk/view/extra-gazettes/egz_2026.html	en	https://documents.gov.lk/view/extra-gazettes/2026/2/2474-44_E.pdf	2474/44
lk_extraordinary_gazettes_2020s	2026-02-05-2026-02-05-2474-43-si	2026-02-05-2474-43-si	2026-02-05	Land Tittle Settlement Dept -Uyanwaththa North, Matara D/S/D, Matara District (25/5514264)	https://documents.gov.lk/view/extra-gazettes/egz_2026.html	si	https://documents.gov.lk/view/extra-gazettes/2026/2/2474-43_S.pdf	2474/43
lk_extraordinary_gazettes_2020s	2026-02-05-2026-02-05-2474-43-en	2026-02-05-2474-43-en	2026-02-05	Land Tittle Settlement Dept -Uyanwaththa North, Matara D/S/D, Matara District (25/5514264)	https://documents.gov.lk/view/extra-gazettes/egz_2026.html	en	https://documents.gov.lk/view/extra-gazettes/2026/2/2474-43_E.pdf	2474/43
lk_extraordinary_gazettes_2020s	2026-02-05-2026-02-05-2474-39-si	2026-02-05-2474-39-si	2026-02-05	Land Title Settlement Dept - Ihakuluwewa, Elahera D/S/D, Polonnaruwa District (25/1200165)	https://documents.gov.lk/view/extra-gazettes/egz_2026.html	si	https://documents.gov.lk/view/extra-gazettes/2026/2/2474-39_S.pdf	2474/39
lk_extraordinary_gazettes_2020s	2026-02-05-2026-02-05-2474-39-en	2026-02-05-2474-39-en	2026-02-05	Land Title Settlement Dept - Ihakuluwewa, Elahera D/S/D, Polonnaruwa District (25/1200165)	https://documents.gov.lk/view/extra-gazettes/egz_2026.html	en	https://documents.gov.lk/view/extra-gazettes/2026/2/2474-39_E.pdf	2474/39
lk_extraordinary_gazettes_2020s	2026-02-05-2026-02-05-2474-36-si	2026-02-05-2474-36-si	2026-02-05	Land Title Settlement Dept - Ellakkala, Attanagalla D/S/D, Gampaha District (25/0500)	https://documents.gov.lk/view/extra-gazettes/egz_2026.html	si	https://documents.gov.lk/view/extra-gazettes/2026/2/2474-36_S.pdf	2474/36
lk_extraordinary_gazettes_2020s	2026-02-05-2026-02-05-2474-36-en	2026-02-05-2474-36-en	2026-02-05	Land Title Settlement Dept - Ellakkala, Attanagalla D/S/D, Gampaha District (25/0500)	https://documents.gov.lk/view/extra-gazettes/egz_2026.html	en	https://documents.gov.lk/view/extra-gazettes/2026/2/2474-36_E.pdf	2474/36
lk_extraordinary_gazettes_2020s	2026-02-05-2026-02-05-2474-35-si	2026-02-05-2474-35-si	2026-02-05	Land Title Settlement Dept - Hunupolagedara, Rideegama D/S/D, Kurunegala District (25/0434)	https://documents.gov.lk/view/extra-gazettes/egz_2026.html	si	https://documents.gov.lk/view/extra-gazettes/2026/2/2474-35_S.pdf	2474/35
lk_extraordinary_gazettes_2020s	2026-02-05-2026-02-05-2474-35-en	2026-02-05-2474-35-en	2026-02-05	Land Title Settlement Dept - Hunupolagedara, Rideegama D/S/D, Kurunegala District (25/0434)	https://documents.gov.lk/view/extra-gazettes/egz_2026.html	en	https://documents.gov.lk/view/extra-gazettes/2026/2/2474-35_E.pdf	2474/35
lk_extraordinary_gazettes_2020s	2026-02-05-2026-02-05-2474-33-ta	2026-02-05-2474-33-ta	2026-02-05	Land Title Settlement Dept - Kalalpitiya , Aththanagalla D/S/D, Gampaha District (25/0424)	https://documents.gov.lk/view/extra-gazettes/egz_2026.html	ta	https://documents.gov.lk/view/extra-gazettes/2026/2/2474-33_T.pdf	2474/33
lk_extraordinary_gazettes_2020s	2026-02-05-2026-02-05-2474-33-si	2026-02-05-2474-33-si	2026-02-05	Land Title Settlement Dept - Kalalpitiya , Aththanagalla D/S/D, Gampaha District (25/0424)	https://documents.gov.lk/view/extra-gazettes/egz_2026.html	si	https://documents.gov.lk/view/extra-gazettes/2026/2/2474-33_S.pdf	2474/33
lk_extraordinary_gazettes_2020s	2026-02-05-2026-02-05-2474-33-en	2026-02-05-2474-33-en	2026-02-05	Land Title Settlement Dept - Kalalpitiya , Aththanagalla D/S/D, Gampaha District (25/0424)	https://documents.gov.lk/view/extra-gazettes/egz_2026.html	en	https://documents.gov.lk/view/extra-gazettes/2026/2/2474-33_E.pdf	2474/33
lk_extraordinary_gazettes_2020s	2026-02-05-2026-02-05-2474-32-si	2026-02-05-2474-32-si	2026-02-05	2474/32	https://documents.gov.lk/view/extra-gazettes/egz_2026.html	si	https://documents.gov.lk/view/extra-gazettes/2026/2/2474-32_S.pdf	2474/32
lk_extraordinary_gazettes_2020s	2026-02-05-2026-02-05-2474-32-en	2026-02-05-2474-32-en	2026-02-05	2474/32	https://documents.gov.lk/view/extra-gazettes/egz_2026.html	en	https://documents.gov.lk/view/extra-gazettes/2026/2/2474-32_E.pdf	2474/32
lk_extraordinary_gazettes_2020s	2026-02-03-2026-02-03-2474-27-si	2026-02-03-2474-27-si	2026-02-03	Land Title Settlement Dept - Lunuwila , Wennappuwa D/S/D, Puttalam District (25/0483)	https://documents.gov.lk/view/extra-gazettes/egz_2026.html	si	https://documents.gov.lk/view/extra-gazettes/2026/2/2474-27_S.pdf	2474/27
lk_extraordinary_gazettes_2020s	2026-02-03-2026-02-03-2474-27-en	2026-02-03-2474-27-en	2026-02-03	Land Title Settlement Dept - Lunuwila , Wennappuwa D/S/D, Puttalam District (25/0483)	https://documents.gov.lk/view/extra-gazettes/egz_2026.html	en	https://documents.gov.lk/view/extra-gazettes/2026/2/2474-27_E.pdf	2474/27
lk_extraordinary_gazettes_2020s	2026-02-03-2026-02-03-2474-25-ta	2026-02-03-2474-25-ta	2026-02-03	Election Commission - Filling of the Vacancy in the Office of Chairman of the Minuwangoda Urban Council	https://documents.gov.lk/view/extra-gazettes/egz_2026.html	ta	https://documents.gov.lk/view/extra-gazettes/2026/2/2474-25_T.pdf	2474/25
lk_extraordinary_gazettes_2020s	2026-02-03-2026-02-03-2474-25-si	2026-02-03-2474-25-si	2026-02-03	Election Commission - Filling of the Vacancy in the Office of Chairman of the Minuwangoda Urban Council	https://documents.gov.lk/view/extra-gazettes/egz_2026.html	si	https://documents.gov.lk/view/extra-gazettes/2026/2/2474-25_S.pdf	2474/25
lk_extraordinary_gazettes_2020s	2026-02-03-2026-02-03-2474-25-en	2026-02-03-2474-25-en	2026-02-03	Election Commission - Filling of the Vacancy in the Office of Chairman of the Minuwangoda Urban Council	https://documents.gov.lk/view/extra-gazettes/egz_2026.html	en	https://documents.gov.lk/view/extra-gazettes/2026/2/2474-25_E.pdf	2474/25
lk_extraordinary_gazettes_2020s	2026-02-03-2026-02-03-2474-24-ta	2026-02-03-2474-24-ta	2026-02-03	2474/24	https://documents.gov.lk/view/extra-gazettes/egz_2026.html	ta	https://documents.gov.lk/view/extra-gazettes/2026/2/2474-24_T.pdf	2474/24
lk_extraordinary_gazettes_2020s	2026-02-03-2026-02-03-2474-24-si	2026-02-03-2474-24-si	2026-02-03	Land Acquisition	https://documents.gov.lk/view/extra-gazettes/egz_2026.html	si	https://documents.gov.lk/view/extra-gazettes/2026/2/2474-24_S.pdf	2474/24
lk_extraordinary_gazettes_2020s	2026-02-03-2026-02-03-2474-24-en	2026-02-03-2474-24-en	2026-02-03	Land Acquisition	https://documents.gov.lk/view/extra-gazettes/egz_2026.html	en	https://documents.gov.lk/view/extra-gazettes/2026/2/2474-24_E.pdf	2474/24
lk_extraordinary_gazettes_2020s	2026-02-03-2026-02-03-2474-23-ta	2026-02-03-2474-23-ta	2026-02-03	Election Commission - Filling of the Vacancy in the Office of Member of the Biyagama Pradeshiya Sabha	https://documents.gov.lk/view/extra-gazettes/egz_2026.html	ta	https://documents.gov.lk/view/extra-gazettes/2026/2/2474-23_T.pdf	2474/23
lk_extraordinary_gazettes_2020s	2026-02-03-2026-02-03-2474-23-si	2026-02-03-2474-23-si	2026-02-03	Election Commission - Filling of the Vacancy in the Office of Member of the Biyagama Pradeshiya Sabha	https://documents.gov.lk/view/extra-gazettes/egz_2026.html	si	https://documents.gov.lk/view/extra-gazettes/2026/2/2474-23_S.pdf	2474/23
lk_extraordinary_gazettes_2020s	2026-02-03-2026-02-03-2474-23-en	2026-02-03-2474-23-en	2026-02-03	Election Commission - Filling of the Vacancy in the Office of Member of the Biyagama Pradeshiya Sabha	https://documents.gov.lk/view/extra-gazettes/egz_2026.html	en	https://documents.gov.lk/view/extra-gazettes/2026/2/2474-23_E.pdf	2474/23
lk_extraordinary_gazettes_2020s	2026-02-03-2026-02-03-2474-22-si	2026-02-03-2474-22-si	2026-02-03	2474/22	https://documents.gov.lk/view/extra-gazettes/egz_2026.html	si	https://documents.gov.lk/view/extra-gazettes/2026/2/2474-22_S.pdf	2474/22
lk_extraordinary_gazettes_2020s	2026-02-03-2026-02-03-2474-22-en	2026-02-03-2474-22-en	2026-02-03	2474/22	https://documents.gov.lk/view/extra-gazettes/egz_2026.html	en	https://documents.gov.lk/view/extra-gazettes/2026/2/2474-22_E.pdf	2474/22
lk_extraordinary_gazettes_2020s	2026-02-03-2026-02-03-2474-20-ta	2026-02-03-2474-20-ta	2026-02-03	2474/20	https://documents.gov.lk/view/extra-gazettes/egz_2026.html	ta	https://documents.gov.lk/view/extra-gazettes/2026/2/2474-20_T.pdf	2474/20
lk_extraordinary_gazettes_2020s	2026-02-03-2026-02-03-2474-20-si	2026-02-03-2474-20-si	2026-02-03	2474/20	https://documents.gov.lk/view/extra-gazettes/egz_2026.html	si	https://documents.gov.lk/view/extra-gazettes/2026/2/2474-20_S.pdf	2474/20
lk_extraordinary_gazettes_2020s	2026-02-03-2026-02-03-2474-20-en	2026-02-03-2474-20-en	2026-02-03	2474/20	https://documents.gov.lk/view/extra-gazettes/egz_2026.html	en	https://documents.gov.lk/view/extra-gazettes/2026/2/2474-20_E.pdf	2474/20
lk_extraordinary_gazettes_2020s	2026-02-02-2026-02-02-2474-19-ta	2026-02-02-2474-19-ta	2026-02-02	Ministry of Education, Higher Education and Vocational Education - Competitive Examination for Recruitment to the Teachers' Service.	https://documents.gov.lk/view/extra-gazettes/egz_2026.html	ta	https://documents.gov.lk/view/extra-gazettes/2026/2/2474-19_T.pdf	2474/19
lk_extraordinary_gazettes_2020s	2026-02-02-2026-02-02-2474-19-si	2026-02-02-2474-19-si	2026-02-02	Ministry of Education, Higher Education and Vocational Education - Competitive Examination for Recruitment to the Teachers' Service.	https://documents.gov.lk/view/extra-gazettes/egz_2026.html	si	https://documents.gov.lk/view/extra-gazettes/2026/2/2474-19_S.pdf	2474/19
lk_extraordinary_gazettes_2020s	2026-02-02-2026-02-02-2474-19-en	2026-02-02-2474-19-en	2026-02-02	Ministry of Education, Higher Education and Vocational Education - Competitive Examination for Recruitment to the Teachers' Service.	https://documents.gov.lk/view/extra-gazettes/egz_2026.html	en	https://documents.gov.lk/view/extra-gazettes/2026/2/2474-19_E.pdf	2474/19
lk_extraordinary_gazettes_2020s	2026-02-02-2026-02-02-2474-18-ta	2026-02-02-2474-18-ta	2026-02-02	Ministry of Education, Higher Education and Vocational Education - Competitive Examination for Recruitment to the Teachers' Service (for Graduate Government Officers).	https://documents.gov.lk/view/extra-gazettes/egz_2026.html	ta	https://documents.gov.lk/view/extra-gazettes/2026/2/2474-18_T.pdf	2474/18
lk_extraordinary_gazettes_2020s	2026-02-02-2026-02-02-2474-18-si	2026-02-02-2474-18-si	2026-02-02	Ministry of Education, Higher Education and Vocational Education - Competitive Examination for Recruitment to the Teachers' Service (for Graduate Government Officers).	https://documents.gov.lk/view/extra-gazettes/egz_2026.html	si	https://documents.gov.lk/view/extra-gazettes/2026/2/2474-18_S.pdf	2474/18
lk_extraordinary_gazettes_2020s	2026-02-02-2026-02-02-2474-18-en	2026-02-02-2474-18-en	2026-02-02	Ministry of Education, Higher Education and Vocational Education - Competitive Examination for Recruitment to the Teachers' Service (for Graduate Government Officers).	https://documents.gov.lk/view/extra-gazettes/egz_2026.html	en	https://documents.gov.lk/view/extra-gazettes/2026/2/2474-18_E.pdf	2474/18
lk_extraordinary_gazettes_2020s	2026-02-02-2026-02-02-2474-17-en	2026-02-02-2474-17-en	2026-02-02	Public Utilities Commission of Sri Lanka - Direction Issued under Section 18 (9) (a) of Public Utilities Commission of Sri Lanka	https://documents.gov.lk/view/extra-gazettes/egz_2026.html	en	https://documents.gov.lk/view/extra-gazettes/2026/2/2474-17_E.pdf	2474/17
lk_extraordinary_gazettes_2020s	2026-02-02-2026-02-02-2474-16-ta	2026-02-02-2474-16-ta	2026-02-02	Filling of a Vacancy in the Office of member of the Welikanda Pradeshiya Sabha	https://documents.gov.lk/view/extra-gazettes/egz_2026.html	ta	https://documents.gov.lk/view/extra-gazettes/2026/2/2474-16_T.pdf	2474/16
lk_extraordinary_gazettes_2020s	2026-02-02-2026-02-02-2474-16-si	2026-02-02-2474-16-si	2026-02-02	Filling of a Vacancy in the Office of member of the Welikanda Pradeshiya Sabha	https://documents.gov.lk/view/extra-gazettes/egz_2026.html	si	https://documents.gov.lk/view/extra-gazettes/2026/2/2474-16_S.pdf	2474/16
lk_extraordinary_gazettes_2020s	2026-02-02-2026-02-02-2474-16-en	2026-02-02-2474-16-en	2026-02-02	Filling of a Vacancy in the Office of member of the Welikanda Pradeshiya Sabha	https://documents.gov.lk/view/extra-gazettes/egz_2026.html	en	https://documents.gov.lk/view/extra-gazettes/2026/2/2474-16_E.pdf	2474/16
lk_extraordinary_gazettes_2020s	2026-02-02-2026-02-02-2474-15-ta	2026-02-02-2474-15-ta	2026-02-02	Land Title Settlement Dept - Weerahena, Naththandiya D/S/D, Puttalam (25/14-204-00235)	https://documents.gov.lk/view/extra-gazettes/egz_2026.html	ta	https://documents.gov.lk/view/extra-gazettes/2026/2/2474-15_T.pdf	2474/15
lk_extraordinary_gazettes_2020s	2026-02-02-2026-02-02-2474-15-si	2026-02-02-2474-15-si	2026-02-02	Land Title Settlement Dept - Weerahena, Naththandiya D/S/D, Puttalam (25/14-204-00235)	https://documents.gov.lk/view/extra-gazettes/egz_2026.html	si	https://documents.gov.lk/view/extra-gazettes/2026/2/2474-15_S.pdf	2474/15
lk_extraordinary_gazettes_2020s	2026-02-02-2026-02-02-2474-15-en	2026-02-02-2474-15-en	2026-02-02	Land Title Settlement Dept - Weerahena, Naththandiya D/S/D, Puttalam (25/14-204-00235)	https://documents.gov.lk/view/extra-gazettes/egz_2026.html	en	https://documents.gov.lk/view/extra-gazettes/2026/2/2474-15_E.pdf	2474/15
lk_extraordinary_gazettes_2020s	2026-02-02-2026-02-02-2474-13-si	2026-02-02-2474-13-si	2026-02-02	Land Title Settlement Dept - Bogammana, Wariyapola D/S/D, Kurunegala District (25/0511)	https://documents.gov.lk/view/extra-gazettes/egz_2026.html	si	https://documents.gov.lk/view/extra-gazettes/2026/2/2474-13_S.pdf	2474/13
lk_extraordinary_gazettes_2020s	2026-02-02-2026-02-02-2474-13-en	2026-02-02-2474-13-en	2026-02-02	Land Title Settlement Dept - Bogammana, Wariyapola D/S/D, Kurunegala District (25/0511)	https://documents.gov.lk/view/extra-gazettes/egz_2026.html	en	https://documents.gov.lk/view/extra-gazettes/2026/2/2474-13_E.pdf	2474/13
lk_extraordinary_gazettes_2020s	2026-02-02-2026-02-02-2474-12-si	2026-02-02-2474-12-si	2026-02-02	Land Title Settlement Dept- Suhadaagama, Nachchaduwa D/S/D, Anuradhapura District (25/14-204-00250)	https://documents.gov.lk/view/extra-gazettes/egz_2026.html	si	https://documents.gov.lk/view/extra-gazettes/2026/2/2474-12_S.pdf	2474/12
lk_extraordinary_gazettes_2020s	2026-02-02-2026-02-02-2474-12-en	2026-02-02-2474-12-en	2026-02-02	Land Title Settlement Dept- Suhadaagama, Nachchaduwa D/S/D, Anuradhapura District (25/14-204-00250)	https://documents.gov.lk/view/extra-gazettes/egz_2026.html	en	https://documents.gov.lk/view/extra-gazettes/2026/2/2474-12_E.pdf	2474/12
lk_extraordinary_gazettes_2020s	2026-02-02-2026-02-02-2474-06-si	2026-02-02-2474-06-si	2026-02-02	Ministry of Labour - Industrial Dispute between B. Kulathunga Arachchi and Rural Development Bank	https://documents.gov.lk/view/extra-gazettes/egz_2026.html	si	https://documents.gov.lk/view/extra-gazettes/2026/2/2474-06_S.pdf	2474/06
lk_extraordinary_gazettes_2020s	2026-02-02-2026-02-02-2474-05-si	2026-02-02-2474-05-si	2026-02-02	District Secretariat - Kurunegala - Pilgrimages Ordinance Season of Lent and Holy Week in Mawathagama Calvary Shrine of Catholic Bishop Kurunegala	https://documents.gov.lk/view/extra-gazettes/egz_2026.html	si	https://documents.gov.lk/view/extra-gazettes/2026/2/2474-05_S.pdf	2474/05
lk_extraordinary_gazettes_2020s	2026-02-02-2026-02-02-2474-05-en	2026-02-02-2474-05-en	2026-02-02	District Secretariat - Kurunegala - Pilgrimages Ordinance Season of Lent and Holy Week in Mawathagama Calvary Shrine of Catholic Bishop Kurunegala	https://documents.gov.lk/view/extra-gazettes/egz_2026.html	en	https://documents.gov.lk/view/extra-gazettes/2026/2/2474-05_E.pdf	2474/05
lk_extraordinary_gazettes_2020s	2026-02-02-2026-02-02-2474-04-si	2026-02-02-2474-04-si	2026-02-02	Land Title Settlement Dept - Gangodavila, Sri Jayawardanapura Kotte D/S/D, Colombo District (25/0404)	https://documents.gov.lk/view/extra-gazettes/egz_2026.html	si	https://documents.gov.lk/view/extra-gazettes/2026/2/2474-04_S.pdf	2474/04
lk_extraordinary_gazettes_2020s	2026-02-02-2026-02-02-2474-04-en	2026-02-02-2474-04-en	2026-02-02	Land Title Settlement Dept - Gangodavila, Sri Jayawardanapura Kotte D/S/D, Colombo District (25/0404)	https://documents.gov.lk/view/extra-gazettes/egz_2026.html	en	https://documents.gov.lk/view/extra-gazettes/2026/2/2474-04_E.pdf	2474/04
lk_extraordinary_gazettes_2020s	2026-02-02-2026-02-02-2474-02-ta	2026-02-02-2474-02-ta	2026-02-02	"Central Environment Authority - National Environmental Act No 47 of 1980 "" Gonameriyawa Environmental Protection Area ""."	https://documents.gov.lk/view/extra-gazettes/egz_2026.html	ta	https://documents.gov.lk/view/extra-gazettes/2026/2/2474-02_T.pdf	2474/02
lk_extraordinary_gazettes_2020s	2026-02-02-2026-02-02-2474-02-si	2026-02-02-2474-02-si	2026-02-02	"Central Environment Authority - National Environmental Act No 47 of 1980 "" Gonameriyawa Environmental Protection Area ""."	https://documents.gov.lk/view/extra-gazettes/egz_2026.html	si	https://documents.gov.lk/view/extra-gazettes/2026/2/2474-02_S.pdf	2474/02
lk_extraordinary_gazettes_2020s	2026-02-02-2026-02-02-2474-02-en	2026-02-02-2474-02-en	2026-02-02	"Central Environment Authority - National Environmental Act No 47 of 1980 "" Gonameriyawa Environmental Protection Area ""."	https://documents.gov.lk/view/extra-gazettes/egz_2026.html	en	https://documents.gov.lk/view/extra-gazettes/2026/2/2474-02_E.pdf	2474/02
lk_extraordinary_gazettes_2020s	2026-02-02-2026-02-02-2474-01-ta	2026-02-02-2474-01-ta	2026-02-02	Sri Lanka Customs - Rates of Exchange with effect from	https://documents.gov.lk/view/extra-gazettes/egz_2026.html	ta	https://documents.gov.lk/view/extra-gazettes/2026/2/2474-01_T.pdf	2474/01
lk_extraordinary_gazettes_2020s	2026-02-02-2026-02-02-2474-01-si	2026-02-02-2474-01-si	2026-02-02	Sri Lanka Customs - Rates of Exchange with effect from	https://documents.gov.lk/view/extra-gazettes/egz_2026.html	si	https://documents.gov.lk/view/extra-gazettes/2026/2/2474-01_S.pdf	2474/01
lk_extraordinary_gazettes_2020s	2026-02-02-2026-02-02-2474-01-en	2026-02-02-2474-01-en	2026-02-02	Sri Lanka Customs - Rates of Exchange with effect from	https://documents.gov.lk/view/extra-gazettes/egz_2026.html	en	https://documents.gov.lk/view/extra-gazettes/2026/2/2474-01_E.pdf	2474/01
lk_extraordinary_gazettes_2020s	2026-02-01-2026-02-01-2475-10-ta	2026-02-01-2475-10-ta	2026-02-01	Ministry of Education  - Degree Awarding Institute Order Lanka Nippon Biz Tech Institute (PVT) Limited	https://documents.gov.lk/view/extra-gazettes/egz_2026.html	ta	https://documents.gov.lk/view/extra-gazettes/2026/2/2475-10_T.pdf	2475/10
lk_extraordinary_gazettes_2020s	2026-02-01-2026-02-01-2475-10-si	2026-02-01-2475-10-si	2026-02-01	Ministry of Education  - Degree Awarding Institute Order Lanka Nippon Biz Tech Institute (PVT) Limited	https://documents.gov.lk/view/extra-gazettes/egz_2026.html	si	https://documents.gov.lk/view/extra-gazettes/2026/2/2475-10_S.pdf	2475/10
lk_extraordinary_gazettes_2020s	2026-02-01-2026-02-01-2475-10-en	2026-02-01-2475-10-en	2026-02-01	Ministry of Education  - Degree Awarding Institute Order Lanka Nippon Biz Tech Institute (PVT) Limited	https://documents.gov.lk/view/extra-gazettes/egz_2026.html	en	https://documents.gov.lk/view/extra-gazettes/2026/2/2475-10_E.pdf	2475/10
lk_extraordinary_gazettes_2020s	2026-02-01-2026-02-01-2473-34-ta	2026-02-01-2473-34-ta	2026-02-01	2473/34	https://documents.gov.lk/view/extra-gazettes/egz_2026.html	ta	https://documents.gov.lk/view/extra-gazettes/2026/2/2473-34_T.pdf	2473/34
lk_extraordinary_gazettes_2020s	2026-02-01-2026-02-01-2473-34-si	2026-02-01-2473-34-si	2026-02-01	2473/34	https://documents.gov.lk/view/extra-gazettes/egz_2026.html	si	https://documents.gov.lk/view/extra-gazettes/2026/2/2473-34_S.pdf	2473/34
lk_extraordinary_gazettes_2020s	2026-02-01-2026-02-01-2473-34-en	2026-02-01-2473-34-en	2026-02-01	2473/34	https://documents.gov.lk/view/extra-gazettes/egz_2026.html	en	https://documents.gov.lk/view/extra-gazettes/2026/2/2473-34_E.pdf	2473/34
lk_extraordinary_gazettes_2020s	2026-02-01-2026-02-01-2473-32-ta	2026-02-01-2473-32-ta	2026-02-01	Ministry of Health and Mass Media - The Post Office Ordinance	https://documents.gov.lk/view/extra-gazettes/egz_2026.html	ta	https://documents.gov.lk/view/extra-gazettes/2026/2/2473-32_T.pdf	2473/32
lk_extraordinary_gazettes_2020s	2026-02-01-2026-02-01-2473-32-si	2026-02-01-2473-32-si	2026-02-01	Ministry of Health and Mass Media - The Post Office Ordinance	https://documents.gov.lk/view/extra-gazettes/egz_2026.html	si	https://documents.gov.lk/view/extra-gazettes/2026/2/2473-32_S.pdf	2473/32
lk_extraordinary_gazettes_2020s	2026-02-01-2026-02-01-2473-32-en	2026-02-01-2473-32-en	2026-02-01	Ministry of Health and Mass Media - The Post Office Ordinance	https://documents.gov.lk/view/extra-gazettes/egz_2026.html	en	https://documents.gov.lk/view/extra-gazettes/2026/2/2473-32_E.pdf	2473/32
lk_extraordinary_gazettes_2020s	2026-01-30-2026-01-30-2473-30-ta	2026-01-30-2473-30-ta	2026-01-30	Central Bank of Sri Lanka - Central Bank of Sri Lanka Act, No 16 of 2023	https://documents.gov.lk/view/extra-gazettes/egz_2026.html	ta	https://documents.gov.lk/view/extra-gazettes/2026/1/2473-30_T.pdf	2473/30
lk_extraordinary_gazettes_2020s	2026-01-30-2026-01-30-2473-30-si	2026-01-30-2473-30-si	2026-01-30	Central Bank of Sri Lanka - Central Bank of Sri Lanka Act, No 16 of 2023	https://documents.gov.lk/view/extra-gazettes/egz_2026.html	si	https://documents.gov.lk/view/extra-gazettes/2026/1/2473-30_S.pdf	2473/30
lk_extraordinary_gazettes_2020s	2026-01-30-2026-01-30-2473-30-en	2026-01-30-2473-30-en	2026-01-30	Central Bank of Sri Lanka - Central Bank of Sri Lanka Act, No 16 of 2023	https://documents.gov.lk/view/extra-gazettes/egz_2026.html	en	https://documents.gov.lk/view/extra-gazettes/2026/1/2473-30_E.pdf	2473/30
lk_extraordinary_gazettes_2020s	2026-01-30-2026-01-30-2473-29-ta	2026-01-30-2473-29-ta	2026-01-30	Election Commission - Filling of a Vacancy in the Members of Talawa P.S	https://documents.gov.lk/view/extra-gazettes/egz_2026.html	ta	https://documents.gov.lk/view/extra-gazettes/2026/1/2473-29_T.pdf	2473/29
lk_extraordinary_gazettes_2020s	2026-01-30-2026-01-30-2473-29-si	2026-01-30-2473-29-si	2026-01-30	Election Commission - Filling of a Vacancy in the Members of Talawa P.S	https://documents.gov.lk/view/extra-gazettes/egz_2026.html	si	https://documents.gov.lk/view/extra-gazettes/2026/1/2473-29_S.pdf	2473/29
lk_extraordinary_gazettes_2020s	2026-01-30-2026-01-30-2473-29-en	2026-01-30-2473-29-en	2026-01-30	Election Commission - Filling of a Vacancy in the Members of Talawa P.S	https://documents.gov.lk/view/extra-gazettes/egz_2026.html	en	https://documents.gov.lk/view/extra-gazettes/2026/1/2473-29_E.pdf	2473/29
lk_extraordinary_gazettes_2020s	2026-01-30-2026-01-30-2473-28-ta	2026-01-30-2473-28-ta	2026-01-30	Election Commission - Filling of a Vacancy in the 02 Members of Gampaha P.S	https://documents.gov.lk/view/extra-gazettes/egz_2026.html	ta	https://documents.gov.lk/view/extra-gazettes/2026/1/2473-28_T.pdf	2473/28
lk_extraordinary_gazettes_2020s	2026-01-30-2026-01-30-2473-28-si	2026-01-30-2473-28-si	2026-01-30	Election Commission - Filling of a Vacancy in the 02 Members of Gampaha P.S	https://documents.gov.lk/view/extra-gazettes/egz_2026.html	si	https://documents.gov.lk/view/extra-gazettes/2026/1/2473-28_S.pdf	2473/28
lk_extraordinary_gazettes_2020s	2026-01-30-2026-01-30-2473-28-en	2026-01-30-2473-28-en	2026-01-30	Election Commission - Filling of a Vacancy in the 02 Members of Gampaha P.S	https://documents.gov.lk/view/extra-gazettes/egz_2026.html	en	https://documents.gov.lk/view/extra-gazettes/2026/1/2473-28_E.pdf	2473/28
lk_extraordinary_gazettes_2020s	2026-01-30-2026-01-30-2473-27-ta	2026-01-30-2473-27-ta	2026-01-30	Election Commission - Filling of the Vacancy in the Member of Galigamuwa P.S	https://documents.gov.lk/view/extra-gazettes/egz_2026.html	ta	https://documents.gov.lk/view/extra-gazettes/2026/1/2473-27_T.pdf	2473/27
lk_extraordinary_gazettes_2020s	2026-01-30-2026-01-30-2473-27-si	2026-01-30-2473-27-si	2026-01-30	Election Commission - Filling of the Vacancy in the Member of Galigamuwa P.S	https://documents.gov.lk/view/extra-gazettes/egz_2026.html	si	https://documents.gov.lk/view/extra-gazettes/2026/1/2473-27_S.pdf	2473/27
lk_extraordinary_gazettes_2020s	2026-01-30-2026-01-30-2473-27-en	2026-01-30-2473-27-en	2026-01-30	Election Commission - Filling of the Vacancy in the Member of Galigamuwa P.S	https://documents.gov.lk/view/extra-gazettes/egz_2026.html	en	https://documents.gov.lk/view/extra-gazettes/2026/1/2473-27_E.pdf	2473/27
lk_extraordinary_gazettes_2020s	2026-01-30-2026-01-30-2473-26-ta	2026-01-30-2473-26-ta	2026-01-30	Department of Wildlife Conservation - The Fauna and Flora Protection Ordinance (Chapter 469) Regulations	https://documents.gov.lk/view/extra-gazettes/egz_2026.html	ta	https://documents.gov.lk/view/extra-gazettes/2026/1/2473-26_T.pdf	2473/26
lk_extraordinary_gazettes_2020s	2026-01-30-2026-01-30-2473-26-si	2026-01-30-2473-26-si	2026-01-30	2473/26	https://documents.gov.lk/view/extra-gazettes/egz_2026.html	si	https://documents.gov.lk/view/extra-gazettes/2026/1/2473-26_S.pdf	2473/26
lk_extraordinary_gazettes_2020s	2026-01-30-2026-01-30-2473-26-en	2026-01-30-2473-26-en	2026-01-30	2473/26	https://documents.gov.lk/view/extra-gazettes/egz_2026.html	en	https://documents.gov.lk/view/extra-gazettes/2026/1/2473-26_E.pdf	2473/26
lk_extraordinary_gazettes_2020s	2026-01-30-2026-01-30-2473-25-ta	2026-01-30-2473-25-ta	2026-01-30	Ministry of Labour - The Shop and Office Employees Regulations	https://documents.gov.lk/view/extra-gazettes/egz_2026.html	ta	https://documents.gov.lk/view/extra-gazettes/2026/1/2473-25_T.pdf	2473/25
lk_extraordinary_gazettes_2020s	2026-01-30-2026-01-30-2473-25-si	2026-01-30-2473-25-si	2026-01-30	Ministry of Labour - The Shop and Office Employees Regulations	https://documents.gov.lk/view/extra-gazettes/egz_2026.html	si	https://documents.gov.lk/view/extra-gazettes/2026/1/2473-25_S.pdf	2473/25
lk_extraordinary_gazettes_2020s	2026-01-30-2026-01-30-2473-25-en	2026-01-30-2473-25-en	2026-01-30	Ministry of Labour - The Shop and Office Employees Regulations	https://documents.gov.lk/view/extra-gazettes/egz_2026.html	en	https://documents.gov.lk/view/extra-gazettes/2026/1/2473-25_E.pdf	2473/25
lk_extraordinary_gazettes_2020s	2026-01-29-2026-01-29-2473-24-ta	2026-01-29-2473-24-ta	2026-01-29	Election Commission	https://documents.gov.lk/view/extra-gazettes/egz_2026.html	ta	https://documents.gov.lk/view/extra-gazettes/2026/1/2473-24_T.pdf	2473/24
lk_extraordinary_gazettes_2020s	2026-01-29-2026-01-29-2473-24-si	2026-01-29-2473-24-si	2026-01-29	Election Commission	https://documents.gov.lk/view/extra-gazettes/egz_2026.html	si	https://documents.gov.lk/view/extra-gazettes/2026/1/2473-24_S.pdf	2473/24
lk_extraordinary_gazettes_2020s	2026-01-29-2026-01-29-2473-24-en	2026-01-29-2473-24-en	2026-01-29	Election Commission	https://documents.gov.lk/view/extra-gazettes/egz_2026.html	en	https://documents.gov.lk/view/extra-gazettes/2026/1/2473-24_E.pdf	2473/24
lk_extraordinary_gazettes_2020s	2026-01-29-2026-01-29-2473-23-ta	2026-01-29-2473-23-ta	2026-01-29	The Supreme Court of the Democratic Socialist Republic of Sri Lanka - Supreme Court (Electronic Filling and Electronic Court Service) Rules 2026	https://documents.gov.lk/view/extra-gazettes/egz_2026.html	ta	https://documents.gov.lk/view/extra-gazettes/2026/1/2473-23_T.pdf	2473/23
lk_extraordinary_gazettes_2020s	2026-01-29-2026-01-29-2473-23-si	2026-01-29-2473-23-si	2026-01-29	2473/23	https://documents.gov.lk/view/extra-gazettes/egz_2026.html	si	https://documents.gov.lk/view/extra-gazettes/2026/1/2473-23_S.pdf	2473/23
lk_extraordinary_gazettes_2020s	2026-01-29-2026-01-29-2473-23-en	2026-01-29-2473-23-en	2026-01-29	2473/23	https://documents.gov.lk/view/extra-gazettes/egz_2026.html	en	https://documents.gov.lk/view/extra-gazettes/2026/1/2473-23_E.pdf	2473/23
lk_extraordinary_gazettes_2020s	2026-01-29-2026-01-29-2473-22-ta	2026-01-29-2473-22-ta	2026-01-29	Land Acquisition	https://documents.gov.lk/view/extra-gazettes/egz_2026.html	ta	https://documents.gov.lk/view/extra-gazettes/2026/1/2473-22_T.pdf	2473/22
lk_extraordinary_gazettes_2020s	2026-01-29-2026-01-29-2473-22-si	2026-01-29-2473-22-si	2026-01-29	Land Acquisition	https://documents.gov.lk/view/extra-gazettes/egz_2026.html	si	https://documents.gov.lk/view/extra-gazettes/2026/1/2473-22_S.pdf	2473/22
lk_extraordinary_gazettes_2020s	2026-01-29-2026-01-29-2473-22-en	2026-01-29-2473-22-en	2026-01-29	Land Acquisition	https://documents.gov.lk/view/extra-gazettes/egz_2026.html	en	https://documents.gov.lk/view/extra-gazettes/2026/1/2473-22_E.pdf	2473/22
lk_extraordinary_gazettes_2020s	2026-01-29-2026-01-29-2473-21-ta	2026-01-29-2473-21-ta	2026-01-29	Land Acquisition	https://documents.gov.lk/view/extra-gazettes/egz_2026.html	ta	https://documents.gov.lk/view/extra-gazettes/2026/1/2473-21_T.pdf	2473/21
lk_extraordinary_gazettes_2020s	2026-01-29-2026-01-29-2473-21-si	2026-01-29-2473-21-si	2026-01-29	Land Acquisition	https://documents.gov.lk/view/extra-gazettes/egz_2026.html	si	https://documents.gov.lk/view/extra-gazettes/2026/1/2473-21_S.pdf	2473/21
lk_extraordinary_gazettes_2020s	2026-01-29-2026-01-29-2473-21-en	2026-01-29-2473-21-en	2026-01-29	Land Acquisition	https://documents.gov.lk/view/extra-gazettes/egz_2026.html	en	https://documents.gov.lk/view/extra-gazettes/2026/1/2473-21_E.pdf	2473/21
lk_extraordinary_gazettes_2020s	2026-01-29-2026-01-29-2473-19-en	2026-01-29-2473-19-en	2026-01-29	"Architects Registration - Chartered Architects ""Architects"" Architectural Licentiates and Institutions the Qualifications"	https://documents.gov.lk/view/extra-gazettes/egz_2026.html	en	https://documents.gov.lk/view/extra-gazettes/2026/1/2473-19_E.pdf	2473/19
lk_extraordinary_gazettes_2020s	2026-01-29-2026-01-29-2473-18-ta	2026-01-29-2473-18-ta	2026-01-29	Land Acquisition	https://documents.gov.lk/view/extra-gazettes/egz_2026.html	ta	https://documents.gov.lk/view/extra-gazettes/2026/1/2473-18_T.pdf	2473/18
lk_extraordinary_gazettes_2020s	2026-01-29-2026-01-29-2473-18-si	2026-01-29-2473-18-si	2026-01-29	Land Acquisition	https://documents.gov.lk/view/extra-gazettes/egz_2026.html	si	https://documents.gov.lk/view/extra-gazettes/2026/1/2473-18_S.pdf	2473/18
lk_extraordinary_gazettes_2020s	2026-01-29-2026-01-29-2473-18-en	2026-01-29-2473-18-en	2026-01-29	Land Acquisition	https://documents.gov.lk/view/extra-gazettes/egz_2026.html	en	https://documents.gov.lk/view/extra-gazettes/2026/1/2473-18_E.pdf	2473/18
lk_extraordinary_gazettes_2020s	2026-01-29-2026-01-29-2473-17-si	2026-01-29-2473-17-si	2026-01-29	Public Utilities Commission of Sri Lanka - Direction Issued under Section 18 (9) (a) of Public Utilities Commission of Sri Lanka	https://documents.gov.lk/view/extra-gazettes/egz_2026.html	si	https://documents.gov.lk/view/extra-gazettes/2026/1/2473-17_S.pdf	2473/17
lk_extraordinary_gazettes_2020s	2026-01-29-2026-01-29-2473-17-en	2026-01-29-2473-17-en	2026-01-29	Public Utilities Commission of Sri Lanka - Direction Issued under Section 18 (9) (a) of Public Utilities Commission of Sri Lanka	https://documents.gov.lk/view/extra-gazettes/egz_2026.html	en	https://documents.gov.lk/view/extra-gazettes/2026/1/2473-17_E.pdf	2473/17
lk_extraordinary_gazettes_2020s	2026-01-28-2026-01-28-2473-16-ta	2026-01-28-2473-16-ta	2026-01-28	Presidential Secretariat - The Emergency (Miscellaneous Provisions and Power) Regulation No. 01 of 2026	https://documents.gov.lk/view/extra-gazettes/egz_2026.html	ta	https://documents.gov.lk/view/extra-gazettes/2026/1/2473-16_T.pdf	2473/16
lk_extraordinary_gazettes_2020s	2026-01-28-2026-01-28-2473-16-si	2026-01-28-2473-16-si	2026-01-28	Presidential Secretariat - The Emergency (Miscellaneous Provisions and Power) Regulation No. 01 of 2026	https://documents.gov.lk/view/extra-gazettes/egz_2026.html	si	https://documents.gov.lk/view/extra-gazettes/2026/1/2473-16_S.pdf	2473/16
lk_extraordinary_gazettes_2020s	2026-01-28-2026-01-28-2473-16-en	2026-01-28-2473-16-en	2026-01-28	Presidential Secretariat - The Emergency (Miscellaneous Provisions and Power) Regulation No. 01 of 2026	https://documents.gov.lk/view/extra-gazettes/egz_2026.html	en	https://documents.gov.lk/view/extra-gazettes/2026/1/2473-16_E.pdf	2473/16
lk_extraordinary_gazettes_2020s	2026-01-28-2026-01-28-2473-15-si	2026-01-28-2473-15-si	2026-01-28	Election Commission - Filling of a Vacancy in the Office of Member of the Kuliyapitiya P.S under Section 66A (1) (9) of the Local Authority Election Ordinance	https://documents.gov.lk/view/extra-gazettes/egz_2026.html	si	https://documents.gov.lk/view/extra-gazettes/2026/1/2473-15_S.pdf	2473/15
lk_extraordinary_gazettes_2020s	2026-01-28-2026-01-28-2473-15-en	2026-01-28-2473-15-en	2026-01-28	Election Commission - Filling of a Vacancy in the Office of Member of the Kuliyapitiya P.S under Section 66A (1) (9) of the Local Authority Election Ordinance	https://documents.gov.lk/view/extra-gazettes/egz_2026.html	en	https://documents.gov.lk/view/extra-gazettes/2026/1/2473-15_E.pdf	2473/15
lk_extraordinary_gazettes_2020s	2026-01-28-2026-01-28-2473-14-ta	2026-01-28-2473-14-ta	2026-01-28	Presidential Secretariat - Public Security Ordinance (Chapter 40)	https://documents.gov.lk/view/extra-gazettes/egz_2026.html	ta	https://documents.gov.lk/view/extra-gazettes/2026/1/2473-14_T.pdf	2473/14
lk_extraordinary_gazettes_2020s	2026-01-28-2026-01-28-2473-14-si	2026-01-28-2473-14-si	2026-01-28	Presidential Secretariat - Public Security Ordinance (Chapter 40)	https://documents.gov.lk/view/extra-gazettes/egz_2026.html	si	https://documents.gov.lk/view/extra-gazettes/2026/1/2473-14_S.pdf	2473/14
lk_extraordinary_gazettes_2020s	2026-01-28-2026-01-28-2473-14-en	2026-01-28-2473-14-en	2026-01-28	Presidential Secretariat - Public Security Ordinance (Chapter 40)	https://documents.gov.lk/view/extra-gazettes/egz_2026.html	en	https://documents.gov.lk/view/extra-gazettes/2026/1/2473-14_E.pdf	2473/14
lk_extraordinary_gazettes_2020s	2026-01-28-2026-01-28-2473-13-ta	2026-01-28-2473-13-ta	2026-01-28	Presidential Secretariat - Essential Public Service Act, No 61 of 1979	https://documents.gov.lk/view/extra-gazettes/egz_2026.html	ta	https://documents.gov.lk/view/extra-gazettes/2026/1/2473-13_T.pdf	2473/13
lk_extraordinary_gazettes_2020s	2026-01-28-2026-01-28-2473-13-si	2026-01-28-2473-13-si	2026-01-28	Presidential Secretariat - Essential Public Service Act, No 61 of 1979	https://documents.gov.lk/view/extra-gazettes/egz_2026.html	si	https://documents.gov.lk/view/extra-gazettes/2026/1/2473-13_S.pdf	2473/13
lk_extraordinary_gazettes_2020s	2026-01-28-2026-01-28-2473-13-en	2026-01-28-2473-13-en	2026-01-28	Presidential Secretariat - Essential Public Service Act, No 61 of 1979	https://documents.gov.lk/view/extra-gazettes/egz_2026.html	en	https://documents.gov.lk/view/extra-gazettes/2026/1/2473-13_E.pdf	2473/13
lk_extraordinary_gazettes_2020s	2026-01-27-2026-01-27-2473-12-si	2026-01-27-2473-12-si	2026-01-27	Ministry of Energy - Petroleum Resources Act, No. of 2021 Petroleum Resources Argument Regulations No, 01 of 2026	https://documents.gov.lk/view/extra-gazettes/egz_2026.html	si	https://documents.gov.lk/view/extra-gazettes/2026/1/2473-12_S.pdf	2473/12
lk_extraordinary_gazettes_2020s	2026-01-27-2026-01-27-2473-12-en	2026-01-27-2473-12-en	2026-01-27	Ministry of Energy - Petroleum Resources Act, No. of 2021 Petroleum Resources Argument Regulations No, 01 of 2026	https://documents.gov.lk/view/extra-gazettes/egz_2026.html	en	https://documents.gov.lk/view/extra-gazettes/2026/1/2473-12_E.pdf	2473/12
lk_extraordinary_gazettes_2020s	2026-01-26-2026-01-26-2473-10-ta	2026-01-26-2473-10-ta	2026-01-26	Public Utilities Commission of Sri Lanka - The Sri Lanka Electricity Act, No. 20 of 2009 (Amended) Issuance of Certificate of Exemption Harbour Village (Pvt) Ltd and 02 other Companies	https://documents.gov.lk/view/extra-gazettes/egz_2026.html	ta	https://documents.gov.lk/view/extra-gazettes/2026/1/2473-10_T.pdf	2473/10
lk_extraordinary_gazettes_2020s	2026-01-26-2026-01-26-2473-10-si	2026-01-26-2473-10-si	2026-01-26	Public Utilities Commission of Sri Lanka - The Sri Lanka Electricity Act, No. 20 of 2009 (Amended) Issuance of Certificate of Exemption Harbour Village (Pvt) Ltd and 02 other Companies	https://documents.gov.lk/view/extra-gazettes/egz_2026.html	si	https://documents.gov.lk/view/extra-gazettes/2026/1/2473-10_S.pdf	2473/10
lk_extraordinary_gazettes_2020s	2026-01-26-2026-01-26-2473-10-en	2026-01-26-2473-10-en	2026-01-26	Public Utilities Commission of Sri Lanka - The Sri Lanka Electricity Act, No. 20 of 2009 (Amended) Issuance of Certificate of Exemption Harbour Village (Pvt) Ltd and 02 other Companies	https://documents.gov.lk/view/extra-gazettes/egz_2026.html	en	https://documents.gov.lk/view/extra-gazettes/2026/1/2473-10_E.pdf	2473/10
lk_extraordinary_gazettes_2020s	2026-01-26-2026-01-26-2473-09-si	2026-01-26-2473-09-si	2026-01-26	Public Utilities Commission of Sri Lanka - The Sri Lanka Electricity Act, No. 20 of 2009 (Amended) Issuance of Certificate of Exception Duvi's Shelter Home Stay	https://documents.gov.lk/view/extra-gazettes/egz_2026.html	si	https://documents.gov.lk/view/extra-gazettes/2026/1/2473-09_S.pdf	2473/09
lk_extraordinary_gazettes_2020s	2026-01-26-2026-01-26-2473-09-en	2026-01-26-2473-09-en	2026-01-26	Public Utilities Commission of Sri Lanka - The Sri Lanka Electricity Act, No. 20 of 2009 (Amended) Issuance of Certificate of Exception Duvi's Shelter Home Stay	https://documents.gov.lk/view/extra-gazettes/egz_2026.html	en	https://documents.gov.lk/view/extra-gazettes/2026/1/2473-09_E.pdf	2473/09
lk_extraordinary_gazettes_2020s	2026-01-26-2026-01-26-2473-08-ta	2026-01-26-2473-08-ta	2026-01-26	Presidential Secretariat - The Public Security Ordinance (Chapter 40)	https://documents.gov.lk/view/extra-gazettes/egz_2026.html	ta	https://documents.gov.lk/view/extra-gazettes/2026/1/2473-08_T.pdf	2473/08
lk_extraordinary_gazettes_2020s	2026-01-26-2026-01-26-2473-08-si	2026-01-26-2473-08-si	2026-01-26	Presidential Secretariat - The Public Security Ordinance (Chapter 40)	https://documents.gov.lk/view/extra-gazettes/egz_2026.html	si	https://documents.gov.lk/view/extra-gazettes/2026/1/2473-08_S.pdf	2473/08
lk_extraordinary_gazettes_2020s	2026-01-26-2026-01-26-2473-08-en	2026-01-26-2473-08-en	2026-01-26	Presidential Secretariat - The Public Security Ordinance (Chapter 40)	https://documents.gov.lk/view/extra-gazettes/egz_2026.html	en	https://documents.gov.lk/view/extra-gazettes/2026/1/2473-08_E.pdf	2473/08
lk_extraordinary_gazettes_2020s	2026-01-26-2026-01-26-2473-07-ta	2026-01-26-2473-07-ta	2026-01-26	Land Acquisition	https://documents.gov.lk/view/extra-gazettes/egz_2026.html	ta	https://documents.gov.lk/view/extra-gazettes/2026/1/2473-07_T.pdf	2473/07
lk_extraordinary_gazettes_2020s	2026-01-26-2026-01-26-2473-07-si	2026-01-26-2473-07-si	2026-01-26	Land Acquisition	https://documents.gov.lk/view/extra-gazettes/egz_2026.html	si	https://documents.gov.lk/view/extra-gazettes/2026/1/2473-07_S.pdf	2473/07
lk_extraordinary_gazettes_2020s	2026-01-26-2026-01-26-2473-07-en	2026-01-26-2473-07-en	2026-01-26	Land Acquisition	https://documents.gov.lk/view/extra-gazettes/egz_2026.html	en	https://documents.gov.lk/view/extra-gazettes/2026/1/2473-07_E.pdf	2473/07
lk_extraordinary_gazettes_2020s	2026-01-26-2026-01-26-2473-06-ta	2026-01-26-2473-06-ta	2026-01-26	Land Acquisition	https://documents.gov.lk/view/extra-gazettes/egz_2026.html	ta	https://documents.gov.lk/view/extra-gazettes/2026/1/2473-06_T.pdf	2473/06
lk_extraordinary_gazettes_2020s	2026-01-26-2026-01-26-2473-05-si	2026-01-26-2473-05-si	2026-01-26	Governor's Office North Central Province - Appointments made by the Hon. Governor of the North Central Province	https://documents.gov.lk/view/extra-gazettes/egz_2026.html	si	https://documents.gov.lk/view/extra-gazettes/2026/1/2473-05_S.pdf	2473/05
lk_extraordinary_gazettes_2020s	2026-01-26-2026-01-26-2473-05-en	2026-01-26-2473-05-en	2026-01-26	Governor's Office North Central Province - Appointments made by the Hon. Governor of the North Central Province	https://documents.gov.lk/view/extra-gazettes/egz_2026.html	en	https://documents.gov.lk/view/extra-gazettes/2026/1/2473-05_E.pdf	2473/05
lk_extraordinary_gazettes_2020s	2026-01-26-2026-01-26-2473-04-si	2026-01-26-2473-04-si	2026-01-26	Land Title Settlement Department	https://documents.gov.lk/view/extra-gazettes/egz_2026.html	si	https://documents.gov.lk/view/extra-gazettes/2026/1/2473-04_S.pdf	2473/04
lk_extraordinary_gazettes_2020s	2026-01-26-2026-01-26-2473-04-en	2026-01-26-2473-04-en	2026-01-26	Land Title Settlement Department	https://documents.gov.lk/view/extra-gazettes/egz_2026.html	en	https://documents.gov.lk/view/extra-gazettes/2026/1/2473-04_E.pdf	2473/04
lk_extraordinary_gazettes_2020s	2026-01-26-2026-01-26-2473-01-ta	2026-01-26-2473-01-ta	2026-01-26	Sri Lanka Customs - Rates of Exchange with effect from 26.01.2026 to 01.02.2026	https://documents.gov.lk/view/extra-gazettes/egz_2026.html	ta	https://documents.gov.lk/view/extra-gazettes/2026/1/2473-01_T.pdf	2473/01
lk_extraordinary_gazettes_2020s	2026-01-26-2026-01-26-2473-01-si	2026-01-26-2473-01-si	2026-01-26	Sri Lanka Customs - Rates of Exchange with effect from 26.01.2026 to 01.02.2026	https://documents.gov.lk/view/extra-gazettes/egz_2026.html	si	https://documents.gov.lk/view/extra-gazettes/2026/1/2473-01_S.pdf	2473/01
lk_extraordinary_gazettes_2020s	2026-01-26-2026-01-26-2473-01-en	2026-01-26-2473-01-en	2026-01-26	Sri Lanka Customs - Rates of Exchange with effect from 26.01.2026 to 01.02.2026	https://documents.gov.lk/view/extra-gazettes/egz_2026.html	en	https://documents.gov.lk/view/extra-gazettes/2026/1/2473-01_E.pdf	2473/01
lk_extraordinary_gazettes_2020s	2026-01-24-2026-01-24-2472-69-ta	2026-01-24-2472-69-ta	2026-01-24	Department of Labour - Special Allowance Payable to Workers November 2025	https://documents.gov.lk/view/extra-gazettes/egz_2026.html	ta	https://documents.gov.lk/view/extra-gazettes/2026/1/2472-69_T.pdf	2472/69
lk_extraordinary_gazettes_2020s	2026-01-24-2026-01-24-2472-69-si	2026-01-24-2472-69-si	2026-01-24	Department of Labour - Special Allowance Payable to Workers November 2025	https://documents.gov.lk/view/extra-gazettes/egz_2026.html	si	https://documents.gov.lk/view/extra-gazettes/2026/1/2472-69_S.pdf	2472/69
lk_extraordinary_gazettes_2020s	2026-01-24-2026-01-24-2472-69-en	2026-01-24-2472-69-en	2026-01-24	Department of Labour - Special Allowance Payable to Workers November 2025	https://documents.gov.lk/view/extra-gazettes/egz_2026.html	en	https://documents.gov.lk/view/extra-gazettes/2026/1/2472-69_E.pdf	2472/69
lk_extraordinary_gazettes_2020s	2026-01-24-2026-01-24-2472-68-si	2026-01-24-2472-68-si	2026-01-24	Land Title Settlement Dept - Thumbovila, Kesbewa D/S/D, Colombo District (25/55089)	https://documents.gov.lk/view/extra-gazettes/egz_2026.html	si	https://documents.gov.lk/view/extra-gazettes/2026/1/2472-68_S.pdf	2472/68
lk_extraordinary_gazettes_2020s	2026-01-24-2026-01-24-2472-68-en	2026-01-24-2472-68-en	2026-01-24	Land Title Settlement Dept - Thumbovila, Kesbewa D/S/D, Colombo District (25/55089)	https://documents.gov.lk/view/extra-gazettes/egz_2026.html	en	https://documents.gov.lk/view/extra-gazettes/2026/1/2472-68_E.pdf	2472/68
lk_extraordinary_gazettes_2020s	2026-01-24-2026-01-24-2472-67-si	2026-01-24-2472-67-si	2026-01-24	Land Title Settlement Dept- Hendiyagala, Pannala D/S/D, Kurunegala District (7919)	https://documents.gov.lk/view/extra-gazettes/egz_2026.html	si	https://documents.gov.lk/view/extra-gazettes/2026/1/2472-67_S.pdf	2472/67
lk_extraordinary_gazettes_2020s	2026-01-24-2026-01-24-2472-67-en	2026-01-24-2472-67-en	2026-01-24	Land Title Settlement Dept- Hendiyagala, Pannala D/S/D, Kurunegala District (7919)	https://documents.gov.lk/view/extra-gazettes/egz_2026.html	en	https://documents.gov.lk/view/extra-gazettes/2026/1/2472-67_E.pdf	2472/67
lk_extraordinary_gazettes_2020s	2026-01-24-2026-01-24-2472-65-ta	2026-01-24-2472-65-ta	2026-01-24	Land Tittle Settlement Dept- Dediyawala, kaluthara D/S/D, kalutara District (25/55086)	https://documents.gov.lk/view/extra-gazettes/egz_2026.html	ta	https://documents.gov.lk/view/extra-gazettes/2026/1/2472-65_T.pdf	2472/65
lk_extraordinary_gazettes_2020s	2026-01-24-2026-01-24-2472-65-si	2026-01-24-2472-65-si	2026-01-24	Land Tittle Settlement Dept- Dediyawala, kaluthara D/S/D, kalutara District (25/55086)	https://documents.gov.lk/view/extra-gazettes/egz_2026.html	si	https://documents.gov.lk/view/extra-gazettes/2026/1/2472-65_S.pdf	2472/65
lk_extraordinary_gazettes_2020s	2026-01-24-2026-01-24-2472-65-en	2026-01-24-2472-65-en	2026-01-24	Land Tittle Settlement Dept- Dediyawala, kaluthara D/S/D, kalutara District (25/55086)	https://documents.gov.lk/view/extra-gazettes/egz_2026.html	en	https://documents.gov.lk/view/extra-gazettes/2026/1/2472-65_E.pdf	2472/65
lk_extraordinary_gazettes_2020s	2026-01-24-2026-01-24-2472-64-si	2026-01-24-2472-64-si	2026-01-24	Land Title Settlement Dept- Yattagoda , Galigamuwa D/S/D, Kegalle District (25/55079)	https://documents.gov.lk/view/extra-gazettes/egz_2026.html	si	https://documents.gov.lk/view/extra-gazettes/2026/1/2472-64_S.pdf	2472/64
lk_extraordinary_gazettes_2020s	2026-01-24-2026-01-24-2472-64-en	2026-01-24-2472-64-en	2026-01-24	Land Title Settlement Dept- Yattagoda , Galigamuwa D/S/D, Kegalle District (25/55079)	https://documents.gov.lk/view/extra-gazettes/egz_2026.html	en	https://documents.gov.lk/view/extra-gazettes/2026/1/2472-64_E.pdf	2472/64
lk_extraordinary_gazettes_2020s	2026-01-23-2026-01-23-2472-61-ta	2026-01-23-2472-61-ta	2026-01-23	Department of Local Government - Eastern Province - Elected and Declared Vice Chairman of Padiyatalawa P. S	https://documents.gov.lk/view/extra-gazettes/egz_2026.html	ta	https://documents.gov.lk/view/extra-gazettes/2026/1/2472-61_T.pdf	2472/61
lk_extraordinary_gazettes_2020s	2026-01-23-2026-01-23-2472-61-si	2026-01-23-2472-61-si	2026-01-23	Department of Local Government - Eastern Province - Elected and Declared Vice Chairman of Padiyatalawa P. S	https://documents.gov.lk/view/extra-gazettes/egz_2026.html	si	https://documents.gov.lk/view/extra-gazettes/2026/1/2472-61_S.pdf	2472/61
lk_extraordinary_gazettes_2020s	2026-01-23-2026-01-23-2472-61-en	2026-01-23-2472-61-en	2026-01-23	Department of Local Government - Eastern Province - Elected and Declared Vice Chairman of Padiyatalawa P. S	https://documents.gov.lk/view/extra-gazettes/egz_2026.html	en	https://documents.gov.lk/view/extra-gazettes/2026/1/2472-61_E.pdf	2472/61
lk_extraordinary_gazettes_2020s	2026-01-23-2026-01-23-2472-58-si	2026-01-23-2472-58-si	2026-01-23	Land Title Settlement Dept- Keselwatta, Panadura D/S/D, Kaluthara District (7898)	https://documents.gov.lk/view/extra-gazettes/egz_2026.html	si	https://documents.gov.lk/view/extra-gazettes/2026/1/2472-58_S.pdf	2472/58
lk_extraordinary_gazettes_2020s	2026-01-23-2026-01-23-2472-58-en	2026-01-23-2472-58-en	2026-01-23	Land Title Settlement Dept- Keselwatta, Panadura D/S/D, Kaluthara District (7898)	https://documents.gov.lk/view/extra-gazettes/egz_2026.html	en	https://documents.gov.lk/view/extra-gazettes/2026/1/2472-58_E.pdf	2472/58
lk_extraordinary_gazettes_2020s	2026-01-23-2026-01-23-2472-57-ta	2026-01-23-2472-57-ta	2026-01-23	Land Title Settlement Dept - Kimbulapitiya, Katana D/S/D, Gampaha District (7911)	https://documents.gov.lk/view/extra-gazettes/egz_2026.html	ta	https://documents.gov.lk/view/extra-gazettes/2026/1/2472-57_T.pdf	2472/57
lk_extraordinary_gazettes_2020s	2026-01-23-2026-01-23-2472-57-si	2026-01-23-2472-57-si	2026-01-23	Land Title Settlement Dept - Kimbulapitiya, Katana D/S/D, Gampaha District (7911)	https://documents.gov.lk/view/extra-gazettes/egz_2026.html	si	https://documents.gov.lk/view/extra-gazettes/2026/1/2472-57_S.pdf	2472/57
lk_extraordinary_gazettes_2020s	2026-01-23-2026-01-23-2472-57-en	2026-01-23-2472-57-en	2026-01-23	Land Title Settlement Dept - Kimbulapitiya, Katana D/S/D, Gampaha District (7911)	https://documents.gov.lk/view/extra-gazettes/egz_2026.html	en	https://documents.gov.lk/view/extra-gazettes/2026/1/2472-57_E.pdf	2472/57
lk_extraordinary_gazettes_2020s	2026-01-23-2026-01-23-2472-56-ta	2026-01-23-2472-56-ta	2026-01-23	Land Title Settlement Dept- Ballapana Pathabage , galigamuwa D/S/D, Kegalle District (7900)	https://documents.gov.lk/view/extra-gazettes/egz_2026.html	ta	https://documents.gov.lk/view/extra-gazettes/2026/1/2472-56_T.pdf	2472/56
lk_extraordinary_gazettes_2020s	2026-01-23-2026-01-23-2472-56-si	2026-01-23-2472-56-si	2026-01-23	Land Title Settlement Dept- Ballapana Pathabage , galigamuwa D/S/D, Kegalle District (7900)	https://documents.gov.lk/view/extra-gazettes/egz_2026.html	si	https://documents.gov.lk/view/extra-gazettes/2026/1/2472-56_S.pdf	2472/56
lk_extraordinary_gazettes_2020s	2026-01-23-2026-01-23-2472-56-en	2026-01-23-2472-56-en	2026-01-23	Land Title Settlement Dept- Ballapana Pathabage , galigamuwa D/S/D, Kegalle District (7900)	https://documents.gov.lk/view/extra-gazettes/egz_2026.html	en	https://documents.gov.lk/view/extra-gazettes/2026/1/2472-56_E.pdf	2472/56
lk_extraordinary_gazettes_2020s	2026-01-23-2026-01-23-2472-55-ta	2026-01-23-2472-55-ta	2026-01-23	Land Title Settlement Dept- Mathotagama, Matara D/S/D, Matara District (7906)	https://documents.gov.lk/view/extra-gazettes/egz_2026.html	ta	https://documents.gov.lk/view/extra-gazettes/2026/1/2472-55_T.pdf	2472/55
lk_extraordinary_gazettes_2020s	2026-01-23-2026-01-23-2472-55-si	2026-01-23-2472-55-si	2026-01-23	Land Title Settlement Dept- Mathotagama, Matara D/S/D, Matara District (7906)	https://documents.gov.lk/view/extra-gazettes/egz_2026.html	si	https://documents.gov.lk/view/extra-gazettes/2026/1/2472-55_S.pdf	2472/55
lk_extraordinary_gazettes_2020s	2026-01-23-2026-01-23-2472-55-en	2026-01-23-2472-55-en	2026-01-23	Land Title Settlement Dept- Mathotagama, Matara D/S/D, Matara District (7906)	https://documents.gov.lk/view/extra-gazettes/egz_2026.html	en	https://documents.gov.lk/view/extra-gazettes/2026/1/2472-55_E.pdf	2472/55
lk_extraordinary_gazettes_2020s	2026-01-23-2026-01-23-2472-54-ta	2026-01-23-2472-54-ta	2026-01-23	Land Title Settlement Dept- Kurunthaiyadimunai, batticaloa District (7917)	https://documents.gov.lk/view/extra-gazettes/egz_2026.html	ta	https://documents.gov.lk/view/extra-gazettes/2026/1/2472-54_T.pdf	2472/54
lk_extraordinary_gazettes_2020s	2026-01-23-2026-01-23-2472-54-si	2026-01-23-2472-54-si	2026-01-23	Land Title Settlement Dept- Kurunthaiyadimunai, batticaloa District (7917)	https://documents.gov.lk/view/extra-gazettes/egz_2026.html	si	https://documents.gov.lk/view/extra-gazettes/2026/1/2472-54_S.pdf	2472/54
lk_extraordinary_gazettes_2020s	2026-01-23-2026-01-23-2472-54-en	2026-01-23-2472-54-en	2026-01-23	Land Title Settlement Dept- Kurunthaiyadimunai, batticaloa District (7917)	https://documents.gov.lk/view/extra-gazettes/egz_2026.html	en	https://documents.gov.lk/view/extra-gazettes/2026/1/2472-54_E.pdf	2472/54
lk_extraordinary_gazettes_2020s	2026-01-23-2026-01-23-2472-53-ta	2026-01-23-2472-53-ta	2026-01-23	Election Commission - Vacated his Office of Member of Vellanai Pradeshiya Sabha	https://documents.gov.lk/view/extra-gazettes/egz_2026.html	ta	https://documents.gov.lk/view/extra-gazettes/2026/1/2472-53_T.pdf	2472/53
lk_extraordinary_gazettes_2020s	2026-01-23-2026-01-23-2472-53-si	2026-01-23-2472-53-si	2026-01-23	Election Commission - Vacated his Office of Member of Vellanai Pradeshiya Sabha	https://documents.gov.lk/view/extra-gazettes/egz_2026.html	si	https://documents.gov.lk/view/extra-gazettes/2026/1/2472-53_S.pdf	2472/53
lk_extraordinary_gazettes_2020s	2026-01-23-2026-01-23-2472-53-en	2026-01-23-2472-53-en	2026-01-23	Election Commission - Vacated his Office of Member of Vellanai Pradeshiya Sabha	https://documents.gov.lk/view/extra-gazettes/egz_2026.html	en	https://documents.gov.lk/view/extra-gazettes/2026/1/2472-53_E.pdf	2472/53
lk_extraordinary_gazettes_2020s	2026-01-23-2026-01-23-2472-52-ta	2026-01-23-2472-52-ta	2026-01-23	Office of the Governor - UVA Province- Appointment Made by the Governor of UVA Province	https://documents.gov.lk/view/extra-gazettes/egz_2026.html	ta	https://documents.gov.lk/view/extra-gazettes/2026/1/2472-52_T.pdf	2472/52
lk_extraordinary_gazettes_2020s	2026-01-23-2026-01-23-2472-52-si	2026-01-23-2472-52-si	2026-01-23	Office of the Governor - UVA Province- Appointment Made by the Governor of UVA Province	https://documents.gov.lk/view/extra-gazettes/egz_2026.html	si	https://documents.gov.lk/view/extra-gazettes/2026/1/2472-52_S.pdf	2472/52
lk_extraordinary_gazettes_2020s	2026-01-23-2026-01-23-2472-52-en	2026-01-23-2472-52-en	2026-01-23	Office of the Governor - UVA Province- Appointment Made by the Governor of UVA Province	https://documents.gov.lk/view/extra-gazettes/egz_2026.html	en	https://documents.gov.lk/view/extra-gazettes/2026/1/2472-52_E.pdf	2472/52
lk_extraordinary_gazettes_2020s	2026-01-23-2026-01-23-2472-51-si	2026-01-23-2472-51-si	2026-01-23	District Secretariat - Galle - Pilgrimages Ordinance. Annual Lanten Seson Hiniduma Kalvery Shrine	https://documents.gov.lk/view/extra-gazettes/egz_2026.html	si	https://documents.gov.lk/view/extra-gazettes/2026/1/2472-51_S.pdf	2472/51
lk_extraordinary_gazettes_2020s	2026-01-23-2026-01-23-2472-51-en	2026-01-23-2472-51-en	2026-01-23	District Secretariat - Galle - Pilgrimages Ordinance. Annual Lanten Seson Hiniduma Kalvery Shrine	https://documents.gov.lk/view/extra-gazettes/egz_2026.html	en	https://documents.gov.lk/view/extra-gazettes/2026/1/2472-51_E.pdf	2472/51
lk_extraordinary_gazettes_2020s	2026-01-23-2026-01-23-2472-50-ta	2026-01-23-2472-50-ta	2026-01-23	"Land Acquisson - Dewala, Gahayatakumbura, Balathkohupitiya D/S/D, Kergalle District
Mirissa South, Weligama D/S/D, Matara District"	https://documents.gov.lk/view/extra-gazettes/egz_2026.html	ta	https://documents.gov.lk/view/extra-gazettes/2026/1/2472-50_T.pdf	2472/50
lk_extraordinary_gazettes_2020s	2026-01-23-2026-01-23-2472-50-si	2026-01-23-2472-50-si	2026-01-23	"Land Acquisson - Dewala, Gahayatakumbura, Balathkohupitiya D/S/D, Kergalle District
Mirissa South, Weligama D/S/D, Matara District"	https://documents.gov.lk/view/extra-gazettes/egz_2026.html	si	https://documents.gov.lk/view/extra-gazettes/2026/1/2472-50_S.pdf	2472/50
lk_extraordinary_gazettes_2020s	2026-01-23-2026-01-23-2472-50-en	2026-01-23-2472-50-en	2026-01-23	"Land Acquisson - Dewala, Gahayatakumbura, Balathkohupitiya D/S/D, Kergalle District
Mirissa South, Weligama D/S/D, Matara District"	https://documents.gov.lk/view/extra-gazettes/egz_2026.html	en	https://documents.gov.lk/view/extra-gazettes/2026/1/2472-50_E.pdf	2472/50
lk_extraordinary_gazettes_2020s	2026-01-23-2026-01-23-2472-49-ta	2026-01-23-2472-49-ta	2026-01-23	"Land Acquission - Kamburupitiya, Kamburupitiya D/S/D, Matara District 
Correction Paper, Dambulla D/S/D"	https://documents.gov.lk/view/extra-gazettes/egz_2026.html	ta	https://documents.gov.lk/view/extra-gazettes/2026/1/2472-49_T.pdf	2472/49
lk_extraordinary_gazettes_2020s	2026-01-23-2026-01-23-2472-49-si	2026-01-23-2472-49-si	2026-01-23	"Land Acquission - Kamburupitiya, Kamburupitiya D/S/D, Matara District 
Correction Paper, Dambulla D/S/D"	https://documents.gov.lk/view/extra-gazettes/egz_2026.html	si	https://documents.gov.lk/view/extra-gazettes/2026/1/2472-49_S.pdf	2472/49
lk_extraordinary_gazettes_2020s	2026-01-23-2026-01-23-2472-49-en	2026-01-23-2472-49-en	2026-01-23	"Land Acquission - Kamburupitiya, Kamburupitiya D/S/D, Matara District 
Correction Paper, Dambulla D/S/D"	https://documents.gov.lk/view/extra-gazettes/egz_2026.html	en	https://documents.gov.lk/view/extra-gazettes/2026/1/2472-49_E.pdf	2472/49
lk_extraordinary_gazettes_2020s	2026-01-22-2026-01-22-2472-47-ta	2026-01-22-2472-47-ta	2026-01-22	Department of Census and Statistics - National Consumer Price Index - December 2025	https://documents.gov.lk/view/extra-gazettes/egz_2026.html	ta	https://documents.gov.lk/view/extra-gazettes/2026/1/2472-47_T.pdf	2472/47
lk_extraordinary_gazettes_2020s	2026-01-22-2026-01-22-2472-47-si	2026-01-22-2472-47-si	2026-01-22	Department of Census and Statistics - National Consumer Price Index - December 2025	https://documents.gov.lk/view/extra-gazettes/egz_2026.html	si	https://documents.gov.lk/view/extra-gazettes/2026/1/2472-47_S.pdf	2472/47
lk_extraordinary_gazettes_2020s	2026-01-22-2026-01-22-2472-47-en	2026-01-22-2472-47-en	2026-01-22	Department of Census and Statistics - National Consumer Price Index - December 2025	https://documents.gov.lk/view/extra-gazettes/egz_2026.html	en	https://documents.gov.lk/view/extra-gazettes/2026/1/2472-47_E.pdf	2472/47
lk_extraordinary_gazettes_2020s	2026-01-22-2026-01-22-2472-45-ta	2026-01-22-2472-45-ta	2026-01-22	Presidential Secretariat - Appointed Dr. Anil Jasinghe as the Secretary to the Ministry of Health and Mass Media	https://documents.gov.lk/view/extra-gazettes/egz_2026.html	ta	https://documents.gov.lk/view/extra-gazettes/2026/1/2472-45_T.pdf	2472/45
lk_extraordinary_gazettes_2020s	2026-01-22-2026-01-22-2472-45-si	2026-01-22-2472-45-si	2026-01-22	Presidential Secretariat - Appointed Dr. Anil Jasinghe as the Secretary to the Ministry of Health and Mass Media	https://documents.gov.lk/view/extra-gazettes/egz_2026.html	si	https://documents.gov.lk/view/extra-gazettes/2026/1/2472-45_S.pdf	2472/45
lk_extraordinary_gazettes_2020s	2026-01-22-2026-01-22-2472-45-en	2026-01-22-2472-45-en	2026-01-22	Presidential Secretariat - Appointed Dr. Anil Jasinghe as the Secretary to the Ministry of Health and Mass Media	https://documents.gov.lk/view/extra-gazettes/egz_2026.html	en	https://documents.gov.lk/view/extra-gazettes/2026/1/2472-45_E.pdf	2472/45
lk_extraordinary_gazettes_2020s	2026-01-22-2026-01-22-2472-44-si	2026-01-22-2472-44-si	2026-01-22	Land Title Settlement Dept - Akaragana, Kurunegala D/S/D, Kurunegala District (25/1200163)	https://documents.gov.lk/view/extra-gazettes/egz_2026.html	si	https://documents.gov.lk/view/extra-gazettes/2026/1/2472-44_S.pdf	2472/44
lk_extraordinary_gazettes_2020s	2026-01-22-2026-01-22-2472-44-en	2026-01-22-2472-44-en	2026-01-22	Land Title Settlement Dept - Akaragana, Kurunegala D/S/D, Kurunegala District (25/1200163)	https://documents.gov.lk/view/extra-gazettes/egz_2026.html	en	https://documents.gov.lk/view/extra-gazettes/2026/1/2472-44_E.pdf	2472/44
lk_extraordinary_gazettes_2020s	2026-01-22-2026-01-22-2472-40-si	2026-01-22-2472-40-si	2026-01-22	Land Title Settlement Dept- Malwala, Ratnapura D/S/D, Rathnapura District ( 25/1200162)	https://documents.gov.lk/view/extra-gazettes/egz_2026.html	si	https://documents.gov.lk/view/extra-gazettes/2026/1/2472-40_S.pdf	2472/40
lk_extraordinary_gazettes_2020s	2026-01-22-2026-01-22-2472-40-en	2026-01-22-2472-40-en	2026-01-22	Land Title Settlement Dept- Malwala, Ratnapura D/S/D, Rathnapura District ( 25/1200162)	https://documents.gov.lk/view/extra-gazettes/egz_2026.html	en	https://documents.gov.lk/view/extra-gazettes/2026/1/2472-40_E.pdf	2472/40
lk_extraordinary_gazettes_2020s	2026-01-22-2026-01-22-2472-32-ta	2026-01-22-2472-32-ta	2026-01-22	Land Title Settlement Dept - Webadamulla, Meerigama D/S/D/, Gampaha District (7915)	https://documents.gov.lk/view/extra-gazettes/egz_2026.html	ta	https://documents.gov.lk/view/extra-gazettes/2026/1/2472-32_T.pdf	2472/32
lk_extraordinary_gazettes_2020s	2026-01-22-2026-01-22-2472-32-si	2026-01-22-2472-32-si	2026-01-22	Land Title Settlement Dept - Webadamulla, Meerigama D/S/D/, Gampaha District (7915)	https://documents.gov.lk/view/extra-gazettes/egz_2026.html	si	https://documents.gov.lk/view/extra-gazettes/2026/1/2472-32_S.pdf	2472/32
lk_extraordinary_gazettes_2020s	2026-01-22-2026-01-22-2472-32-en	2026-01-22-2472-32-en	2026-01-22	Land Title Settlement Dept - Webadamulla, Meerigama D/S/D/, Gampaha District (7915)	https://documents.gov.lk/view/extra-gazettes/egz_2026.html	en	https://documents.gov.lk/view/extra-gazettes/2026/1/2472-32_E.pdf	2472/32
lk_extraordinary_gazettes_2020s	2026-01-22-2026-01-22-2472-31-ta	2026-01-22-2472-31-ta	2026-01-22	Department of Local Government - Southern Province - Meeting for the Purpose of Electing a Chairmen of Weligepola P.S	https://documents.gov.lk/view/extra-gazettes/egz_2026.html	ta	https://documents.gov.lk/view/extra-gazettes/2026/1/2472-31_T.pdf	2472/31
lk_extraordinary_gazettes_2020s	2026-01-22-2026-01-22-2472-31-si	2026-01-22-2472-31-si	2026-01-22	Department of Local Government - Southern Province - Meeting for the Purpose of Electing a Chairmen of Weligepola P.S	https://documents.gov.lk/view/extra-gazettes/egz_2026.html	si	https://documents.gov.lk/view/extra-gazettes/2026/1/2472-31_S.pdf	2472/31
lk_extraordinary_gazettes_2020s	2026-01-22-2026-01-22-2472-31-en	2026-01-22-2472-31-en	2026-01-22	Department of Local Government - Southern Province - Meeting for the Purpose of Electing a Chairmen of Weligepola P.S	https://documents.gov.lk/view/extra-gazettes/egz_2026.html	en	https://documents.gov.lk/view/extra-gazettes/2026/1/2472-31_E.pdf	2472/31
lk_extraordinary_gazettes_2020s	2026-01-21-2026-01-21-2472-30-ta	2026-01-21-2472-30-ta	2026-01-21	Land Title Settlement Department	https://documents.gov.lk/view/extra-gazettes/egz_2026.html	ta	https://documents.gov.lk/view/extra-gazettes/2026/1/2472-30_T.pdf	2472/30
lk_extraordinary_gazettes_2020s	2026-01-21-2026-01-21-2472-30-si	2026-01-21-2472-30-si	2026-01-21	Land Title Settlement Department	https://documents.gov.lk/view/extra-gazettes/egz_2026.html	si	https://documents.gov.lk/view/extra-gazettes/2026/1/2472-30_S.pdf	2472/30
lk_extraordinary_gazettes_2020s	2026-01-21-2026-01-21-2472-30-en	2026-01-21-2472-30-en	2026-01-21	Land Title Settlement Department	https://documents.gov.lk/view/extra-gazettes/egz_2026.html	en	https://documents.gov.lk/view/extra-gazettes/2026/1/2472-30_E.pdf	2472/30
lk_extraordinary_gazettes_2020s	2026-01-21-2026-01-21-2472-29-si	2026-01-21-2472-29-si	2026-01-21	Land Title Settlement Dept- Imbulanwala, Meerigama D/S/D, Gampaha District (25/5514269)	https://documents.gov.lk/view/extra-gazettes/egz_2026.html	si	https://documents.gov.lk/view/extra-gazettes/2026/1/2472-29_S.pdf	2472/29
lk_extraordinary_gazettes_2020s	2026-01-21-2026-01-21-2472-29-en	2026-01-21-2472-29-en	2026-01-21	Land Title Settlement Dept- Imbulanwala, Meerigama D/S/D, Gampaha District (25/5514269)	https://documents.gov.lk/view/extra-gazettes/egz_2026.html	en	https://documents.gov.lk/view/extra-gazettes/2026/1/2472-29_E.pdf	2472/29
lk_extraordinary_gazettes_2020s	2026-01-21-2026-01-21-2472-28-ta	2026-01-21-2472-28-ta	2026-01-21	Land Title Settlement Dept - Muddaragama, Meerigama D/S/D, Gampaha District (25/55085)	https://documents.gov.lk/view/extra-gazettes/egz_2026.html	ta	https://documents.gov.lk/view/extra-gazettes/2026/1/2472-28_T.pdf	2472/28
lk_extraordinary_gazettes_2020s	2026-01-21-2026-01-21-2472-28-si	2026-01-21-2472-28-si	2026-01-21	Land Title Settlement Dept - Muddaragama, Meerigama D/S/D, Gampaha District (25/55085)	https://documents.gov.lk/view/extra-gazettes/egz_2026.html	si	https://documents.gov.lk/view/extra-gazettes/2026/1/2472-28_S.pdf	2472/28
lk_extraordinary_gazettes_2020s	2026-01-21-2026-01-21-2472-28-en	2026-01-21-2472-28-en	2026-01-21	Land Title Settlement Dept - Muddaragama, Meerigama D/S/D, Gampaha District (25/55085)	https://documents.gov.lk/view/extra-gazettes/egz_2026.html	en	https://documents.gov.lk/view/extra-gazettes/2026/1/2472-28_E.pdf	2472/28
lk_extraordinary_gazettes_2020s	2026-01-21-2026-01-21-2472-24-ta	2026-01-21-2472-24-ta	2026-01-21	Public Utilities Commission of Sri Lanka - Sri Lanka Electricity Act, No. 20 of 2009 Electricity (Procedure for Review and Adjustment of Tariffs) Rules No. 01 of 2006)	https://documents.gov.lk/view/extra-gazettes/egz_2026.html	ta	https://documents.gov.lk/view/extra-gazettes/2026/1/2472-24_T.pdf	2472/24
lk_extraordinary_gazettes_2020s	2026-01-21-2026-01-21-2472-24-si	2026-01-21-2472-24-si	2026-01-21	Public Utilities Commission of Sri Lanka - Sri Lanka Electricity Act, No. 20 of 2009 Electricity (Procedure for Review and Adjustment of Tariffs) Rules No. 01 of 2006)	https://documents.gov.lk/view/extra-gazettes/egz_2026.html	si	https://documents.gov.lk/view/extra-gazettes/2026/1/2472-24_S.pdf	2472/24
lk_extraordinary_gazettes_2020s	2026-01-21-2026-01-21-2472-24-en	2026-01-21-2472-24-en	2026-01-21	Public Utilities Commission of Sri Lanka - Sri Lanka Electricity Act, No. 20 of 2009 Electricity (Procedure for Review and Adjustment of Tariffs) Rules No. 01 of 2006)	https://documents.gov.lk/view/extra-gazettes/egz_2026.html	en	https://documents.gov.lk/view/extra-gazettes/2026/1/2472-24_E.pdf	2472/24
lk_extraordinary_gazettes_2020s	2026-01-21-2026-01-21-2472-22-ta	2026-01-21-2472-22-ta	2026-01-21	Ministry of Digital Economy - Registration of Persons Act, No.32 of 1968. Order under Section 34. Extension of the Period.	https://documents.gov.lk/view/extra-gazettes/egz_2026.html	ta	https://documents.gov.lk/view/extra-gazettes/2026/1/2472-22_T.pdf	2472/22
lk_extraordinary_gazettes_2020s	2026-01-21-2026-01-21-2472-22-si	2026-01-21-2472-22-si	2026-01-21	Ministry of Digital Economy - Registration of Persons Act, No.32 of 1968. Order under Section 34. Extension of the Period.	https://documents.gov.lk/view/extra-gazettes/egz_2026.html	si	https://documents.gov.lk/view/extra-gazettes/2026/1/2472-22_S.pdf	2472/22
lk_extraordinary_gazettes_2020s	2026-01-21-2026-01-21-2472-22-en	2026-01-21-2472-22-en	2026-01-21	Ministry of Digital Economy - Registration of Persons Act, No.32 of 1968. Order under Section 34. Extension of the Period.	https://documents.gov.lk/view/extra-gazettes/egz_2026.html	en	https://documents.gov.lk/view/extra-gazettes/2026/1/2472-22_E.pdf	2472/22
lk_extraordinary_gazettes_2020s	2026-01-21-2026-01-21-2472-21-ta	2026-01-21-2472-21-ta	2026-01-21	Election Commission - Notice under Section 8 (9) of the Parliamentary Elections Act, No. 01 of 1981	https://documents.gov.lk/view/extra-gazettes/egz_2026.html	ta	https://documents.gov.lk/view/extra-gazettes/2026/1/2472-21_T.pdf	2472/21
lk_extraordinary_gazettes_2020s	2026-01-21-2026-01-21-2472-21-si	2026-01-21-2472-21-si	2026-01-21	Election Commission - Notice under Section 8 (9) of the Parliamentary Elections Act, No. 01 of 1981	https://documents.gov.lk/view/extra-gazettes/egz_2026.html	si	https://documents.gov.lk/view/extra-gazettes/2026/1/2472-21_S.pdf	2472/21
lk_extraordinary_gazettes_2020s	2026-01-21-2026-01-21-2472-21-en	2026-01-21-2472-21-en	2026-01-21	Election Commission - Notice under Section 8 (9) of the Parliamentary Elections Act, No. 01 of 1981	https://documents.gov.lk/view/extra-gazettes/egz_2026.html	en	https://documents.gov.lk/view/extra-gazettes/2026/1/2472-21_E.pdf	2472/21
lk_extraordinary_gazettes_2020s	2026-01-21-2026-01-21-2472-19-si	2026-01-21-2472-19-si	2026-01-21	Election Commission - Filling of a Vacancy in the Office of Member of the Karandeniya P.S	https://documents.gov.lk/view/extra-gazettes/egz_2026.html	si	https://documents.gov.lk/view/extra-gazettes/2026/1/2472-19_S.pdf	2472/19
lk_extraordinary_gazettes_2020s	2026-01-21-2026-01-21-2472-19-en	2026-01-21-2472-19-en	2026-01-21	Election Commission - Filling of a Vacancy in the Office of Member of the Karandeniya P.S	https://documents.gov.lk/view/extra-gazettes/egz_2026.html	en	https://documents.gov.lk/view/extra-gazettes/2026/1/2472-19_E.pdf	2472/19
lk_extraordinary_gazettes_2020s	2026-01-20-2026-01-20-2472-18-ta	2026-01-20-2472-18-ta	2026-01-20	Land Acquisition - Dankoyuwa, Dankotuwa D/S/D, Puttalam District	https://documents.gov.lk/view/extra-gazettes/egz_2026.html	ta	https://documents.gov.lk/view/extra-gazettes/2026/1/2472-18_T.pdf	2472/18
lk_extraordinary_gazettes_2020s	2026-01-20-2026-01-20-2472-18-si	2026-01-20-2472-18-si	2026-01-20	Land Acquisition - Dankoyuwa, Dankotuwa D/S/D, Puttalam District	https://documents.gov.lk/view/extra-gazettes/egz_2026.html	si	https://documents.gov.lk/view/extra-gazettes/2026/1/2472-18_S.pdf	2472/18
lk_extraordinary_gazettes_2020s	2026-01-20-2026-01-20-2472-18-en	2026-01-20-2472-18-en	2026-01-20	Land Acquisition - Dankoyuwa, Dankotuwa D/S/D, Puttalam District	https://documents.gov.lk/view/extra-gazettes/egz_2026.html	en	https://documents.gov.lk/view/extra-gazettes/2026/1/2472-18_E.pdf	2472/18
lk_extraordinary_gazettes_2020s	2026-01-20-2026-01-20-2472-17-ta	2026-01-20-2472-17-ta	2026-01-20	Governor's Office - Western Province - Order Made under Section 203 of the Urban Councils Ordinance Order	https://documents.gov.lk/view/extra-gazettes/egz_2026.html	ta	https://documents.gov.lk/view/extra-gazettes/2026/1/2472-17_T.pdf	2472/17
lk_extraordinary_gazettes_2020s	2026-01-20-2026-01-20-2472-17-si	2026-01-20-2472-17-si	2026-01-20	Governor's Office - Western Province - Order Made under Section 203 of the Urban Councils Ordinance Order	https://documents.gov.lk/view/extra-gazettes/egz_2026.html	si	https://documents.gov.lk/view/extra-gazettes/2026/1/2472-17_S.pdf	2472/17
lk_extraordinary_gazettes_2020s	2026-01-20-2026-01-20-2472-17-en	2026-01-20-2472-17-en	2026-01-20	Governor's Office - Western Province - Order Made under Section 203 of the Urban Councils Ordinance Order	https://documents.gov.lk/view/extra-gazettes/egz_2026.html	en	https://documents.gov.lk/view/extra-gazettes/2026/1/2472-17_E.pdf	2472/17
lk_extraordinary_gazettes_2020s	2026-01-20-2026-01-20-2472-16-ta	2026-01-20-2472-16-ta	2026-01-20	Land Acquisition - Udugama, Nagoda D/S/D, Galle District	https://documents.gov.lk/view/extra-gazettes/egz_2026.html	ta	https://documents.gov.lk/view/extra-gazettes/2026/1/2472-16_T.pdf	2472/16
lk_extraordinary_gazettes_2020s	2026-01-20-2026-01-20-2472-16-si	2026-01-20-2472-16-si	2026-01-20	Land Acquisition	https://documents.gov.lk/view/extra-gazettes/egz_2026.html	si	https://documents.gov.lk/view/extra-gazettes/2026/1/2472-16_S.pdf	2472/16
lk_extraordinary_gazettes_2020s	2026-01-20-2026-01-20-2472-16-en	2026-01-20-2472-16-en	2026-01-20	Land Acquisition	https://documents.gov.lk/view/extra-gazettes/egz_2026.html	en	https://documents.gov.lk/view/extra-gazettes/2026/1/2472-16_E.pdf	2472/16
lk_extraordinary_gazettes_2020s	2026-01-20-2026-01-20-2472-14-ta	2026-01-20-2472-14-ta	2026-01-20	Land Title Settlement Dept -Part of Sinhapitiya North, Doluwa D/S/D, Kandy District (25/5514259)	https://documents.gov.lk/view/extra-gazettes/egz_2026.html	ta	https://documents.gov.lk/view/extra-gazettes/2026/1/2472-14_T.pdf	2472/14
lk_extraordinary_gazettes_2020s	2026-01-20-2026-01-20-2472-14-si	2026-01-20-2472-14-si	2026-01-20	Land Title Settlement Dept -Part of Sinhapitiya North, Doluwa D/S/D, Kandy District (25/5514259)	https://documents.gov.lk/view/extra-gazettes/egz_2026.html	si	https://documents.gov.lk/view/extra-gazettes/2026/1/2472-14_S.pdf	2472/14
lk_extraordinary_gazettes_2020s	2026-01-20-2026-01-20-2472-14-en	2026-01-20-2472-14-en	2026-01-20	Land Title Settlement Dept -Part of Sinhapitiya North, Doluwa D/S/D, Kandy District (25/5514259)	https://documents.gov.lk/view/extra-gazettes/egz_2026.html	en	https://documents.gov.lk/view/extra-gazettes/2026/1/2472-14_E.pdf	2472/14
lk_extraordinary_gazettes_2020s	2026-01-20-2026-01-20-2472-13-ta	2026-01-20-2472-13-ta	2026-01-20	Land Acquisition	https://documents.gov.lk/view/extra-gazettes/egz_2026.html	ta	https://documents.gov.lk/view/extra-gazettes/2026/1/2472-13_T.pdf	2472/13
lk_extraordinary_gazettes_2020s	2026-01-20-2026-01-20-2472-13-si	2026-01-20-2472-13-si	2026-01-20	Land Acquisition	https://documents.gov.lk/view/extra-gazettes/egz_2026.html	si	https://documents.gov.lk/view/extra-gazettes/2026/1/2472-13_S.pdf	2472/13
lk_extraordinary_gazettes_2020s	2026-01-20-2026-01-20-2472-13-en	2026-01-20-2472-13-en	2026-01-20	Land Acquisition	https://documents.gov.lk/view/extra-gazettes/egz_2026.html	en	https://documents.gov.lk/view/extra-gazettes/2026/1/2472-13_E.pdf	2472/13
lk_extraordinary_gazettes_2020s	2026-01-20-2026-01-20-2472-12-si	2026-01-20-2472-12-si	2026-01-20	Land Title Settlement Dept - Batakettara, Kesbewa D/S/D, Colombo District (25/55077)	https://documents.gov.lk/view/extra-gazettes/egz_2026.html	si	https://documents.gov.lk/view/extra-gazettes/2026/1/2472-12_S.pdf	2472/12
lk_extraordinary_gazettes_2020s	2026-01-20-2026-01-20-2472-12-en	2026-01-20-2472-12-en	2026-01-20	Land Title Settlement Dept - Batakettara, Kesbewa D/S/D, Colombo District (25/55077)	https://documents.gov.lk/view/extra-gazettes/egz_2026.html	en	https://documents.gov.lk/view/extra-gazettes/2026/1/2472-12_E.pdf	2472/12
lk_extraordinary_gazettes_2020s	2026-01-20-2026-01-20-2472-11-ta	2026-01-20-2472-11-ta	2026-01-20	Land Title Settlement Dept- Katuneriya, Naththandiya D/S/D, Puttalam District (25/1200160)	https://documents.gov.lk/view/extra-gazettes/egz_2026.html	ta	https://documents.gov.lk/view/extra-gazettes/2026/1/2472-11_T.pdf	2472/11
lk_extraordinary_gazettes_2020s	2026-01-20-2026-01-20-2472-11-si	2026-01-20-2472-11-si	2026-01-20	Land Title Settlement Dept- Katuneriya, Naththandiya D/S/D, Puttalam District (25/1200160)	https://documents.gov.lk/view/extra-gazettes/egz_2026.html	si	https://documents.gov.lk/view/extra-gazettes/2026/1/2472-11_S.pdf	2472/11
lk_extraordinary_gazettes_2020s	2026-01-20-2026-01-20-2472-11-en	2026-01-20-2472-11-en	2026-01-20	Land Title Settlement Dept- Katuneriya, Naththandiya D/S/D, Puttalam District (25/1200160)	https://documents.gov.lk/view/extra-gazettes/egz_2026.html	en	https://documents.gov.lk/view/extra-gazettes/2026/1/2472-11_E.pdf	2472/11
lk_extraordinary_gazettes_2020s	2026-01-20-2026-01-20-2472-10-si	2026-01-20-2472-10-si	2026-01-20	Land Title Settlement Dept - Mahakanadarawa Wam Iwura yaya 01, Mihinthale D/S/D, Anuradhapura District (25/1200161)	https://documents.gov.lk/view/extra-gazettes/egz_2026.html	si	https://documents.gov.lk/view/extra-gazettes/2026/1/2472-10_S.pdf	2472/10
lk_extraordinary_gazettes_2020s	2026-01-20-2026-01-20-2472-10-en	2026-01-20-2472-10-en	2026-01-20	Land Title Settlement Dept - Mahakanadarawa Wam Iwura yaya 01, Mihinthale D/S/D, Anuradhapura District (25/1200161)	https://documents.gov.lk/view/extra-gazettes/egz_2026.html	en	https://documents.gov.lk/view/extra-gazettes/2026/1/2472-10_E.pdf	2472/10
lk_extraordinary_gazettes_2020s	2026-01-20-2026-01-20-2472-09-ta	2026-01-20-2472-09-ta	2026-01-20	Land Title Settlement Department	https://documents.gov.lk/view/extra-gazettes/egz_2026.html	ta	https://documents.gov.lk/view/extra-gazettes/2026/1/2472-09_T.pdf	2472/09
lk_extraordinary_gazettes_2020s	2026-01-20-2026-01-20-2472-09-si	2026-01-20-2472-09-si	2026-01-20	Land Title Settlement Department	https://documents.gov.lk/view/extra-gazettes/egz_2026.html	si	https://documents.gov.lk/view/extra-gazettes/2026/1/2472-09_S.pdf	2472/09
lk_extraordinary_gazettes_2020s	2026-01-20-2026-01-20-2472-09-en	2026-01-20-2472-09-en	2026-01-20	Land Title Settlement Department	https://documents.gov.lk/view/extra-gazettes/egz_2026.html	en	https://documents.gov.lk/view/extra-gazettes/2026/1/2472-09_E.pdf	2472/09
lk_extraordinary_gazettes_2020s	2026-01-20-2026-01-20-2472-08-si	2026-01-20-2472-08-si	2026-01-20	Land Title Settlement Department	https://documents.gov.lk/view/extra-gazettes/egz_2026.html	si	https://documents.gov.lk/view/extra-gazettes/2026/1/2472-08_S.pdf	2472/08
lk_extraordinary_gazettes_2020s	2026-01-20-2026-01-20-2472-08-en	2026-01-20-2472-08-en	2026-01-20	Land Title Settlement Department	https://documents.gov.lk/view/extra-gazettes/egz_2026.html	en	https://documents.gov.lk/view/extra-gazettes/2026/1/2472-08_E.pdf	2472/08
lk_extraordinary_gazettes_2020s	2026-01-20-2026-01-20-2472-07-ta	2026-01-20-2472-07-ta	2026-01-20	Election Commission	https://documents.gov.lk/view/extra-gazettes/egz_2026.html	ta	https://documents.gov.lk/view/extra-gazettes/2026/1/2472-07_T.pdf	2472/07
lk_extraordinary_gazettes_2020s	2026-01-20-2026-01-20-2472-07-si	2026-01-20-2472-07-si	2026-01-20	2472/07	https://documents.gov.lk/view/extra-gazettes/egz_2026.html	si	https://documents.gov.lk/view/extra-gazettes/2026/1/2472-07_S.pdf	2472/07
lk_extraordinary_gazettes_2020s	2026-01-20-2026-01-20-2472-07-en	2026-01-20-2472-07-en	2026-01-20	2472/07	https://documents.gov.lk/view/extra-gazettes/egz_2026.html	en	https://documents.gov.lk/view/extra-gazettes/2026/1/2472-07_E.pdf	2472/07
lk_extraordinary_gazettes_2020s	2026-01-20-2026-01-20-2472-06-si	2026-01-20-2472-06-si	2026-01-20	Ministry of Labour - Industrial Dispute between D.S. Aththanayake and Lanka Sugar Company (Pvt) Ltd.	https://documents.gov.lk/view/extra-gazettes/egz_2026.html	si	https://documents.gov.lk/view/extra-gazettes/2026/1/2472-06_S.pdf	2472/06
lk_extraordinary_gazettes_2020s	2026-01-20-2026-01-20-2472-05-si	2026-01-20-2472-05-si	2026-01-20	"Ministry of Labour - Industrial Dispute Between H.P.M.S.H..K. Podinilame and Construction Industrial Development Authority
P. Sisira and Sri Lanka Transport Board."	https://documents.gov.lk/view/extra-gazettes/egz_2026.html	si	https://documents.gov.lk/view/extra-gazettes/2026/1/2472-05_S.pdf	2472/05
lk_extraordinary_gazettes_2020s	2026-01-20-2026-01-20-2472-04-ta	2026-01-20-2472-04-ta	2026-01-20	Election Commission - Under Section 10A  (1) (a) Vacated the Office of Member of Mannar Urban Council	https://documents.gov.lk/view/extra-gazettes/egz_2026.html	ta	https://documents.gov.lk/view/extra-gazettes/2026/1/2472-04_T.pdf	2472/04
lk_extraordinary_gazettes_2020s	2026-01-20-2026-01-20-2472-04-si	2026-01-20-2472-04-si	2026-01-20	Election Commission - Under Section 10A  (1) (a) Vacated the Office of Member of Mannar Urban Council	https://documents.gov.lk/view/extra-gazettes/egz_2026.html	si	https://documents.gov.lk/view/extra-gazettes/2026/1/2472-04_S.pdf	2472/04
lk_extraordinary_gazettes_2020s	2026-01-20-2026-01-20-2472-04-en	2026-01-20-2472-04-en	2026-01-20	Election Commission - Under Section 10A  (1) (a) Vacated the Office of Member of Mannar Urban Council	https://documents.gov.lk/view/extra-gazettes/egz_2026.html	en	https://documents.gov.lk/view/extra-gazettes/2026/1/2472-04_E.pdf	2472/04
lk_extraordinary_gazettes_2020s	2026-01-20-2026-01-20-2472-03-ta	2026-01-20-2472-03-ta	2026-01-20	Election Commission - Rohan Pieris of the Galigamuwa Pradeshiya SabhaHas Been Ceased to be a Member of that P.S	https://documents.gov.lk/view/extra-gazettes/egz_2026.html	ta	https://documents.gov.lk/view/extra-gazettes/2026/1/2472-03_T.pdf	2472/03
lk_extraordinary_gazettes_2020s	2026-01-20-2026-01-20-2472-03-si	2026-01-20-2472-03-si	2026-01-20	Election Commission - Rohan Pieris of the Galigamuwa Pradeshiya SabhaHas Been Ceased to be a Member of that P.S	https://documents.gov.lk/view/extra-gazettes/egz_2026.html	si	https://documents.gov.lk/view/extra-gazettes/2026/1/2472-03_S.pdf	2472/03
lk_extraordinary_gazettes_2020s	2026-01-20-2026-01-20-2472-03-en	2026-01-20-2472-03-en	2026-01-20	Election Commission - Rohan Pieris of the Galigamuwa Pradeshiya SabhaHas Been Ceased to be a Member of that P.S	https://documents.gov.lk/view/extra-gazettes/egz_2026.html	en	https://documents.gov.lk/view/extra-gazettes/2026/1/2472-03_E.pdf	2472/03
lk_extraordinary_gazettes_2020s	2026-01-19-2026-01-19-2472-02-ta	2026-01-19-2472-02-ta	2026-01-19	Presidential Secretariat - 75th Navy Anniversary Commemorative Medal.	https://documents.gov.lk/view/extra-gazettes/egz_2026.html	ta	https://documents.gov.lk/view/extra-gazettes/2026/1/2472-02_T.pdf	2472/02
lk_extraordinary_gazettes_2020s	2026-01-19-2026-01-19-2472-02-si	2026-01-19-2472-02-si	2026-01-19	Presidential Secretariat - 75th Navy Anniversary Commemorative Medal.	https://documents.gov.lk/view/extra-gazettes/egz_2026.html	si	https://documents.gov.lk/view/extra-gazettes/2026/1/2472-02_S.pdf	2472/02
lk_extraordinary_gazettes_2020s	2026-01-19-2026-01-19-2472-02-en	2026-01-19-2472-02-en	2026-01-19	Presidential Secretariat - 75th Navy Anniversary Commemorative Medal.	https://documents.gov.lk/view/extra-gazettes/egz_2026.html	en	https://documents.gov.lk/view/extra-gazettes/2026/1/2472-02_E.pdf	2472/02
lk_extraordinary_gazettes_2020s	2026-01-19-2026-01-19-2472-01-ta	2026-01-19-2472-01-ta	2026-01-19	Sri Lanka Customs - Rates of Exchange	https://documents.gov.lk/view/extra-gazettes/egz_2026.html	ta	https://documents.gov.lk/view/extra-gazettes/2026/1/2472-01_T.pdf	2472/01
lk_extraordinary_gazettes_2020s	2026-01-19-2026-01-19-2472-01-si	2026-01-19-2472-01-si	2026-01-19	Sri Lanka Customs - Rates of Exchange	https://documents.gov.lk/view/extra-gazettes/egz_2026.html	si	https://documents.gov.lk/view/extra-gazettes/2026/1/2472-01_S.pdf	2472/01
lk_extraordinary_gazettes_2020s	2026-01-19-2026-01-19-2472-01-en	2026-01-19-2472-01-en	2026-01-19	Sri Lanka Customs - Rates of Exchange	https://documents.gov.lk/view/extra-gazettes/egz_2026.html	en	https://documents.gov.lk/view/extra-gazettes/2026/1/2472-01_E.pdf	2472/01
lk_extraordinary_gazettes_2020s	2026-01-17-2026-01-17-2471-83-ta	2026-01-17-2471-83-ta	2026-01-17	2471/83	https://documents.gov.lk/view/extra-gazettes/egz_2026.html	ta	https://documents.gov.lk/view/extra-gazettes/2026/1/2471-83_T.pdf	2471/83
lk_extraordinary_gazettes_2020s	2026-01-17-2026-01-17-2471-83-si	2026-01-17-2471-83-si	2026-01-17	Land Acquisition	https://documents.gov.lk/view/extra-gazettes/egz_2026.html	si	https://documents.gov.lk/view/extra-gazettes/2026/1/2471-83_S.pdf	2471/83
lk_extraordinary_gazettes_2020s	2026-01-17-2026-01-17-2471-83-en	2026-01-17-2471-83-en	2026-01-17	Land Acquisition	https://documents.gov.lk/view/extra-gazettes/egz_2026.html	en	https://documents.gov.lk/view/extra-gazettes/2026/1/2471-83_E.pdf	2471/83
lk_extraordinary_gazettes_2020s	2026-01-17-2026-01-17-2471-81-ta	2026-01-17-2471-81-ta	2026-01-17	Land Title Settlement Dept	https://documents.gov.lk/view/extra-gazettes/egz_2026.html	ta	https://documents.gov.lk/view/extra-gazettes/2026/1/2471-81_T.pdf	2471/81
lk_extraordinary_gazettes_2020s	2026-01-17-2026-01-17-2471-81-si	2026-01-17-2471-81-si	2026-01-17	Land Title Settlement Dept	https://documents.gov.lk/view/extra-gazettes/egz_2026.html	si	https://documents.gov.lk/view/extra-gazettes/2026/1/2471-81_S.pdf	2471/81
lk_extraordinary_gazettes_2020s	2026-01-17-2026-01-17-2471-81-en	2026-01-17-2471-81-en	2026-01-17	Land Title Settlement Dept	https://documents.gov.lk/view/extra-gazettes/egz_2026.html	en	https://documents.gov.lk/view/extra-gazettes/2026/1/2471-81_E.pdf	2471/81
lk_extraordinary_gazettes_2020s	2026-01-17-2026-01-17-2471-80-ta	2026-01-17-2471-80-ta	2026-01-17	Land Title Settlement Department	https://documents.gov.lk/view/extra-gazettes/egz_2026.html	ta	https://documents.gov.lk/view/extra-gazettes/2026/1/2471-80_T.pdf	2471/80
lk_extraordinary_gazettes_2020s	2026-01-17-2026-01-17-2471-80-si	2026-01-17-2471-80-si	2026-01-17	Land Title Settlement Department	https://documents.gov.lk/view/extra-gazettes/egz_2026.html	si	https://documents.gov.lk/view/extra-gazettes/2026/1/2471-80_S.pdf	2471/80
lk_extraordinary_gazettes_2020s	2026-01-17-2026-01-17-2471-80-en	2026-01-17-2471-80-en	2026-01-17	Land Title Settlement Department	https://documents.gov.lk/view/extra-gazettes/egz_2026.html	en	https://documents.gov.lk/view/extra-gazettes/2026/1/2471-80_E.pdf	2471/80
lk_extraordinary_gazettes_2020s	2026-01-17-2026-01-17-2471-79-ta	2026-01-17-2471-79-ta	2026-01-17	Land Title Settlement Dept	https://documents.gov.lk/view/extra-gazettes/egz_2026.html	ta	https://documents.gov.lk/view/extra-gazettes/2026/1/2471-79_T.pdf	2471/79
lk_extraordinary_gazettes_2020s	2026-01-17-2026-01-17-2471-78-ta	2026-01-17-2471-78-ta	2026-01-17	Land Title Settlement Department	https://documents.gov.lk/view/extra-gazettes/egz_2026.html	ta	https://documents.gov.lk/view/extra-gazettes/2026/1/2471-78_T.pdf	2471/78
lk_extraordinary_gazettes_2020s	2026-01-17-2026-01-17-2471-78-si	2026-01-17-2471-78-si	2026-01-17	Land Title Settlement Department	https://documents.gov.lk/view/extra-gazettes/egz_2026.html	si	https://documents.gov.lk/view/extra-gazettes/2026/1/2471-78_S.pdf	2471/78
lk_extraordinary_gazettes_2020s	2026-01-17-2026-01-17-2471-78-en	2026-01-17-2471-78-en	2026-01-17	Land Title Settlement Department	https://documents.gov.lk/view/extra-gazettes/egz_2026.html	en	https://documents.gov.lk/view/extra-gazettes/2026/1/2471-78_E.pdf	2471/78
lk_extraordinary_gazettes_2020s	2026-01-17-2026-01-17-2471-77-si	2026-01-17-2471-77-si	2026-01-17	Land Title Settlement Dept	https://documents.gov.lk/view/extra-gazettes/egz_2026.html	si	https://documents.gov.lk/view/extra-gazettes/2026/1/2471-77_S.pdf	2471/77
lk_extraordinary_gazettes_2020s	2026-01-17-2026-01-17-2471-77-en	2026-01-17-2471-77-en	2026-01-17	Land Title Settlement Dept	https://documents.gov.lk/view/extra-gazettes/egz_2026.html	en	https://documents.gov.lk/view/extra-gazettes/2026/1/2471-77_E.pdf	2471/77
lk_extraordinary_gazettes_2020s	2026-01-17-2026-01-17-2471-76-si	2026-01-17-2471-76-si	2026-01-17	Land Title Settlement Dept	https://documents.gov.lk/view/extra-gazettes/egz_2026.html	si	https://documents.gov.lk/view/extra-gazettes/2026/1/2471-76_S.pdf	2471/76
lk_extraordinary_gazettes_2020s	2026-01-17-2026-01-17-2471-76-en	2026-01-17-2471-76-en	2026-01-17	Land Title Settlement Dept	https://documents.gov.lk/view/extra-gazettes/egz_2026.html	en	https://documents.gov.lk/view/extra-gazettes/2026/1/2471-76_E.pdf	2471/76
lk_extraordinary_gazettes_2020s	2026-01-17-2026-01-17-2471-74-ta	2026-01-17-2471-74-ta	2026-01-17	Land Title Settlement Department	https://documents.gov.lk/view/extra-gazettes/egz_2026.html	ta	https://documents.gov.lk/view/extra-gazettes/2026/1/2471-74_T.pdf	2471/74
lk_extraordinary_gazettes_2020s	2026-01-17-2026-01-17-2471-74-si	2026-01-17-2471-74-si	2026-01-17	Land Title Settlement Department	https://documents.gov.lk/view/extra-gazettes/egz_2026.html	si	https://documents.gov.lk/view/extra-gazettes/2026/1/2471-74_S.pdf	2471/74
lk_extraordinary_gazettes_2020s	2026-01-17-2026-01-17-2471-74-en	2026-01-17-2471-74-en	2026-01-17	Land Title Settlement Department	https://documents.gov.lk/view/extra-gazettes/egz_2026.html	en	https://documents.gov.lk/view/extra-gazettes/2026/1/2471-74_E.pdf	2471/74
lk_extraordinary_gazettes_2020s	2026-01-17-2026-01-17-2471-73-ta	2026-01-17-2471-73-ta	2026-01-17	2471/73	https://documents.gov.lk/view/extra-gazettes/egz_2026.html	ta	https://documents.gov.lk/view/extra-gazettes/2026/1/2471-73_T.pdf	2471/73
lk_extraordinary_gazettes_2020s	2026-01-17-2026-01-17-2471-73-si	2026-01-17-2471-73-si	2026-01-17	Land Acquisition	https://documents.gov.lk/view/extra-gazettes/egz_2026.html	si	https://documents.gov.lk/view/extra-gazettes/2026/1/2471-73_S.pdf	2471/73
lk_extraordinary_gazettes_2020s	2026-01-17-2026-01-17-2471-73-en	2026-01-17-2471-73-en	2026-01-17	Land Acquisition	https://documents.gov.lk/view/extra-gazettes/egz_2026.html	en	https://documents.gov.lk/view/extra-gazettes/2026/1/2471-73_E.pdf	2471/73
lk_extraordinary_gazettes_2020s	2026-01-17-2026-01-17-2471-72-ta	2026-01-17-2471-72-ta	2026-01-17	Colombo Municipal Council - Imposed a Levy of License Fees and Tax for the Year 2026	https://documents.gov.lk/view/extra-gazettes/egz_2026.html	ta	https://documents.gov.lk/view/extra-gazettes/2026/1/2471-72_T.pdf	2471/72
lk_extraordinary_gazettes_2020s	2026-01-17-2026-01-17-2471-72-si	2026-01-17-2471-72-si	2026-01-17	Colombo Municipal Council - Imposed a Levy of License Fees and Tax for the Year 2026	https://documents.gov.lk/view/extra-gazettes/egz_2026.html	si	https://documents.gov.lk/view/extra-gazettes/2026/1/2471-72_S.pdf	2471/72
lk_extraordinary_gazettes_2020s	2026-01-17-2026-01-17-2471-72-en	2026-01-17-2471-72-en	2026-01-17	Colombo Municipal Council - Imposed a Levy of License Fees and Tax for the Year 2026	https://documents.gov.lk/view/extra-gazettes/egz_2026.html	en	https://documents.gov.lk/view/extra-gazettes/2026/1/2471-72_E.pdf	2471/72
lk_extraordinary_gazettes_2020s	2026-01-17-2026-01-17-2471-71-ta	2026-01-17-2471-71-ta	2026-01-17	Land Title Settlement Department	https://documents.gov.lk/view/extra-gazettes/egz_2026.html	ta	https://documents.gov.lk/view/extra-gazettes/2026/1/2471-71_T.pdf	2471/71
lk_extraordinary_gazettes_2020s	2026-01-17-2026-01-17-2471-71-si	2026-01-17-2471-71-si	2026-01-17	Land Title Settlement Department	https://documents.gov.lk/view/extra-gazettes/egz_2026.html	si	https://documents.gov.lk/view/extra-gazettes/2026/1/2471-71_S.pdf	2471/71
lk_extraordinary_gazettes_2020s	2026-01-17-2026-01-17-2471-71-en	2026-01-17-2471-71-en	2026-01-17	Land Title Settlement Department	https://documents.gov.lk/view/extra-gazettes/egz_2026.html	en	https://documents.gov.lk/view/extra-gazettes/2026/1/2471-71_E.pdf	2471/71
lk_extraordinary_gazettes_2020s	2026-01-17-2026-01-17-2471-70-ta	2026-01-17-2471-70-ta	2026-01-17	Land Aquisition - Karainagar, Karainagar D/S Division, Jaffna District sec 05	https://documents.gov.lk/view/extra-gazettes/egz_2026.html	ta	https://documents.gov.lk/view/extra-gazettes/2026/1/2471-70_T.pdf	2471/70
lk_extraordinary_gazettes_2020s	2026-01-17-2026-01-17-2471-70-si	2026-01-17-2471-70-si	2026-01-17	Land Aquisition - Karainagar, Karainagar D/S Division, Jaffna District sec 05	https://documents.gov.lk/view/extra-gazettes/egz_2026.html	si	https://documents.gov.lk/view/extra-gazettes/2026/1/2471-70_S.pdf	2471/70
lk_extraordinary_gazettes_2020s	2026-01-17-2026-01-17-2471-70-en	2026-01-17-2471-70-en	2026-01-17	Land Aquisition - Karainagar, Karainagar D/S Division, Jaffna District sec 05	https://documents.gov.lk/view/extra-gazettes/egz_2026.html	en	https://documents.gov.lk/view/extra-gazettes/2026/1/2471-70_E.pdf	2471/70
lk_extraordinary_gazettes_2020s	2026-01-17-2026-01-17-2471-68-si	2026-01-17-2471-68-si	2026-01-17	M/of Transport Highways and Urban Development - The Transfer of Passenger Service Permits Regulations Under the National Transport Commission Act, No. 37 of 1991	https://documents.gov.lk/view/extra-gazettes/egz_2026.html	si	https://documents.gov.lk/view/extra-gazettes/2026/1/2471-68_S.pdf	2471/68
lk_extraordinary_gazettes_2020s	2026-01-17-2026-01-17-2471-68-en	2026-01-17-2471-68-en	2026-01-17	M/of Transport Highways and Urban Development - The Transfer of Passenger Service Permits Regulations Under the National Transport Commission Act, No. 37 of 1991	https://documents.gov.lk/view/extra-gazettes/egz_2026.html	en	https://documents.gov.lk/view/extra-gazettes/2026/1/2471-68_E.pdf	2471/68
lk_extraordinary_gazettes_2020s	2026-01-16-2026-01-16-2471-67-ta	2026-01-16-2471-67-ta	2026-01-16	Election Commission - Notice under Section 66(2) Elected to the Members for Nochchiyagama P.S	https://documents.gov.lk/view/extra-gazettes/egz_2026.html	ta	https://documents.gov.lk/view/extra-gazettes/2026/1/2471-67_T.pdf	2471/67
lk_extraordinary_gazettes_2020s	2026-01-16-2026-01-16-2471-67-si	2026-01-16-2471-67-si	2026-01-16	2471/67	https://documents.gov.lk/view/extra-gazettes/egz_2026.html	si	https://documents.gov.lk/view/extra-gazettes/2026/1/2471-67_S.pdf	2471/67
lk_extraordinary_gazettes_2020s	2026-01-16-2026-01-16-2471-67-en	2026-01-16-2471-67-en	2026-01-16	2471/67	https://documents.gov.lk/view/extra-gazettes/egz_2026.html	en	https://documents.gov.lk/view/extra-gazettes/2026/1/2471-67_E.pdf	2471/67
lk_extraordinary_gazettes_2020s	2026-01-16-2026-01-16-2471-65-ta	2026-01-16-2471-65-ta	2026-01-16	Land Title Settlement Department	https://documents.gov.lk/view/extra-gazettes/egz_2026.html	ta	https://documents.gov.lk/view/extra-gazettes/2026/1/2471-65_T.pdf	2471/65
lk_extraordinary_gazettes_2020s	2026-01-16-2026-01-16-2471-65-si	2026-01-16-2471-65-si	2026-01-16	Land Title Settlement Department	https://documents.gov.lk/view/extra-gazettes/egz_2026.html	si	https://documents.gov.lk/view/extra-gazettes/2026/1/2471-65_S.pdf	2471/65
lk_extraordinary_gazettes_2020s	2026-01-16-2026-01-16-2471-65-en	2026-01-16-2471-65-en	2026-01-16	Land Title Settlement Department	https://documents.gov.lk/view/extra-gazettes/egz_2026.html	en	https://documents.gov.lk/view/extra-gazettes/2026/1/2471-65_E.pdf	2471/65
lk_extraordinary_gazettes_2020s	2026-01-16-2026-01-16-2471-64-si	2026-01-16-2471-64-si	2026-01-16	Land Title Settlement Department	https://documents.gov.lk/view/extra-gazettes/egz_2026.html	si	https://documents.gov.lk/view/extra-gazettes/2026/1/2471-64_S.pdf	2471/64
lk_extraordinary_gazettes_2020s	2026-01-16-2026-01-16-2471-64-en	2026-01-16-2471-64-en	2026-01-16	Land Title Settlement Department	https://documents.gov.lk/view/extra-gazettes/egz_2026.html	en	https://documents.gov.lk/view/extra-gazettes/2026/1/2471-64_E.pdf	2471/64
lk_extraordinary_gazettes_2020s	2026-01-16-2026-01-16-2471-62-ta	2026-01-16-2471-62-ta	2026-01-16	Land Title Settlement Dept	https://documents.gov.lk/view/extra-gazettes/egz_2026.html	ta	https://documents.gov.lk/view/extra-gazettes/2026/1/2471-62_T.pdf	2471/62
lk_extraordinary_gazettes_2020s	2026-01-16-2026-01-16-2471-62-si	2026-01-16-2471-62-si	2026-01-16	Land Title Settlement Dept	https://documents.gov.lk/view/extra-gazettes/egz_2026.html	si	https://documents.gov.lk/view/extra-gazettes/2026/1/2471-62_S.pdf	2471/62
lk_extraordinary_gazettes_2020s	2026-01-16-2026-01-16-2471-62-en	2026-01-16-2471-62-en	2026-01-16	Land Title Settlement Dept	https://documents.gov.lk/view/extra-gazettes/egz_2026.html	en	https://documents.gov.lk/view/extra-gazettes/2026/1/2471-62_E.pdf	2471/62
lk_extraordinary_gazettes_2020s	2026-01-16-2026-01-16-2471-60-ta	2026-01-16-2471-60-ta	2026-01-16	Land Title Settlement Dept	https://documents.gov.lk/view/extra-gazettes/egz_2026.html	ta	https://documents.gov.lk/view/extra-gazettes/2026/1/2471-60_T.pdf	2471/60
lk_extraordinary_gazettes_2020s	2026-01-16-2026-01-16-2471-60-si	2026-01-16-2471-60-si	2026-01-16	Land Title Settlement Dept	https://documents.gov.lk/view/extra-gazettes/egz_2026.html	si	https://documents.gov.lk/view/extra-gazettes/2026/1/2471-60_S.pdf	2471/60
lk_extraordinary_gazettes_2020s	2026-01-16-2026-01-16-2471-60-en	2026-01-16-2471-60-en	2026-01-16	Land Title Settlement Dept	https://documents.gov.lk/view/extra-gazettes/egz_2026.html	en	https://documents.gov.lk/view/extra-gazettes/2026/1/2471-60_E.pdf	2471/60
lk_extraordinary_gazettes_2020s	2026-01-16-2026-01-16-2471-58-ta	2026-01-16-2471-58-ta	2026-01-16	Land Acquisition	https://documents.gov.lk/view/extra-gazettes/egz_2026.html	ta	https://documents.gov.lk/view/extra-gazettes/2026/1/2471-58_T.pdf	2471/58
lk_extraordinary_gazettes_2020s	2026-01-16-2026-01-16-2471-58-si	2026-01-16-2471-58-si	2026-01-16	Land Acquisition	https://documents.gov.lk/view/extra-gazettes/egz_2026.html	si	https://documents.gov.lk/view/extra-gazettes/2026/1/2471-58_S.pdf	2471/58
lk_extraordinary_gazettes_2020s	2026-01-16-2026-01-16-2471-58-en	2026-01-16-2471-58-en	2026-01-16	Land Acquisition	https://documents.gov.lk/view/extra-gazettes/egz_2026.html	en	https://documents.gov.lk/view/extra-gazettes/2026/1/2471-58_E.pdf	2471/58
lk_extraordinary_gazettes_2020s	2026-01-16-2026-01-16-2471-57-si	2026-01-16-2471-57-si	2026-01-16	Ministry of Labour	https://documents.gov.lk/view/extra-gazettes/egz_2026.html	si	https://documents.gov.lk/view/extra-gazettes/2026/1/2471-57_S.pdf	2471/57
lk_extraordinary_gazettes_2020s	2026-01-16-2026-01-16-2471-56-si	2026-01-16-2471-56-si	2026-01-16	Ministry of Labour	https://documents.gov.lk/view/extra-gazettes/egz_2026.html	si	https://documents.gov.lk/view/extra-gazettes/2026/1/2471-56_S.pdf	2471/56
lk_extraordinary_gazettes_2020s	2026-01-16-2026-01-16-2471-55-ta	2026-01-16-2471-55-ta	2026-01-16	Legal Affairs Department - The Colombo Port City Economic Commission Act, No. 11 of 2021. Order Under Section 53. Amended Ex. Gazette No. 2445/03 14.07.2025.	https://documents.gov.lk/view/extra-gazettes/egz_2026.html	ta	https://documents.gov.lk/view/extra-gazettes/2026/1/2471-55_T.pdf	2471/55
lk_extraordinary_gazettes_2020s	2026-01-16-2026-01-16-2471-55-si	2026-01-16-2471-55-si	2026-01-16	Legal Affairs Department - The Colombo Port City Economic Commission Act, No. 11 of 2021. Order Under Section 53. Amended Ex. Gazette No. 2445/03 14.07.2025.	https://documents.gov.lk/view/extra-gazettes/egz_2026.html	si	https://documents.gov.lk/view/extra-gazettes/2026/1/2471-55_S.pdf	2471/55
lk_extraordinary_gazettes_2020s	2026-01-16-2026-01-16-2471-55-en	2026-01-16-2471-55-en	2026-01-16	Legal Affairs Department - The Colombo Port City Economic Commission Act, No. 11 of 2021. Order Under Section 53. Amended Ex. Gazette No. 2445/03 14.07.2025.	https://documents.gov.lk/view/extra-gazettes/egz_2026.html	en	https://documents.gov.lk/view/extra-gazettes/2026/1/2471-55_E.pdf	2471/55
lk_extraordinary_gazettes_2020s	2026-01-16-2026-01-16-2471-54-ta	2026-01-16-2471-54-ta	2026-01-16	Legal Affairs Department - The Colombo Port City Economic Commission Act, No. 11 of 2021. Order Under Section 53. Amended Ex. Gazette No. 2445/05 14.07.2025.	https://documents.gov.lk/view/extra-gazettes/egz_2026.html	ta	https://documents.gov.lk/view/extra-gazettes/2026/1/2471-54_T.pdf	2471/54
lk_extraordinary_gazettes_2020s	2026-01-16-2026-01-16-2471-54-si	2026-01-16-2471-54-si	2026-01-16	Legal Affairs Department - The Colombo Port City Economic Commission Act, No. 11 of 2021. Order Under Section 53. Amended Ex. Gazette No. 2445/05 14.07.2025.	https://documents.gov.lk/view/extra-gazettes/egz_2026.html	si	https://documents.gov.lk/view/extra-gazettes/2026/1/2471-54_S.pdf	2471/54
lk_extraordinary_gazettes_2020s	2026-01-16-2026-01-16-2471-54-en	2026-01-16-2471-54-en	2026-01-16	Legal Affairs Department - The Colombo Port City Economic Commission Act, No. 11 of 2021. Order Under Section 53. Amended Ex. Gazette No. 2445/05 14.07.2025.	https://documents.gov.lk/view/extra-gazettes/egz_2026.html	en	https://documents.gov.lk/view/extra-gazettes/2026/1/2471-54_E.pdf	2471/54
lk_extraordinary_gazettes_2020s	2026-01-16-2026-01-16-2471-53-ta	2026-01-16-2471-53-ta	2026-01-16	Legal Affairs Department - The Colombo Port City Economic Commission Act, No. 11 of 2021. Order Under Section 53. Amended Ex. Gazette No. 2445/04 14.07.2025.	https://documents.gov.lk/view/extra-gazettes/egz_2026.html	ta	https://documents.gov.lk/view/extra-gazettes/2026/1/2471-53_T.pdf	2471/53
lk_extraordinary_gazettes_2020s	2026-01-16-2026-01-16-2471-53-si	2026-01-16-2471-53-si	2026-01-16	Legal Affairs Department - The Colombo Port City Economic Commission Act, No. 11 of 2021. Order Under Section 53. Amended Ex. Gazette No. 2445/04 14.07.2025.	https://documents.gov.lk/view/extra-gazettes/egz_2026.html	si	https://documents.gov.lk/view/extra-gazettes/2026/1/2471-53_S.pdf	2471/53
lk_extraordinary_gazettes_2020s	2026-01-16-2026-01-16-2471-53-en	2026-01-16-2471-53-en	2026-01-16	Legal Affairs Department - The Colombo Port City Economic Commission Act, No. 11 of 2021. Order Under Section 53. Amended Ex. Gazette No. 2445/04 14.07.2025.	https://documents.gov.lk/view/extra-gazettes/egz_2026.html	en	https://documents.gov.lk/view/extra-gazettes/2026/1/2471-53_E.pdf	2471/53
lk_extraordinary_gazettes_2020s	2026-01-16-2026-01-16-2471-52-ta	2026-01-16-2471-52-ta	2026-01-16	Legal Affairs Department - The Colombo Port City Economic Commission Act, No. 11 of 2021. Order Under Section 53. Amended Ex. Gazette No. 2445/02 14.07.2025.	https://documents.gov.lk/view/extra-gazettes/egz_2026.html	ta	https://documents.gov.lk/view/extra-gazettes/2026/1/2471-52_T.pdf	2471/52
lk_extraordinary_gazettes_2020s	2026-01-16-2026-01-16-2471-52-si	2026-01-16-2471-52-si	2026-01-16	Legal Affairs Department - The Colombo Port City Economic Commission Act, No. 11 of 2021. Order Under Section 53. Amended Ex. Gazette No. 2445/02 14.07.2025.	https://documents.gov.lk/view/extra-gazettes/egz_2026.html	si	https://documents.gov.lk/view/extra-gazettes/2026/1/2471-52_S.pdf	2471/52
lk_extraordinary_gazettes_2020s	2026-01-16-2026-01-16-2471-52-en	2026-01-16-2471-52-en	2026-01-16	Legal Affairs Department - The Colombo Port City Economic Commission Act, No. 11 of 2021. Order Under Section 53. Amended Ex. Gazette No. 2445/02 14.07.2025.	https://documents.gov.lk/view/extra-gazettes/egz_2026.html	en	https://documents.gov.lk/view/extra-gazettes/2026/1/2471-52_E.pdf	2471/52
lk_extraordinary_gazettes_2020s	2026-01-16-2026-01-16-2471-51-ta	2026-01-16-2471-51-ta	2026-01-16	2471/51	https://documents.gov.lk/view/extra-gazettes/egz_2026.html	ta	https://documents.gov.lk/view/extra-gazettes/2026/1/2471-51_T.pdf	2471/51
lk_extraordinary_gazettes_2020s	2026-01-16-2026-01-16-2471-51-si	2026-01-16-2471-51-si	2026-01-16	2471/51	https://documents.gov.lk/view/extra-gazettes/egz_2026.html	si	https://documents.gov.lk/view/extra-gazettes/2026/1/2471-51_S.pdf	2471/51
lk_extraordinary_gazettes_2020s	2026-01-16-2026-01-16-2471-51-en	2026-01-16-2471-51-en	2026-01-16	2471/51	https://documents.gov.lk/view/extra-gazettes/egz_2026.html	en	https://documents.gov.lk/view/extra-gazettes/2026/1/2471-51_E.pdf	2471/51
lk_extraordinary_gazettes_2020s	2026-01-14-2026-01-14-2471-50-ta	2026-01-14-2471-50-ta	2026-01-14	Governor's Secretariat - Sabaragamuwa - Fifth Supplementary Financial statement 2025	https://documents.gov.lk/view/extra-gazettes/egz_2026.html	ta	https://documents.gov.lk/view/extra-gazettes/2026/1/2471-50_T.pdf	2471/50
lk_extraordinary_gazettes_2020s	2026-01-14-2026-01-14-2471-50-si	2026-01-14-2471-50-si	2026-01-14	Governor's Secretariat - Sabaragamuwa - Fifth Supplementary Financial statement 2025	https://documents.gov.lk/view/extra-gazettes/egz_2026.html	si	https://documents.gov.lk/view/extra-gazettes/2026/1/2471-50_S.pdf	2471/50
lk_extraordinary_gazettes_2020s	2026-01-14-2026-01-14-2471-50-en	2026-01-14-2471-50-en	2026-01-14	Governor's Secretariat - Sabaragamuwa - Fifth Supplementary Financial statement 2025	https://documents.gov.lk/view/extra-gazettes/egz_2026.html	en	https://documents.gov.lk/view/extra-gazettes/2026/1/2471-50_E.pdf	2471/50
lk_extraordinary_gazettes_2020s	2026-01-14-2026-01-14-2471-49-si	2026-01-14-2471-49-si	2026-01-14	Land Title Settlement Dept - Thudella, Ja - Ela  D/S/D, Gampaha District (25/0487)	https://documents.gov.lk/view/extra-gazettes/egz_2026.html	si	https://documents.gov.lk/view/extra-gazettes/2026/1/2471-49_S.pdf	2471/49
lk_extraordinary_gazettes_2020s	2026-01-14-2026-01-14-2471-49-en	2026-01-14-2471-49-en	2026-01-14	Land Title Settlement Dept - Thudella, Ja - Ela  D/S/D, Gampaha District (25/0487)	https://documents.gov.lk/view/extra-gazettes/egz_2026.html	en	https://documents.gov.lk/view/extra-gazettes/2026/1/2471-49_E.pdf	2471/49
lk_extraordinary_gazettes_2020s	2026-01-14-2026-01-14-2471-48-ta	2026-01-14-2471-48-ta	2026-01-14	Land Title Settlement Dept - Liyangahawaththa, Udunuwara D/S/D, kandy District (25/5514224)	https://documents.gov.lk/view/extra-gazettes/egz_2026.html	ta	https://documents.gov.lk/view/extra-gazettes/2026/1/2471-48_T.pdf	2471/48
lk_extraordinary_gazettes_2020s	2026-01-14-2026-01-14-2471-48-si	2026-01-14-2471-48-si	2026-01-14	2471/48	https://documents.gov.lk/view/extra-gazettes/egz_2026.html	si	https://documents.gov.lk/view/extra-gazettes/2026/1/2471-48_S.pdf	2471/48
lk_extraordinary_gazettes_2020s	2026-01-14-2026-01-14-2471-48-en	2026-01-14-2471-48-en	2026-01-14	2471/48	https://documents.gov.lk/view/extra-gazettes/egz_2026.html	en	https://documents.gov.lk/view/extra-gazettes/2026/1/2471-48_E.pdf	2471/48
lk_extraordinary_gazettes_2020s	2026-01-14-2026-01-14-2471-47-si	2026-01-14-2471-47-si	2026-01-14	Land Title Settlement Dept - Ilukwatta, Yatinuwara D/S/D, Kandy District (25/14-204-00051)	https://documents.gov.lk/view/extra-gazettes/egz_2026.html	si	https://documents.gov.lk/view/extra-gazettes/2026/1/2471-47_S.pdf	2471/47
lk_extraordinary_gazettes_2020s	2026-01-14-2026-01-14-2471-47-en	2026-01-14-2471-47-en	2026-01-14	Land Title Settlement Dept - Ilukwatta, Yatinuwara D/S/D, Kandy District (25/14-204-00051)	https://documents.gov.lk/view/extra-gazettes/egz_2026.html	en	https://documents.gov.lk/view/extra-gazettes/2026/1/2471-47_E.pdf	2471/47
lk_extraordinary_gazettes_2020s	2026-01-14-2026-01-14-2471-46-si	2026-01-14-2471-46-si	2026-01-14	Land Title Settlement Dept - Olugala, rathnapura D/S/D, Rathnapura District (25/14-204-00152)	https://documents.gov.lk/view/extra-gazettes/egz_2026.html	si	https://documents.gov.lk/view/extra-gazettes/2026/1/2471-46_S.pdf	2471/46
lk_extraordinary_gazettes_2020s	2026-01-14-2026-01-14-2471-46-en	2026-01-14-2471-46-en	2026-01-14	Land Title Settlement Dept - Olugala, rathnapura D/S/D, Rathnapura District (25/14-204-00152)	https://documents.gov.lk/view/extra-gazettes/egz_2026.html	en	https://documents.gov.lk/view/extra-gazettes/2026/1/2471-46_E.pdf	2471/46
lk_extraordinary_gazettes_2020s	2026-01-14-2026-01-14-2471-42-ta	2026-01-14-2471-42-ta	2026-01-14	Land Title Settlement Dept - Balalla, Maho D/S/D, Kurunegala District (25/0461)	https://documents.gov.lk/view/extra-gazettes/egz_2026.html	ta	https://documents.gov.lk/view/extra-gazettes/2026/1/2471-42_T.pdf	2471/42
lk_extraordinary_gazettes_2020s	2026-01-14-2026-01-14-2471-42-si	2026-01-14-2471-42-si	2026-01-14	Land Title Settlement Dept - Balalla, Maho D/S/D, Kurunegala District (25/0461)	https://documents.gov.lk/view/extra-gazettes/egz_2026.html	si	https://documents.gov.lk/view/extra-gazettes/2026/1/2471-42_S.pdf	2471/42
lk_extraordinary_gazettes_2020s	2026-01-14-2026-01-14-2471-42-en	2026-01-14-2471-42-en	2026-01-14	Land Title Settlement Dept - Balalla, Maho D/S/D, Kurunegala District (25/0461)	https://documents.gov.lk/view/extra-gazettes/egz_2026.html	en	https://documents.gov.lk/view/extra-gazettes/2026/1/2471-42_E.pdf	2471/42
lk_extraordinary_gazettes_2020s	2026-01-14-2026-01-14-2471-41-si	2026-01-14-2471-41-si	2026-01-14	Land Title Settlement Dept - Udamalwaththa, Kurunegala D/S/D, Kurunegala District (25/0401)	https://documents.gov.lk/view/extra-gazettes/egz_2026.html	si	https://documents.gov.lk/view/extra-gazettes/2026/1/2471-41_S.pdf	2471/41
lk_extraordinary_gazettes_2020s	2026-01-14-2026-01-14-2471-41-en	2026-01-14-2471-41-en	2026-01-14	Land Title Settlement Dept - Udamalwaththa, Kurunegala D/S/D, Kurunegala District (25/0401)	https://documents.gov.lk/view/extra-gazettes/egz_2026.html	en	https://documents.gov.lk/view/extra-gazettes/2026/1/2471-41_E.pdf	2471/41
lk_extraordinary_gazettes_2020s	2026-01-14-2026-01-14-2471-40-ta	2026-01-14-2471-40-ta	2026-01-14	Land Title Settlement Department â€“ Nikakotuwa, Mathale D/S/D, Mathale District (25/14-4-00029)	https://documents.gov.lk/view/extra-gazettes/egz_2026.html	ta	https://documents.gov.lk/view/extra-gazettes/2026/1/2471-40_T.pdf	2471/40
lk_extraordinary_gazettes_2020s	2026-01-14-2026-01-14-2471-40-si	2026-01-14-2471-40-si	2026-01-14	Land Title Settlement Department â€“ Nikakotuwa, Mathale D/S/D, Mathale District (25/14-4-00029)	https://documents.gov.lk/view/extra-gazettes/egz_2026.html	si	https://documents.gov.lk/view/extra-gazettes/2026/1/2471-40_S.pdf	2471/40
lk_extraordinary_gazettes_2020s	2026-01-14-2026-01-14-2471-40-en	2026-01-14-2471-40-en	2026-01-14	Land Title Settlement Department â€“ Nikakotuwa, Mathale D/S/D, Mathale District (25/14-4-00029)	https://documents.gov.lk/view/extra-gazettes/egz_2026.html	en	https://documents.gov.lk/view/extra-gazettes/2026/1/2471-40_E.pdf	2471/40
lk_extraordinary_gazettes_2020s	2026-01-14-2026-01-14-2471-39-ta	2026-01-14-2471-39-ta	2026-01-14	Land Title Settlement Dept. - Paranagampitiya, Ibbagamuwa D/S Division, Kurunegala District - (25/14-204-00229)	https://documents.gov.lk/view/extra-gazettes/egz_2026.html	ta	https://documents.gov.lk/view/extra-gazettes/2026/1/2471-39_T.pdf	2471/39
lk_extraordinary_gazettes_2020s	2026-01-14-2026-01-14-2471-39-si	2026-01-14-2471-39-si	2026-01-14	Land Title Settlement Dept. - Paranagampitiya, Ibbagamuwa D/S Division, Kurunegala District - (25/14-204-00229)	https://documents.gov.lk/view/extra-gazettes/egz_2026.html	si	https://documents.gov.lk/view/extra-gazettes/2026/1/2471-39_S.pdf	2471/39
lk_extraordinary_gazettes_2020s	2026-01-14-2026-01-14-2471-39-en	2026-01-14-2471-39-en	2026-01-14	Land Title Settlement Dept. - Paranagampitiya, Ibbagamuwa D/S Division, Kurunegala District - (25/14-204-00229)	https://documents.gov.lk/view/extra-gazettes/egz_2026.html	en	https://documents.gov.lk/view/extra-gazettes/2026/1/2471-39_E.pdf	2471/39
lk_extraordinary_gazettes_2020s	2026-01-14-2026-01-14-2471-38-ta	2026-01-14-2471-38-ta	2026-01-14	Land Title Settlement Department â€“ Godagama, Matara D/S/D, Matara District (25/14-204-00070)	https://documents.gov.lk/view/extra-gazettes/egz_2026.html	ta	https://documents.gov.lk/view/extra-gazettes/2026/1/2471-38_T.pdf	2471/38
lk_extraordinary_gazettes_2020s	2026-01-14-2026-01-14-2471-37-ta	2026-01-14-2471-37-ta	2026-01-14	Land Title Settlement Dept. - Gonakumbura, Pelmadulla D/S Division, Rathnapura District - (25/14-204-00240)	https://documents.gov.lk/view/extra-gazettes/egz_2026.html	ta	https://documents.gov.lk/view/extra-gazettes/2026/1/2471-37_T.pdf	2471/37
lk_extraordinary_gazettes_2020s	2026-01-14-2026-01-14-2471-37-si	2026-01-14-2471-37-si	2026-01-14	Land Title Settlement Dept. - Gonakumbura, Pelmadulla D/S Division, Rathnapura District - (25/14-204-00240)	https://documents.gov.lk/view/extra-gazettes/egz_2026.html	si	https://documents.gov.lk/view/extra-gazettes/2026/1/2471-37_S.pdf	2471/37
lk_extraordinary_gazettes_2020s	2026-01-14-2026-01-14-2471-37-en	2026-01-14-2471-37-en	2026-01-14	Land Title Settlement Dept. - Gonakumbura, Pelmadulla D/S Division, Rathnapura District - (25/14-204-00240)	https://documents.gov.lk/view/extra-gazettes/egz_2026.html	en	https://documents.gov.lk/view/extra-gazettes/2026/1/2471-37_E.pdf	2471/37
lk_extraordinary_gazettes_2020s	2026-01-14-2026-01-14-2471-34-ta	2026-01-14-2471-34-ta	2026-01-14	Department of Local Government - NWP - Meeting for the Purpose of Electing the Vice Chairman for the Kobeigane P. S	https://documents.gov.lk/view/extra-gazettes/egz_2026.html	ta	https://documents.gov.lk/view/extra-gazettes/2026/1/2471-34_T.pdf	2471/34
lk_extraordinary_gazettes_2020s	2026-01-14-2026-01-14-2471-34-si	2026-01-14-2471-34-si	2026-01-14	Department of Local Government - NWP - Meeting for the Purpose of Electing the Vice Chairman for the Kobeigane P. S	https://documents.gov.lk/view/extra-gazettes/egz_2026.html	si	https://documents.gov.lk/view/extra-gazettes/2026/1/2471-34_S.pdf	2471/34
lk_extraordinary_gazettes_2020s	2026-01-14-2026-01-14-2471-34-en	2026-01-14-2471-34-en	2026-01-14	Department of Local Government - NWP - Meeting for the Purpose of Electing the Vice Chairman for the Kobeigane P. S	https://documents.gov.lk/view/extra-gazettes/egz_2026.html	en	https://documents.gov.lk/view/extra-gazettes/2026/1/2471-34_E.pdf	2471/34
lk_extraordinary_gazettes_2020s	2026-01-13-2026-01-13-2471-33-si	2026-01-13-2471-33-si	2026-01-13	Department of Animal Production and Health	https://documents.gov.lk/view/extra-gazettes/egz_2026.html	si	https://documents.gov.lk/view/extra-gazettes/2026/1/2471-33_S.pdf	2471/33
lk_extraordinary_gazettes_2020s	2026-01-13-2026-01-13-2471-33-en	2026-01-13-2471-33-en	2026-01-13	Department of Animal Production and Health	https://documents.gov.lk/view/extra-gazettes/egz_2026.html	en	https://documents.gov.lk/view/extra-gazettes/2026/1/2471-33_E.pdf	2471/33
lk_extraordinary_gazettes_2020s	2026-01-13-2026-01-13-2471-32-ta	2026-01-13-2471-32-ta	2026-01-13	Land Title Settlement Dept - Gangodagama, Hakmana D/S/D, Matara District ( 7893)	https://documents.gov.lk/view/extra-gazettes/egz_2026.html	ta	https://documents.gov.lk/view/extra-gazettes/2026/1/2471-32_T.pdf	2471/32
lk_extraordinary_gazettes_2020s	2026-01-13-2026-01-13-2471-32-si	2026-01-13-2471-32-si	2026-01-13	2471/32	https://documents.gov.lk/view/extra-gazettes/egz_2026.html	si	https://documents.gov.lk/view/extra-gazettes/2026/1/2471-32_S.pdf	2471/32
lk_extraordinary_gazettes_2020s	2026-01-13-2026-01-13-2471-32-en	2026-01-13-2471-32-en	2026-01-13	2471/32	https://documents.gov.lk/view/extra-gazettes/egz_2026.html	en	https://documents.gov.lk/view/extra-gazettes/2026/1/2471-32_E.pdf	2471/32
lk_extraordinary_gazettes_2020s	2026-01-13-2026-01-13-2471-31-ta	2026-01-13-2471-31-ta	2026-01-13	Land Title Settlement Department - Chithragala, Hambanthota D/S/D, Hambanthota District (25/0377)	https://documents.gov.lk/view/extra-gazettes/egz_2026.html	ta	https://documents.gov.lk/view/extra-gazettes/2026/1/2471-31_T.pdf	2471/31
lk_extraordinary_gazettes_2020s	2026-01-13-2026-01-13-2471-31-si	2026-01-13-2471-31-si	2026-01-13	2471/31	https://documents.gov.lk/view/extra-gazettes/egz_2026.html	si	https://documents.gov.lk/view/extra-gazettes/2026/1/2471-31_S.pdf	2471/31
lk_extraordinary_gazettes_2020s	2026-01-13-2026-01-13-2471-31-en	2026-01-13-2471-31-en	2026-01-13	2471/31	https://documents.gov.lk/view/extra-gazettes/egz_2026.html	en	https://documents.gov.lk/view/extra-gazettes/2026/1/2471-31_E.pdf	2471/31
lk_extraordinary_gazettes_2020s	2026-01-13-2026-01-13-2471-30-ta	2026-01-13-2471-30-ta	2026-01-13	Land Title Settlement Department - kandawala, Rathmalana D/S/D, Colombo District (25/0403)	https://documents.gov.lk/view/extra-gazettes/egz_2026.html	ta	https://documents.gov.lk/view/extra-gazettes/2026/1/2471-30_T.pdf	2471/30
lk_extraordinary_gazettes_2020s	2026-01-13-2026-01-13-2471-30-si	2026-01-13-2471-30-si	2026-01-13	Land Title Settlement Department	https://documents.gov.lk/view/extra-gazettes/egz_2026.html	si	https://documents.gov.lk/view/extra-gazettes/2026/1/2471-30_S.pdf	2471/30
lk_extraordinary_gazettes_2020s	2026-01-13-2026-01-13-2471-30-en	2026-01-13-2471-30-en	2026-01-13	Land Title Settlement Department	https://documents.gov.lk/view/extra-gazettes/egz_2026.html	en	https://documents.gov.lk/view/extra-gazettes/2026/1/2471-30_E.pdf	2471/30
lk_extraordinary_gazettes_2020s	2026-01-13-2026-01-13-2471-29-si	2026-01-13-2471-29-si	2026-01-13	Land Title Settlement Dept - Pilikuttuwa, Mahara D/S/D, Gampaha District (25/0426)	https://documents.gov.lk/view/extra-gazettes/egz_2026.html	si	https://documents.gov.lk/view/extra-gazettes/2026/1/2471-29_S.pdf	2471/29
lk_extraordinary_gazettes_2020s	2026-01-13-2026-01-13-2471-29-en	2026-01-13-2471-29-en	2026-01-13	Land Title Settlement Dept - Pilikuttuwa, Mahara D/S/D, Gampaha District (25/0426)	https://documents.gov.lk/view/extra-gazettes/egz_2026.html	en	https://documents.gov.lk/view/extra-gazettes/2026/1/2471-29_E.pdf	2471/29
lk_extraordinary_gazettes_2020s	2026-01-13-2026-01-13-2471-28-si	2026-01-13-2471-28-si	2026-01-13	Land Title Settlement Department	https://documents.gov.lk/view/extra-gazettes/egz_2026.html	si	https://documents.gov.lk/view/extra-gazettes/2026/1/2471-28_S.pdf	2471/28
lk_extraordinary_gazettes_2020s	2026-01-13-2026-01-13-2471-28-en	2026-01-13-2471-28-en	2026-01-13	Land Title Settlement Department	https://documents.gov.lk/view/extra-gazettes/egz_2026.html	en	https://documents.gov.lk/view/extra-gazettes/2026/1/2471-28_E.pdf	2471/28
lk_extraordinary_gazettes_2020s	2026-01-13-2026-01-13-2471-27-si	2026-01-13-2471-27-si	2026-01-13	Land Title Settlement Dept - Kibulapitiya, Katana D/S/D, Gampaha District (7902)	https://documents.gov.lk/view/extra-gazettes/egz_2026.html	si	https://documents.gov.lk/view/extra-gazettes/2026/1/2471-27_S.pdf	2471/27
lk_extraordinary_gazettes_2020s	2026-01-13-2026-01-13-2471-27-en	2026-01-13-2471-27-en	2026-01-13	Land Title Settlement Dept - Kibulapitiya, Katana D/S/D, Gampaha District (7902)	https://documents.gov.lk/view/extra-gazettes/egz_2026.html	en	https://documents.gov.lk/view/extra-gazettes/2026/1/2471-27_E.pdf	2471/27
lk_extraordinary_gazettes_2020s	2026-01-13-2026-01-13-2471-26-ta	2026-01-13-2471-26-ta	2026-01-13	Land Title Settlement Dept - Kodayana, Siyambalanduwa D/S/D, Monaragala, District (7899)	https://documents.gov.lk/view/extra-gazettes/egz_2026.html	ta	https://documents.gov.lk/view/extra-gazettes/2026/1/2471-26_T.pdf	2471/26
lk_extraordinary_gazettes_2020s	2026-01-13-2026-01-13-2471-26-si	2026-01-13-2471-26-si	2026-01-13	Land Title Settlement Dept - Kodayana, Siyambalanduwa D/S/D, Monaragala, District (7899)	https://documents.gov.lk/view/extra-gazettes/egz_2026.html	si	https://documents.gov.lk/view/extra-gazettes/2026/1/2471-26_S.pdf	2471/26
lk_extraordinary_gazettes_2020s	2026-01-13-2026-01-13-2471-26-en	2026-01-13-2471-26-en	2026-01-13	Land Title Settlement Dept - Kodayana, Siyambalanduwa D/S/D, Monaragala, District (7899)	https://documents.gov.lk/view/extra-gazettes/egz_2026.html	en	https://documents.gov.lk/view/extra-gazettes/2026/1/2471-26_E.pdf	2471/26
lk_extraordinary_gazettes_2020s	2026-01-13-2026-01-13-2471-25-si	2026-01-13-2471-25-si	2026-01-13	Land Title Settlement Dept	https://documents.gov.lk/view/extra-gazettes/egz_2026.html	si	https://documents.gov.lk/view/extra-gazettes/2026/1/2471-25_S.pdf	2471/25
lk_extraordinary_gazettes_2020s	2026-01-13-2026-01-13-2471-25-en	2026-01-13-2471-25-en	2026-01-13	Land Title Settlement Dept	https://documents.gov.lk/view/extra-gazettes/egz_2026.html	en	https://documents.gov.lk/view/extra-gazettes/2026/1/2471-25_E.pdf	2471/25
lk_extraordinary_gazettes_2020s	2026-01-13-2026-01-13-2471-24-ta	2026-01-13-2471-24-ta	2026-01-13	Election Commission - Parliamentary Elections Act, No 01 of 1981 Notice under Section 7 (4) (b) Symbols of the Political Parties	https://documents.gov.lk/view/extra-gazettes/egz_2026.html	ta	https://documents.gov.lk/view/extra-gazettes/2026/1/2471-24_T.pdf	2471/24
lk_extraordinary_gazettes_2020s	2026-01-13-2026-01-13-2471-24-si	2026-01-13-2471-24-si	2026-01-13	Election Commission - Parliamentary Elections Act, No 01 of 1981 Notice under Section 7 (4) (b) Symbols of the Political Parties	https://documents.gov.lk/view/extra-gazettes/egz_2026.html	si	https://documents.gov.lk/view/extra-gazettes/2026/1/2471-24_S.pdf	2471/24
lk_extraordinary_gazettes_2020s	2026-01-13-2026-01-13-2471-24-en	2026-01-13-2471-24-en	2026-01-13	Election Commission - Parliamentary Elections Act, No 01 of 1981 Notice under Section 7 (4) (b) Symbols of the Political Parties	https://documents.gov.lk/view/extra-gazettes/egz_2026.html	en	https://documents.gov.lk/view/extra-gazettes/2026/1/2471-24_E.pdf	2471/24
lk_extraordinary_gazettes_2020s	2026-01-13-2026-01-13-2471-23-si	2026-01-13-2471-23-si	2026-01-13	Elections Commission  - Filling at a vacancy in the office at member at the Panduwasnuwara Pradheshiya Sabha	https://documents.gov.lk/view/extra-gazettes/egz_2026.html	si	https://documents.gov.lk/view/extra-gazettes/2026/1/2471-23_S.pdf	2471/23
lk_extraordinary_gazettes_2020s	2026-01-13-2026-01-13-2471-23-en	2026-01-13-2471-23-en	2026-01-13	Elections Commission  - Filling at a vacancy in the office at member at the Panduwasnuwara Pradheshiya Sabha	https://documents.gov.lk/view/extra-gazettes/egz_2026.html	en	https://documents.gov.lk/view/extra-gazettes/2026/1/2471-23_E.pdf	2471/23
lk_extraordinary_gazettes_2020s	2026-01-13-2026-01-13-2471-22-ta	2026-01-13-2471-22-ta	2026-01-13	Land Title Settlement Department	https://documents.gov.lk/view/extra-gazettes/egz_2026.html	ta	https://documents.gov.lk/view/extra-gazettes/2026/1/2471-22_T.pdf	2471/22
lk_extraordinary_gazettes_2020s	2026-01-13-2026-01-13-2471-22-si	2026-01-13-2471-22-si	2026-01-13	Land Title Settlement Department	https://documents.gov.lk/view/extra-gazettes/egz_2026.html	si	https://documents.gov.lk/view/extra-gazettes/2026/1/2471-22_S.pdf	2471/22
lk_extraordinary_gazettes_2020s	2026-01-13-2026-01-13-2471-22-en	2026-01-13-2471-22-en	2026-01-13	Land Title Settlement Department	https://documents.gov.lk/view/extra-gazettes/egz_2026.html	en	https://documents.gov.lk/view/extra-gazettes/2026/1/2471-22_E.pdf	2471/22
lk_extraordinary_gazettes_2020s	2026-01-13-2026-01-13-2471-21-ta	2026-01-13-2471-21-ta	2026-01-13	Land Title Settlement Dept	https://documents.gov.lk/view/extra-gazettes/egz_2026.html	ta	https://documents.gov.lk/view/extra-gazettes/2026/1/2471-21_T.pdf	2471/21
lk_extraordinary_gazettes_2020s	2026-01-13-2026-01-13-2471-18-si	2026-01-13-2471-18-si	2026-01-13	Land Title Settlement Department	https://documents.gov.lk/view/extra-gazettes/egz_2026.html	si	https://documents.gov.lk/view/extra-gazettes/2026/1/2471-18_S.pdf	2471/18
lk_extraordinary_gazettes_2020s	2026-01-13-2026-01-13-2471-18-en	2026-01-13-2471-18-en	2026-01-13	Land Title Settlement Department	https://documents.gov.lk/view/extra-gazettes/egz_2026.html	en	https://documents.gov.lk/view/extra-gazettes/2026/1/2471-18_E.pdf	2471/18
lk_extraordinary_gazettes_2020s	2026-01-13-2026-01-13-2471-17-ta	2026-01-13-2471-17-ta	2026-01-13	Land Title Settlement Department	https://documents.gov.lk/view/extra-gazettes/egz_2026.html	ta	https://documents.gov.lk/view/extra-gazettes/2026/1/2471-17_T.pdf	2471/17
lk_extraordinary_gazettes_2020s	2026-01-13-2026-01-13-2471-17-si	2026-01-13-2471-17-si	2026-01-13	Land Title Settlement Department	https://documents.gov.lk/view/extra-gazettes/egz_2026.html	si	https://documents.gov.lk/view/extra-gazettes/2026/1/2471-17_S.pdf	2471/17
lk_extraordinary_gazettes_2020s	2026-01-13-2026-01-13-2471-17-en	2026-01-13-2471-17-en	2026-01-13	Land Title Settlement Department	https://documents.gov.lk/view/extra-gazettes/egz_2026.html	en	https://documents.gov.lk/view/extra-gazettes/2026/1/2471-17_E.pdf	2471/17
lk_extraordinary_gazettes_2020s	2026-01-13-2026-01-13-2471-16-ta	2026-01-13-2471-16-ta	2026-01-13	Land Acquisition	https://documents.gov.lk/view/extra-gazettes/egz_2026.html	ta	https://documents.gov.lk/view/extra-gazettes/2026/1/2471-16_T.pdf	2471/16
lk_extraordinary_gazettes_2020s	2026-01-13-2026-01-13-2471-16-si	2026-01-13-2471-16-si	2026-01-13	Land Acquisition	https://documents.gov.lk/view/extra-gazettes/egz_2026.html	si	https://documents.gov.lk/view/extra-gazettes/2026/1/2471-16_S.pdf	2471/16
lk_extraordinary_gazettes_2020s	2026-01-13-2026-01-13-2471-16-en	2026-01-13-2471-16-en	2026-01-13	Land Acquisition	https://documents.gov.lk/view/extra-gazettes/egz_2026.html	en	https://documents.gov.lk/view/extra-gazettes/2026/1/2471-16_E.pdf	2471/16
lk_extraordinary_gazettes_2020s	2026-01-13-2026-01-13-2471-15-ta	2026-01-13-2471-15-ta	2026-01-13	Land Title Settlement Department	https://documents.gov.lk/view/extra-gazettes/egz_2026.html	ta	https://documents.gov.lk/view/extra-gazettes/2026/1/2471-15_T.pdf	2471/15
lk_extraordinary_gazettes_2020s	2026-01-13-2026-01-13-2471-15-si	2026-01-13-2471-15-si	2026-01-13	Land Title Settlement Department	https://documents.gov.lk/view/extra-gazettes/egz_2026.html	si	https://documents.gov.lk/view/extra-gazettes/2026/1/2471-15_S.pdf	2471/15
lk_extraordinary_gazettes_2020s	2026-01-13-2026-01-13-2471-15-en	2026-01-13-2471-15-en	2026-01-13	Land Title Settlement Department	https://documents.gov.lk/view/extra-gazettes/egz_2026.html	en	https://documents.gov.lk/view/extra-gazettes/2026/1/2471-15_E.pdf	2471/15
lk_extraordinary_gazettes_2020s	2026-01-13-2026-01-13-2471-14-ta	2026-01-13-2471-14-ta	2026-01-13	Land Acquisition	https://documents.gov.lk/view/extra-gazettes/egz_2026.html	ta	https://documents.gov.lk/view/extra-gazettes/2026/1/2471-14_T.pdf	2471/14
lk_extraordinary_gazettes_2020s	2026-01-13-2026-01-13-2471-14-si	2026-01-13-2471-14-si	2026-01-13	Land Acquisition	https://documents.gov.lk/view/extra-gazettes/egz_2026.html	si	https://documents.gov.lk/view/extra-gazettes/2026/1/2471-14_S.pdf	2471/14
lk_extraordinary_gazettes_2020s	2026-01-13-2026-01-13-2471-14-en	2026-01-13-2471-14-en	2026-01-13	Land Acquisition	https://documents.gov.lk/view/extra-gazettes/egz_2026.html	en	https://documents.gov.lk/view/extra-gazettes/2026/1/2471-14_E.pdf	2471/14
lk_extraordinary_gazettes_2020s	2026-01-13-2026-01-13-2471-13-si	2026-01-13-2471-13-si	2026-01-13	2471/13	https://documents.gov.lk/view/extra-gazettes/egz_2026.html	si	https://documents.gov.lk/view/extra-gazettes/2026/1/2471-13_S.pdf	2471/13
lk_extraordinary_gazettes_2020s	2026-01-12-2026-01-12-2471-11-ta	2026-01-12-2471-11-ta	2026-01-12	Land Acquisition	https://documents.gov.lk/view/extra-gazettes/egz_2026.html	ta	https://documents.gov.lk/view/extra-gazettes/2026/1/2471-11_T.pdf	2471/11
lk_extraordinary_gazettes_2020s	2026-01-12-2026-01-12-2471-11-si	2026-01-12-2471-11-si	2026-01-12	Land Acquisition	https://documents.gov.lk/view/extra-gazettes/egz_2026.html	si	https://documents.gov.lk/view/extra-gazettes/2026/1/2471-11_S.pdf	2471/11
lk_extraordinary_gazettes_2020s	2026-01-12-2026-01-12-2471-11-en	2026-01-12-2471-11-en	2026-01-12	Land Acquisition	https://documents.gov.lk/view/extra-gazettes/egz_2026.html	en	https://documents.gov.lk/view/extra-gazettes/2026/1/2471-11_E.pdf	2471/11
lk_extraordinary_gazettes_2020s	2026-01-12-2026-01-12-2471-10-ta	2026-01-12-2471-10-ta	2026-01-12	Land Acquisition	https://documents.gov.lk/view/extra-gazettes/egz_2026.html	ta	https://documents.gov.lk/view/extra-gazettes/2026/1/2471-10_T.pdf	2471/10
lk_extraordinary_gazettes_2020s	2026-01-12-2026-01-12-2471-10-si	2026-01-12-2471-10-si	2026-01-12	Land Acquisition	https://documents.gov.lk/view/extra-gazettes/egz_2026.html	si	https://documents.gov.lk/view/extra-gazettes/2026/1/2471-10_S.pdf	2471/10
lk_extraordinary_gazettes_2020s	2026-01-12-2026-01-12-2471-10-en	2026-01-12-2471-10-en	2026-01-12	Land Acquisition	https://documents.gov.lk/view/extra-gazettes/egz_2026.html	en	https://documents.gov.lk/view/extra-gazettes/2026/1/2471-10_E.pdf	2471/10
lk_extraordinary_gazettes_2020s	2026-01-12-2026-01-12-2471-09-ta	2026-01-12-2471-09-ta	2026-01-12	Land Acquisition	https://documents.gov.lk/view/extra-gazettes/egz_2026.html	ta	https://documents.gov.lk/view/extra-gazettes/2026/1/2471-09_T.pdf	2471/09
lk_extraordinary_gazettes_2020s	2026-01-12-2026-01-12-2471-09-si	2026-01-12-2471-09-si	2026-01-12	Land Acquisition	https://documents.gov.lk/view/extra-gazettes/egz_2026.html	si	https://documents.gov.lk/view/extra-gazettes/2026/1/2471-09_S.pdf	2471/09
lk_extraordinary_gazettes_2020s	2026-01-12-2026-01-12-2471-09-en	2026-01-12-2471-09-en	2026-01-12	Land Acquisition	https://documents.gov.lk/view/extra-gazettes/egz_2026.html	en	https://documents.gov.lk/view/extra-gazettes/2026/1/2471-09_E.pdf	2471/09
lk_extraordinary_gazettes_2020s	2026-01-12-2026-01-12-2471-08-ta	2026-01-12-2471-08-ta	2026-01-12	Land Acquisition	https://documents.gov.lk/view/extra-gazettes/egz_2026.html	ta	https://documents.gov.lk/view/extra-gazettes/2026/1/2471-08_T.pdf	2471/08
lk_extraordinary_gazettes_2020s	2026-01-12-2026-01-12-2471-08-si	2026-01-12-2471-08-si	2026-01-12	Land Acquisition	https://documents.gov.lk/view/extra-gazettes/egz_2026.html	si	https://documents.gov.lk/view/extra-gazettes/2026/1/2471-08_S.pdf	2471/08
lk_extraordinary_gazettes_2020s	2026-01-12-2026-01-12-2471-08-en	2026-01-12-2471-08-en	2026-01-12	Land Acquisition	https://documents.gov.lk/view/extra-gazettes/egz_2026.html	en	https://documents.gov.lk/view/extra-gazettes/2026/1/2471-08_E.pdf	2471/08
lk_extraordinary_gazettes_2020s	2026-01-12-2026-01-12-2471-07-ta	2026-01-12-2471-07-ta	2026-01-12	Land Acquisition	https://documents.gov.lk/view/extra-gazettes/egz_2026.html	ta	https://documents.gov.lk/view/extra-gazettes/2026/1/2471-07_T.pdf	2471/07
lk_extraordinary_gazettes_2020s	2026-01-12-2026-01-12-2471-07-si	2026-01-12-2471-07-si	2026-01-12	2471/07	https://documents.gov.lk/view/extra-gazettes/egz_2026.html	si	https://documents.gov.lk/view/extra-gazettes/2026/1/2471-07_S.pdf	2471/07
lk_extraordinary_gazettes_2020s	2026-01-12-2026-01-12-2471-07-en	2026-01-12-2471-07-en	2026-01-12	2471/07	https://documents.gov.lk/view/extra-gazettes/egz_2026.html	en	https://documents.gov.lk/view/extra-gazettes/2026/1/2471-07_E.pdf	2471/07
lk_extraordinary_gazettes_2020s	2026-01-12-2026-01-12-2471-06-ta	2026-01-12-2471-06-ta	2026-01-12	Land Acquisition	https://documents.gov.lk/view/extra-gazettes/egz_2026.html	ta	https://documents.gov.lk/view/extra-gazettes/2026/1/2471-06_T.pdf	2471/06
lk_extraordinary_gazettes_2020s	2026-01-12-2026-01-12-2471-06-si	2026-01-12-2471-06-si	2026-01-12	Land Acquisition	https://documents.gov.lk/view/extra-gazettes/egz_2026.html	si	https://documents.gov.lk/view/extra-gazettes/2026/1/2471-06_S.pdf	2471/06
lk_extraordinary_gazettes_2020s	2026-01-12-2026-01-12-2471-06-en	2026-01-12-2471-06-en	2026-01-12	Land Acquisition	https://documents.gov.lk/view/extra-gazettes/egz_2026.html	en	https://documents.gov.lk/view/extra-gazettes/2026/1/2471-06_E.pdf	2471/06
lk_extraordinary_gazettes_2020s	2026-01-12-2026-01-12-2471-05-si	2026-01-12-2471-05-si	2026-01-12	2471/05	https://documents.gov.lk/view/extra-gazettes/egz_2026.html	si	https://documents.gov.lk/view/extra-gazettes/2026/1/2471-05_S.pdf	2471/05
lk_extraordinary_gazettes_2020s	2026-01-12-2026-01-12-2471-05-en	2026-01-12-2471-05-en	2026-01-12	2471/05	https://documents.gov.lk/view/extra-gazettes/egz_2026.html	en	https://documents.gov.lk/view/extra-gazettes/2026/1/2471-05_E.pdf	2471/05
lk_extraordinary_gazettes_2020s	2026-01-12-2026-01-12-2471-04-ta	2026-01-12-2471-04-ta	2026-01-12	Land Acquisition	https://documents.gov.lk/view/extra-gazettes/egz_2026.html	ta	https://documents.gov.lk/view/extra-gazettes/2026/1/2471-04_T.pdf	2471/04
lk_extraordinary_gazettes_2020s	2026-01-12-2026-01-12-2471-04-si	2026-01-12-2471-04-si	2026-01-12	Land Acquisition	https://documents.gov.lk/view/extra-gazettes/egz_2026.html	si	https://documents.gov.lk/view/extra-gazettes/2026/1/2471-04_S.pdf	2471/04
lk_extraordinary_gazettes_2020s	2026-01-12-2026-01-12-2471-04-en	2026-01-12-2471-04-en	2026-01-12	Land Acquisition	https://documents.gov.lk/view/extra-gazettes/egz_2026.html	en	https://documents.gov.lk/view/extra-gazettes/2026/1/2471-04_E.pdf	2471/04
lk_extraordinary_gazettes_2020s	2026-01-12-2026-01-12-2471-03-ta	2026-01-12-2471-03-ta	2026-01-12	Land Acquisition	https://documents.gov.lk/view/extra-gazettes/egz_2026.html	ta	https://documents.gov.lk/view/extra-gazettes/2026/1/2471-03_T.pdf	2471/03
lk_extraordinary_gazettes_2020s	2026-01-12-2026-01-12-2471-03-si	2026-01-12-2471-03-si	2026-01-12	Land Acquisition	https://documents.gov.lk/view/extra-gazettes/egz_2026.html	si	https://documents.gov.lk/view/extra-gazettes/2026/1/2471-03_S.pdf	2471/03
lk_extraordinary_gazettes_2020s	2026-01-12-2026-01-12-2471-03-en	2026-01-12-2471-03-en	2026-01-12	Land Acquisition	https://documents.gov.lk/view/extra-gazettes/egz_2026.html	en	https://documents.gov.lk/view/extra-gazettes/2026/1/2471-03_E.pdf	2471/03
lk_extraordinary_gazettes_2020s	2026-01-12-2026-01-12-2471-01-ta	2026-01-12-2471-01-ta	2026-01-12	Sri Lanka Customs - Rates of Exchange with effect from 12.01.2026 to 18.01.2026	https://documents.gov.lk/view/extra-gazettes/egz_2026.html	ta	https://documents.gov.lk/view/extra-gazettes/2026/1/2471-01_T.pdf	2471/01
lk_extraordinary_gazettes_2020s	2026-01-12-2026-01-12-2471-01-si	2026-01-12-2471-01-si	2026-01-12	Sri Lanka Customs - Rates of Exchange	https://documents.gov.lk/view/extra-gazettes/egz_2026.html	si	https://documents.gov.lk/view/extra-gazettes/2026/1/2471-01_S.pdf	2471/01
lk_extraordinary_gazettes_2020s	2026-01-12-2026-01-12-2471-01-en	2026-01-12-2471-01-en	2026-01-12	Sri Lanka Customs - Rates of Exchange	https://documents.gov.lk/view/extra-gazettes/egz_2026.html	en	https://documents.gov.lk/view/extra-gazettes/2026/1/2471-01_E.pdf	2471/01
lk_extraordinary_gazettes_2020s	2026-01-10-2026-01-10-2470-62-si	2026-01-10-2470-62-si	2026-01-10	Land Title Settlement Department	https://documents.gov.lk/view/extra-gazettes/egz_2026.html	si	https://documents.gov.lk/view/extra-gazettes/2026/1/2470-62_S.pdf	2470/62
lk_extraordinary_gazettes_2020s	2026-01-10-2026-01-10-2470-62-en	2026-01-10-2470-62-en	2026-01-10	Land Title Settlement Department	https://documents.gov.lk/view/extra-gazettes/egz_2026.html	en	https://documents.gov.lk/view/extra-gazettes/2026/1/2470-62_E.pdf	2470/62
lk_extraordinary_gazettes_2020s	2026-01-10-2026-01-10-2470-61-si	2026-01-10-2470-61-si	2026-01-10	Land Title Settlement Dept	https://documents.gov.lk/view/extra-gazettes/egz_2026.html	si	https://documents.gov.lk/view/extra-gazettes/2026/1/2470-61_S.pdf	2470/61
lk_extraordinary_gazettes_2020s	2026-01-10-2026-01-10-2470-61-en	2026-01-10-2470-61-en	2026-01-10	Land Title Settlement Dept	https://documents.gov.lk/view/extra-gazettes/egz_2026.html	en	https://documents.gov.lk/view/extra-gazettes/2026/1/2470-61_E.pdf	2470/61
lk_extraordinary_gazettes_2020s	2026-01-10-2026-01-10-2470-60-ta	2026-01-10-2470-60-ta	2026-01-10	Land Title Settlement Dept	https://documents.gov.lk/view/extra-gazettes/egz_2026.html	ta	https://documents.gov.lk/view/extra-gazettes/2026/1/2470-60_T.pdf	2470/60
lk_extraordinary_gazettes_2020s	2026-01-10-2026-01-10-2470-60-si	2026-01-10-2470-60-si	2026-01-10	Land Title Settlement Dept	https://documents.gov.lk/view/extra-gazettes/egz_2026.html	si	https://documents.gov.lk/view/extra-gazettes/2026/1/2470-60_S.pdf	2470/60
lk_extraordinary_gazettes_2020s	2026-01-10-2026-01-10-2470-60-en	2026-01-10-2470-60-en	2026-01-10	Land Title Settlement Dept	https://documents.gov.lk/view/extra-gazettes/egz_2026.html	en	https://documents.gov.lk/view/extra-gazettes/2026/1/2470-60_E.pdf	2470/60
lk_extraordinary_gazettes_2020s	2026-01-10-2026-01-10-2470-58-ta	2026-01-10-2470-58-ta	2026-01-10	Office of the Public Service Commission - The Medical Service Minute of the Sri Lanka Health Service 08th Amendment	https://documents.gov.lk/view/extra-gazettes/egz_2026.html	ta	https://documents.gov.lk/view/extra-gazettes/2026/1/2470-58_T.pdf	2470/58
lk_extraordinary_gazettes_2020s	2026-01-10-2026-01-10-2470-58-si	2026-01-10-2470-58-si	2026-01-10	Office of the Public Service Commission - The Medical Service Minute of the Sri Lanka Health Service 08th Amendment	https://documents.gov.lk/view/extra-gazettes/egz_2026.html	si	https://documents.gov.lk/view/extra-gazettes/2026/1/2470-58_S.pdf	2470/58
lk_extraordinary_gazettes_2020s	2026-01-10-2026-01-10-2470-58-en	2026-01-10-2470-58-en	2026-01-10	Office of the Public Service Commission - The Medical Service Minute of the Sri Lanka Health Service 08th Amendment	https://documents.gov.lk/view/extra-gazettes/egz_2026.html	en	https://documents.gov.lk/view/extra-gazettes/2026/1/2470-58_E.pdf	2470/58
lk_extraordinary_gazettes_2020s	2026-01-09-2026-01-09-2470-57-ta	2026-01-09-2470-57-ta	2026-01-09	Land Title Settlement Dept	https://documents.gov.lk/view/extra-gazettes/egz_2026.html	ta	https://documents.gov.lk/view/extra-gazettes/2026/1/2470-57_T.pdf	2470/57
lk_extraordinary_gazettes_2020s	2026-01-09-2026-01-09-2470-57-si	2026-01-09-2470-57-si	2026-01-09	Land Title Settlement Dept	https://documents.gov.lk/view/extra-gazettes/egz_2026.html	si	https://documents.gov.lk/view/extra-gazettes/2026/1/2470-57_S.pdf	2470/57
lk_extraordinary_gazettes_2020s	2026-01-09-2026-01-09-2470-57-en	2026-01-09-2470-57-en	2026-01-09	Land Title Settlement Dept	https://documents.gov.lk/view/extra-gazettes/egz_2026.html	en	https://documents.gov.lk/view/extra-gazettes/2026/1/2470-57_E.pdf	2470/57
lk_extraordinary_gazettes_2020s	2026-01-09-2026-01-09-2470-56-ta	2026-01-09-2470-56-ta	2026-01-09	Presidential Secretariat - The Public Security Ordinance (Chapter 40). Notice under Section 2(7).Ordinance Throughout Sri Lanka with effect from 28th   December 2025.	https://documents.gov.lk/view/extra-gazettes/egz_2026.html	ta	https://documents.gov.lk/view/extra-gazettes/2026/1/2470-56_T.pdf	2470/56
lk_extraordinary_gazettes_2020s	2026-01-09-2026-01-09-2470-56-si	2026-01-09-2470-56-si	2026-01-09	Presidential Secretariat - The Public Security Ordinance (Chapter 40). Notice under Section 2(7).Ordinance Throughout Sri Lanka with effect from 28th   December 2025.	https://documents.gov.lk/view/extra-gazettes/egz_2026.html	si	https://documents.gov.lk/view/extra-gazettes/2026/1/2470-56_S.pdf	2470/56
lk_extraordinary_gazettes_2020s	2026-01-09-2026-01-09-2470-56-en	2026-01-09-2470-56-en	2026-01-09	Presidential Secretariat - The Public Security Ordinance (Chapter 40). Notice under Section 2(7).Ordinance Throughout Sri Lanka with effect from 28th   December 2025.	https://documents.gov.lk/view/extra-gazettes/egz_2026.html	en	https://documents.gov.lk/view/extra-gazettes/2026/1/2470-56_E.pdf	2470/56
lk_extraordinary_gazettes_2020s	2026-01-09-2026-01-09-2470-55-ta	2026-01-09-2470-55-ta	2026-01-09	2470/55	https://documents.gov.lk/view/extra-gazettes/egz_2026.html	ta	https://documents.gov.lk/view/extra-gazettes/2026/1/2470-55_T.pdf	2470/55
lk_extraordinary_gazettes_2020s	2026-01-09-2026-01-09-2470-55-si	2026-01-09-2470-55-si	2026-01-09	2470/55	https://documents.gov.lk/view/extra-gazettes/egz_2026.html	si	https://documents.gov.lk/view/extra-gazettes/2026/1/2470-55_S.pdf	2470/55
lk_extraordinary_gazettes_2020s	2026-01-09-2026-01-09-2470-55-en	2026-01-09-2470-55-en	2026-01-09	2470/55	https://documents.gov.lk/view/extra-gazettes/egz_2026.html	en	https://documents.gov.lk/view/extra-gazettes/2026/1/2470-55_E.pdf	2470/55
lk_extraordinary_gazettes_2020s	2026-01-09-2026-01-09-2470-54-ta	2026-01-09-2470-54-ta	2026-01-09	Land Acquisition - Bambaragahadeniya, Theldeniya Medadumbara D/S/D, Kandy District (Section 38 a)	https://documents.gov.lk/view/extra-gazettes/egz_2026.html	ta	https://documents.gov.lk/view/extra-gazettes/2026/1/2470-54_T.pdf	2470/54
lk_extraordinary_gazettes_2020s	2026-01-09-2026-01-09-2470-54-si	2026-01-09-2470-54-si	2026-01-09	Land Acquisition - Bambaragahadeniya, Theldeniya Medadumbara D/S/D, Kandy District (Section 38 a)	https://documents.gov.lk/view/extra-gazettes/egz_2026.html	si	https://documents.gov.lk/view/extra-gazettes/2026/1/2470-54_S.pdf	2470/54
lk_extraordinary_gazettes_2020s	2026-01-09-2026-01-09-2470-54-en	2026-01-09-2470-54-en	2026-01-09	Land Acquisition - Bambaragahadeniya, Theldeniya Medadumbara D/S/D, Kandy District (Section 38 a)	https://documents.gov.lk/view/extra-gazettes/egz_2026.html	en	https://documents.gov.lk/view/extra-gazettes/2026/1/2470-54_E.pdf	2470/54
lk_extraordinary_gazettes_2020s	2026-01-08-2026-01-08-2470-53-ta	2026-01-08-2470-53-ta	2026-01-08	Land Title Settlement Department	https://documents.gov.lk/view/extra-gazettes/egz_2026.html	ta	https://documents.gov.lk/view/extra-gazettes/2026/1/2470-53_T.pdf	2470/53
lk_extraordinary_gazettes_2020s	2026-01-08-2026-01-08-2470-53-si	2026-01-08-2470-53-si	2026-01-08	Land Title Settlement Department	https://documents.gov.lk/view/extra-gazettes/egz_2026.html	si	https://documents.gov.lk/view/extra-gazettes/2026/1/2470-53_S.pdf	2470/53
lk_extraordinary_gazettes_2020s	2026-01-08-2026-01-08-2470-53-en	2026-01-08-2470-53-en	2026-01-08	Land Title Settlement Department	https://documents.gov.lk/view/extra-gazettes/egz_2026.html	en	https://documents.gov.lk/view/extra-gazettes/2026/1/2470-53_E.pdf	2470/53
lk_extraordinary_gazettes_2020s	2026-01-08-2026-01-08-2470-51-ta	2026-01-08-2470-51-ta	2026-01-08	Land Title Settlement Department	https://documents.gov.lk/view/extra-gazettes/egz_2026.html	ta	https://documents.gov.lk/view/extra-gazettes/2026/1/2470-51_T.pdf	2470/51
lk_extraordinary_gazettes_2020s	2026-01-08-2026-01-08-2470-51-si	2026-01-08-2470-51-si	2026-01-08	Land Title Settlement Department	https://documents.gov.lk/view/extra-gazettes/egz_2026.html	si	https://documents.gov.lk/view/extra-gazettes/2026/1/2470-51_S.pdf	2470/51
lk_extraordinary_gazettes_2020s	2026-01-08-2026-01-08-2470-51-en	2026-01-08-2470-51-en	2026-01-08	Land Title Settlement Department	https://documents.gov.lk/view/extra-gazettes/egz_2026.html	en	https://documents.gov.lk/view/extra-gazettes/2026/1/2470-51_E.pdf	2470/51
lk_extraordinary_gazettes_2020s	2026-01-08-2026-01-08-2470-50-ta	2026-01-08-2470-50-ta	2026-01-08	Land Title Settlement Dept	https://documents.gov.lk/view/extra-gazettes/egz_2026.html	ta	https://documents.gov.lk/view/extra-gazettes/2026/1/2470-50_T.pdf	2470/50
lk_extraordinary_gazettes_2020s	2026-01-08-2026-01-08-2470-50-si	2026-01-08-2470-50-si	2026-01-08	Land Title Settlement Dept	https://documents.gov.lk/view/extra-gazettes/egz_2026.html	si	https://documents.gov.lk/view/extra-gazettes/2026/1/2470-50_S.pdf	2470/50
lk_extraordinary_gazettes_2020s	2026-01-08-2026-01-08-2470-50-en	2026-01-08-2470-50-en	2026-01-08	Land Title Settlement Dept	https://documents.gov.lk/view/extra-gazettes/egz_2026.html	en	https://documents.gov.lk/view/extra-gazettes/2026/1/2470-50_E.pdf	2470/50
lk_extraordinary_gazettes_2020s	2026-01-08-2026-01-08-2470-49-si	2026-01-08-2470-49-si	2026-01-08	Office of the Governor - UVA Province - Appointment Made by the Governor of UVA Province	https://documents.gov.lk/view/extra-gazettes/egz_2026.html	si	https://documents.gov.lk/view/extra-gazettes/2026/1/2470-49_S.pdf	2470/49
lk_extraordinary_gazettes_2020s	2026-01-08-2026-01-08-2470-49-en	2026-01-08-2470-49-en	2026-01-08	Office of the Governor - UVA Province - Appointment Made by the Governor of UVA Province	https://documents.gov.lk/view/extra-gazettes/egz_2026.html	en	https://documents.gov.lk/view/extra-gazettes/2026/1/2470-49_E.pdf	2470/49
lk_extraordinary_gazettes_2020s	2026-01-08-2026-01-08-2470-48-ta	2026-01-08-2470-48-ta	2026-01-08	Election Commission - Parliamentary Elections Act, No. 01 of 1981 Recognized Political Parties	https://documents.gov.lk/view/extra-gazettes/egz_2026.html	ta	https://documents.gov.lk/view/extra-gazettes/2026/1/2470-48_T.pdf	2470/48
lk_extraordinary_gazettes_2020s	2026-01-08-2026-01-08-2470-48-si	2026-01-08-2470-48-si	2026-01-08	Election Commission - Parliamentary Elections Act, No. 01 of 1981 Recognized Political Parties	https://documents.gov.lk/view/extra-gazettes/egz_2026.html	si	https://documents.gov.lk/view/extra-gazettes/2026/1/2470-48_S.pdf	2470/48
lk_extraordinary_gazettes_2020s	2026-01-08-2026-01-08-2470-48-en	2026-01-08-2470-48-en	2026-01-08	Election Commission - Parliamentary Elections Act, No. 01 of 1981 Recognized Political Parties	https://documents.gov.lk/view/extra-gazettes/egz_2026.html	en	https://documents.gov.lk/view/extra-gazettes/2026/1/2470-48_E.pdf	2470/48
lk_extraordinary_gazettes_2020s	2026-01-08-2026-01-08-2470-47-si	2026-01-08-2470-47-si	2026-01-08	Land Title Settlement Department	https://documents.gov.lk/view/extra-gazettes/egz_2026.html	si	https://documents.gov.lk/view/extra-gazettes/2026/1/2470-47_S.pdf	2470/47
lk_extraordinary_gazettes_2020s	2026-01-08-2026-01-08-2470-47-en	2026-01-08-2470-47-en	2026-01-08	Land Title Settlement Department	https://documents.gov.lk/view/extra-gazettes/egz_2026.html	en	https://documents.gov.lk/view/extra-gazettes/2026/1/2470-47_E.pdf	2470/47
lk_extraordinary_gazettes_2020s	2026-01-08-2026-01-08-2470-46-si	2026-01-08-2470-46-si	2026-01-08	Land Title Settlement Dept	https://documents.gov.lk/view/extra-gazettes/egz_2026.html	si	https://documents.gov.lk/view/extra-gazettes/2026/1/2470-46_S.pdf	2470/46
lk_extraordinary_gazettes_2020s	2026-01-08-2026-01-08-2470-46-en	2026-01-08-2470-46-en	2026-01-08	Land Title Settlement Dept	https://documents.gov.lk/view/extra-gazettes/egz_2026.html	en	https://documents.gov.lk/view/extra-gazettes/2026/1/2470-46_E.pdf	2470/46
lk_extraordinary_gazettes_2020s	2026-01-08-2026-01-08-2470-45-ta	2026-01-08-2470-45-ta	2026-01-08	Land Title Settlement Department	https://documents.gov.lk/view/extra-gazettes/egz_2026.html	ta	https://documents.gov.lk/view/extra-gazettes/2026/1/2470-45_T.pdf	2470/45
lk_extraordinary_gazettes_2020s	2026-01-08-2026-01-08-2470-45-si	2026-01-08-2470-45-si	2026-01-08	Land Title Settlement Department	https://documents.gov.lk/view/extra-gazettes/egz_2026.html	si	https://documents.gov.lk/view/extra-gazettes/2026/1/2470-45_S.pdf	2470/45
lk_extraordinary_gazettes_2020s	2026-01-08-2026-01-08-2470-45-en	2026-01-08-2470-45-en	2026-01-08	Land Title Settlement Department	https://documents.gov.lk/view/extra-gazettes/egz_2026.html	en	https://documents.gov.lk/view/extra-gazettes/2026/1/2470-45_E.pdf	2470/45
lk_extraordinary_gazettes_2020s	2026-01-08-2026-01-08-2470-43-ta	2026-01-08-2470-43-ta	2026-01-08	Land Title Settlement Department	https://documents.gov.lk/view/extra-gazettes/egz_2026.html	ta	https://documents.gov.lk/view/extra-gazettes/2026/1/2470-43_T.pdf	2470/43
lk_extraordinary_gazettes_2020s	2026-01-08-2026-01-08-2470-43-si	2026-01-08-2470-43-si	2026-01-08	Land Title Settlement Department	https://documents.gov.lk/view/extra-gazettes/egz_2026.html	si	https://documents.gov.lk/view/extra-gazettes/2026/1/2470-43_S.pdf	2470/43
lk_extraordinary_gazettes_2020s	2026-01-08-2026-01-08-2470-43-en	2026-01-08-2470-43-en	2026-01-08	Land Title Settlement Department	https://documents.gov.lk/view/extra-gazettes/egz_2026.html	en	https://documents.gov.lk/view/extra-gazettes/2026/1/2470-43_E.pdf	2470/43
lk_extraordinary_gazettes_2020s	2026-01-08-2026-01-08-2470-41-ta	2026-01-08-2470-41-ta	2026-01-08	Land Title Settlement Department	https://documents.gov.lk/view/extra-gazettes/egz_2026.html	ta	https://documents.gov.lk/view/extra-gazettes/2026/1/2470-41_T.pdf	2470/41
lk_extraordinary_gazettes_2020s	2026-01-08-2026-01-08-2470-41-si	2026-01-08-2470-41-si	2026-01-08	Land Title Settlement Department	https://documents.gov.lk/view/extra-gazettes/egz_2026.html	si	https://documents.gov.lk/view/extra-gazettes/2026/1/2470-41_S.pdf	2470/41
lk_extraordinary_gazettes_2020s	2026-01-08-2026-01-08-2470-41-en	2026-01-08-2470-41-en	2026-01-08	Land Title Settlement Department	https://documents.gov.lk/view/extra-gazettes/egz_2026.html	en	https://documents.gov.lk/view/extra-gazettes/2026/1/2470-41_E.pdf	2470/41
lk_extraordinary_gazettes_2020s	2026-01-08-2026-01-08-2470-40-ta	2026-01-08-2470-40-ta	2026-01-08	Land Title Settlement Department	https://documents.gov.lk/view/extra-gazettes/egz_2026.html	ta	https://documents.gov.lk/view/extra-gazettes/2026/1/2470-40_T.pdf	2470/40
lk_extraordinary_gazettes_2020s	2026-01-08-2026-01-08-2470-40-si	2026-01-08-2470-40-si	2026-01-08	Land Title Settlement Department	https://documents.gov.lk/view/extra-gazettes/egz_2026.html	si	https://documents.gov.lk/view/extra-gazettes/2026/1/2470-40_S.pdf	2470/40
lk_extraordinary_gazettes_2020s	2026-01-08-2026-01-08-2470-40-en	2026-01-08-2470-40-en	2026-01-08	Land Title Settlement Department	https://documents.gov.lk/view/extra-gazettes/egz_2026.html	en	https://documents.gov.lk/view/extra-gazettes/2026/1/2470-40_E.pdf	2470/40
lk_extraordinary_gazettes_2020s	2026-01-08-2026-01-08-2470-39-si	2026-01-08-2470-39-si	2026-01-08	Land Title Settlement Dept	https://documents.gov.lk/view/extra-gazettes/egz_2026.html	si	https://documents.gov.lk/view/extra-gazettes/2026/1/2470-39_S.pdf	2470/39
lk_extraordinary_gazettes_2020s	2026-01-08-2026-01-08-2470-39-en	2026-01-08-2470-39-en	2026-01-08	Land Title Settlement Dept	https://documents.gov.lk/view/extra-gazettes/egz_2026.html	en	https://documents.gov.lk/view/extra-gazettes/2026/1/2470-39_E.pdf	2470/39
lk_extraordinary_gazettes_2020s	2026-01-08-2026-01-08-2470-38-ta	2026-01-08-2470-38-ta	2026-01-08	Land Acquisition	https://documents.gov.lk/view/extra-gazettes/egz_2026.html	ta	https://documents.gov.lk/view/extra-gazettes/2026/1/2470-38_T.pdf	2470/38
lk_extraordinary_gazettes_2020s	2026-01-08-2026-01-08-2470-38-si	2026-01-08-2470-38-si	2026-01-08	2470/38	https://documents.gov.lk/view/extra-gazettes/egz_2026.html	si	https://documents.gov.lk/view/extra-gazettes/2026/1/2470-38_S.pdf	2470/38
lk_extraordinary_gazettes_2020s	2026-01-08-2026-01-08-2470-38-en	2026-01-08-2470-38-en	2026-01-08	2470/38	https://documents.gov.lk/view/extra-gazettes/egz_2026.html	en	https://documents.gov.lk/view/extra-gazettes/2026/1/2470-38_E.pdf	2470/38
lk_extraordinary_gazettes_2020s	2026-01-08-2026-01-08-2470-37-ta	2026-01-08-2470-37-ta	2026-01-08	Land Acquisition	https://documents.gov.lk/view/extra-gazettes/egz_2026.html	ta	https://documents.gov.lk/view/extra-gazettes/2026/1/2470-37_T.pdf	2470/37
lk_extraordinary_gazettes_2020s	2026-01-08-2026-01-08-2470-37-si	2026-01-08-2470-37-si	2026-01-08	2470/37	https://documents.gov.lk/view/extra-gazettes/egz_2026.html	si	https://documents.gov.lk/view/extra-gazettes/2026/1/2470-37_S.pdf	2470/37
lk_extraordinary_gazettes_2020s	2026-01-08-2026-01-08-2470-37-en	2026-01-08-2470-37-en	2026-01-08	2470/37	https://documents.gov.lk/view/extra-gazettes/egz_2026.html	en	https://documents.gov.lk/view/extra-gazettes/2026/1/2470-37_E.pdf	2470/37
lk_extraordinary_gazettes_2020s	2026-01-08-2026-01-08-2470-36-ta	2026-01-08-2470-36-ta	2026-01-08	2470/36	https://documents.gov.lk/view/extra-gazettes/egz_2026.html	ta	https://documents.gov.lk/view/extra-gazettes/2026/1/2470-36_T.pdf	2470/36
lk_extraordinary_gazettes_2020s	2026-01-08-2026-01-08-2470-36-si	2026-01-08-2470-36-si	2026-01-08	2470/36	https://documents.gov.lk/view/extra-gazettes/egz_2026.html	si	https://documents.gov.lk/view/extra-gazettes/2026/1/2470-36_S.pdf	2470/36
lk_extraordinary_gazettes_2020s	2026-01-08-2026-01-08-2470-36-en	2026-01-08-2470-36-en	2026-01-08	2470/36	https://documents.gov.lk/view/extra-gazettes/egz_2026.html	en	https://documents.gov.lk/view/extra-gazettes/2026/1/2470-36_E.pdf	2470/36
lk_extraordinary_gazettes_2020s	2026-01-08-2026-01-08-2470-35-ta	2026-01-08-2470-35-ta	2026-01-08	Land Acquisition - Baddegama, Panwila D/S/D, Kandy District, Mangoda Medadumbara D/S/D, Kandy District (Section 38 a)	https://documents.gov.lk/view/extra-gazettes/egz_2026.html	ta	https://documents.gov.lk/view/extra-gazettes/2026/1/2470-35_T.pdf	2470/35
lk_extraordinary_gazettes_2020s	2026-01-08-2026-01-08-2470-35-si	2026-01-08-2470-35-si	2026-01-08	2470/35	https://documents.gov.lk/view/extra-gazettes/egz_2026.html	si	https://documents.gov.lk/view/extra-gazettes/2026/1/2470-35_S.pdf	2470/35
lk_extraordinary_gazettes_2020s	2026-01-08-2026-01-08-2470-35-en	2026-01-08-2470-35-en	2026-01-08	2470/35	https://documents.gov.lk/view/extra-gazettes/egz_2026.html	en	https://documents.gov.lk/view/extra-gazettes/2026/1/2470-35_E.pdf	2470/35
lk_extraordinary_gazettes_2020s	2026-01-08-2026-01-08-2470-34-ta	2026-01-08-2470-34-ta	2026-01-08	Land Acquisition - Giddawa Medadumbara D/S/D, Kandy District	https://documents.gov.lk/view/extra-gazettes/egz_2026.html	ta	https://documents.gov.lk/view/extra-gazettes/2026/1/2470-34_T.pdf	2470/34
lk_extraordinary_gazettes_2020s	2026-01-08-2026-01-08-2470-34-si	2026-01-08-2470-34-si	2026-01-08	2470/34	https://documents.gov.lk/view/extra-gazettes/egz_2026.html	si	https://documents.gov.lk/view/extra-gazettes/2026/1/2470-34_S.pdf	2470/34
lk_extraordinary_gazettes_2020s	2026-01-08-2026-01-08-2470-34-en	2026-01-08-2470-34-en	2026-01-08	2470/34	https://documents.gov.lk/view/extra-gazettes/egz_2026.html	en	https://documents.gov.lk/view/extra-gazettes/2026/1/2470-34_E.pdf	2470/34
lk_extraordinary_gazettes_2020s	2026-01-08-2026-01-08-2470-33-ta	2026-01-08-2470-33-ta	2026-01-08	2470/33	https://documents.gov.lk/view/extra-gazettes/egz_2026.html	ta	https://documents.gov.lk/view/extra-gazettes/2026/1/2470-33_T.pdf	2470/33
lk_extraordinary_gazettes_2020s	2026-01-08-2026-01-08-2470-33-si	2026-01-08-2470-33-si	2026-01-08	2470/33	https://documents.gov.lk/view/extra-gazettes/egz_2026.html	si	https://documents.gov.lk/view/extra-gazettes/2026/1/2470-33_S.pdf	2470/33
lk_extraordinary_gazettes_2020s	2026-01-08-2026-01-08-2470-33-en	2026-01-08-2470-33-en	2026-01-08	2470/33	https://documents.gov.lk/view/extra-gazettes/egz_2026.html	en	https://documents.gov.lk/view/extra-gazettes/2026/1/2470-33_E.pdf	2470/33
lk_extraordinary_gazettes_2020s	2026-01-08-2026-01-08-2470-32-ta	2026-01-08-2470-32-ta	2026-01-08	2470/32	https://documents.gov.lk/view/extra-gazettes/egz_2026.html	ta	https://documents.gov.lk/view/extra-gazettes/2026/1/2470-32_T.pdf	2470/32
lk_extraordinary_gazettes_2020s	2026-01-08-2026-01-08-2470-32-si	2026-01-08-2470-32-si	2026-01-08	"Land Acquisition - Ihalagama, gampaha D/S/D, Gampaha District ,
Kekulanda , Udapalatha D/S/D, Kandy District"	https://documents.gov.lk/view/extra-gazettes/egz_2026.html	si	https://documents.gov.lk/view/extra-gazettes/2026/1/2470-32_S.pdf	2470/32
lk_extraordinary_gazettes_2020s	2026-01-08-2026-01-08-2470-32-en	2026-01-08-2470-32-en	2026-01-08	2470/32	https://documents.gov.lk/view/extra-gazettes/egz_2026.html	en	https://documents.gov.lk/view/extra-gazettes/2026/1/2470-32_E.pdf	2470/32
lk_extraordinary_gazettes_2020s	2026-01-08-2026-01-08-2470-31-ta	2026-01-08-2470-31-ta	2026-01-08	Elections Commission - Appointments Accordance with the Provisions of 66 C (4) L.A.E.O Post of Chairman and Vice Chairman of Anamaduwa P S	https://documents.gov.lk/view/extra-gazettes/egz_2026.html	ta	https://documents.gov.lk/view/extra-gazettes/2026/1/2470-31_T.pdf	2470/31
lk_extraordinary_gazettes_2020s	2026-01-08-2026-01-08-2470-31-si	2026-01-08-2470-31-si	2026-01-08	2470/31	https://documents.gov.lk/view/extra-gazettes/egz_2026.html	si	https://documents.gov.lk/view/extra-gazettes/2026/1/2470-31_S.pdf	2470/31
lk_extraordinary_gazettes_2020s	2026-01-08-2026-01-08-2470-31-en	2026-01-08-2470-31-en	2026-01-08	2470/31	https://documents.gov.lk/view/extra-gazettes/egz_2026.html	en	https://documents.gov.lk/view/extra-gazettes/2026/1/2470-31_E.pdf	2470/31
lk_extraordinary_gazettes_2020s	2026-01-07-2026-01-07-2470-30-ta	2026-01-07-2470-30-ta	2026-01-07	Ministry of Trade, Commerce, Food Security - The Societies Ordinance	https://documents.gov.lk/view/extra-gazettes/egz_2026.html	ta	https://documents.gov.lk/view/extra-gazettes/2026/1/2470-30_T.pdf	2470/30
lk_extraordinary_gazettes_2020s	2026-01-07-2026-01-07-2470-30-si	2026-01-07-2470-30-si	2026-01-07	Ministry of Trade, Commerce, Food Security - The Societies Ordinance	https://documents.gov.lk/view/extra-gazettes/egz_2026.html	si	https://documents.gov.lk/view/extra-gazettes/2026/1/2470-30_S.pdf	2470/30
lk_extraordinary_gazettes_2020s	2026-01-07-2026-01-07-2470-30-en	2026-01-07-2470-30-en	2026-01-07	2470/30	https://documents.gov.lk/view/extra-gazettes/egz_2026.html	en	https://documents.gov.lk/view/extra-gazettes/2026/1/2470-30_E.pdf	2470/30
lk_extraordinary_gazettes_2020s	2026-01-07-2026-01-07-2470-29-ta	2026-01-07-2470-29-ta	2026-01-07	2470/29	https://documents.gov.lk/view/extra-gazettes/egz_2026.html	ta	https://documents.gov.lk/view/extra-gazettes/2026/1/2470-29_T.pdf	2470/29
lk_extraordinary_gazettes_2020s	2026-01-07-2026-01-07-2470-29-si	2026-01-07-2470-29-si	2026-01-07	"Land Acquisition -Kottawa, maharagama D/S/D, Colombo District 
Nainamadama, Wennappuwa D/S/D, Puttalam District
Thalagaspitiya, Aranayaka D/S/D, Kegalle Distrct"	https://documents.gov.lk/view/extra-gazettes/egz_2026.html	si	https://documents.gov.lk/view/extra-gazettes/2026/1/2470-29_S.pdf	2470/29
lk_extraordinary_gazettes_2020s	2026-01-07-2026-01-07-2470-29-en	2026-01-07-2470-29-en	2026-01-07	"Land Acquisition -Kottawa, maharagama D/S/D, Colombo District 
Nainamadama, Wennappuwa D/S/D, Puttalam District
Thalagaspitiya, Aranayaka D/S/D, Kegalle Distrct"	https://documents.gov.lk/view/extra-gazettes/egz_2026.html	en	https://documents.gov.lk/view/extra-gazettes/2026/1/2470-29_E.pdf	2470/29
lk_extraordinary_gazettes_2020s	2026-01-07-2026-01-07-2470-28-si	2026-01-07-2470-28-si	2026-01-07	2470/28	https://documents.gov.lk/view/extra-gazettes/egz_2026.html	si	https://documents.gov.lk/view/extra-gazettes/2026/1/2470-28_S.pdf	2470/28
lk_extraordinary_gazettes_2020s	2026-01-07-2026-01-07-2470-28-en	2026-01-07-2470-28-en	2026-01-07	2470/28	https://documents.gov.lk/view/extra-gazettes/egz_2026.html	en	https://documents.gov.lk/view/extra-gazettes/2026/1/2470-28_E.pdf	2470/28
lk_extraordinary_gazettes_2020s	2026-01-07-2026-01-07-2470-27-si	2026-01-07-2470-27-si	2026-01-07	Ministry of Public Administration - Appointments under the Notaries Ordinance	https://documents.gov.lk/view/extra-gazettes/egz_2026.html	si	https://documents.gov.lk/view/extra-gazettes/2026/1/2470-27_S.pdf	2470/27
lk_extraordinary_gazettes_2020s	2026-01-07-2026-01-07-2470-26-ta	2026-01-07-2470-26-ta	2026-01-07	Ministry of Public Administration - Appointments under the Notaries Ordinance	https://documents.gov.lk/view/extra-gazettes/egz_2026.html	ta	https://documents.gov.lk/view/extra-gazettes/2026/1/2470-26_T.pdf	2470/26
lk_extraordinary_gazettes_2020s	2026-01-07-2026-01-07-2470-26-si	2026-01-07-2470-26-si	2026-01-07	2470/26	https://documents.gov.lk/view/extra-gazettes/egz_2026.html	si	https://documents.gov.lk/view/extra-gazettes/2026/1/2470-26_S.pdf	2470/26
lk_extraordinary_gazettes_2020s	2026-01-07-2026-01-07-2470-26-en	2026-01-07-2470-26-en	2026-01-07	2470/26	https://documents.gov.lk/view/extra-gazettes/egz_2026.html	en	https://documents.gov.lk/view/extra-gazettes/2026/1/2470-26_E.pdf	2470/26
lk_extraordinary_gazettes_2020s	2026-01-07-2026-01-07-2470-25-ta	2026-01-07-2470-25-ta	2026-01-07	Public Service Commission of Central Provincial - Minute of the Central Provincial Management Service Officers' Service - Amendment No 5	https://documents.gov.lk/view/extra-gazettes/egz_2026.html	ta	https://documents.gov.lk/view/extra-gazettes/2026/1/2470-25_T.pdf	2470/25
lk_extraordinary_gazettes_2020s	2026-01-07-2026-01-07-2470-25-si	2026-01-07-2470-25-si	2026-01-07	2470/25	https://documents.gov.lk/view/extra-gazettes/egz_2026.html	si	https://documents.gov.lk/view/extra-gazettes/2026/1/2470-25_S.pdf	2470/25
lk_extraordinary_gazettes_2020s	2026-01-07-2026-01-07-2470-25-en	2026-01-07-2470-25-en	2026-01-07	2470/25	https://documents.gov.lk/view/extra-gazettes/egz_2026.html	en	https://documents.gov.lk/view/extra-gazettes/2026/1/2470-25_E.pdf	2470/25
lk_extraordinary_gazettes_2020s	2026-01-07-2026-01-07-2470-24-ta	2026-01-07-2470-24-ta	2026-01-07	"Land Acquission - Bamunuwala, Kurunegala D/S/DS, Kurunegala District 
Malkadawawa , Kurnegalala D/S/D, Kurunegala District,"	https://documents.gov.lk/view/extra-gazettes/egz_2026.html	ta	https://documents.gov.lk/view/extra-gazettes/2026/1/2470-24_T.pdf	2470/24
lk_extraordinary_gazettes_2020s	2026-01-07-2026-01-07-2470-24-si	2026-01-07-2470-24-si	2026-01-07	"Land Acquission - Bamunuwala, Kurunegala D/S/DS, Kurunegala District 
Malkadawawa , Kurnegalala D/S/D, Kurunegala District,"	https://documents.gov.lk/view/extra-gazettes/egz_2026.html	si	https://documents.gov.lk/view/extra-gazettes/2026/1/2470-24_S.pdf	2470/24
lk_extraordinary_gazettes_2020s	2026-01-07-2026-01-07-2470-24-en	2026-01-07-2470-24-en	2026-01-07	"Land Acquission - Bamunuwala, Kurunegala D/S/DS, Kurunegala District 
Malkadawawa , Kurnegalala D/S/D, Kurunegala District,"	https://documents.gov.lk/view/extra-gazettes/egz_2026.html	en	https://documents.gov.lk/view/extra-gazettes/2026/1/2470-24_E.pdf	2470/24
lk_extraordinary_gazettes_2020s	2026-01-07-2026-01-07-2470-23-ta	2026-01-07-2470-23-ta	2026-01-07	Presidential Secretariat - Appointed Mr. Chandima C. Muhandiramge  as the Chief Secretary of the Southern Province.	https://documents.gov.lk/view/extra-gazettes/egz_2026.html	ta	https://documents.gov.lk/view/extra-gazettes/2026/1/2470-23_T.pdf	2470/23
lk_extraordinary_gazettes_2020s	2026-01-07-2026-01-07-2470-23-si	2026-01-07-2470-23-si	2026-01-07	Presidential Secretariat - Appointed Mr. Chandima C. Muhandiramge  as the Chief Secretary of the Southern Province.	https://documents.gov.lk/view/extra-gazettes/egz_2026.html	si	https://documents.gov.lk/view/extra-gazettes/2026/1/2470-23_S.pdf	2470/23
lk_extraordinary_gazettes_2020s	2026-01-07-2026-01-07-2470-23-en	2026-01-07-2470-23-en	2026-01-07	Presidential Secretariat - Appointed Mr. Chandima C. Muhandiramge  as the Chief Secretary of the Southern Province.	https://documents.gov.lk/view/extra-gazettes/egz_2026.html	en	https://documents.gov.lk/view/extra-gazettes/2026/1/2470-23_E.pdf	2470/23
lk_extraordinary_gazettes_2020s	2026-01-07-2026-01-07-2470-22-ta	2026-01-07-2470-22-ta	2026-01-07	Election Commission - Filling of a Vacancy in the Office of member of the Dehiowita Pradheshiya Sabha	https://documents.gov.lk/view/extra-gazettes/egz_2026.html	ta	https://documents.gov.lk/view/extra-gazettes/2026/1/2470-22_T.pdf	2470/22
lk_extraordinary_gazettes_2020s	2026-01-07-2026-01-07-2470-22-si	2026-01-07-2470-22-si	2026-01-07	Election Commission - Filling of a Vacancy in the Office of member of the Dehiowita Pradheshiya Sabha	https://documents.gov.lk/view/extra-gazettes/egz_2026.html	si	https://documents.gov.lk/view/extra-gazettes/2026/1/2470-22_S.pdf	2470/22
lk_extraordinary_gazettes_2020s	2026-01-07-2026-01-07-2470-22-en	2026-01-07-2470-22-en	2026-01-07	Election Commission - Filling of a Vacancy in the Office of member of the Dehiowita Pradheshiya Sabha	https://documents.gov.lk/view/extra-gazettes/egz_2026.html	en	https://documents.gov.lk/view/extra-gazettes/2026/1/2470-22_E.pdf	2470/22
lk_extraordinary_gazettes_2020s	2026-01-06-2026-01-06-2470-21-ta	2026-01-06-2470-21-ta	2026-01-06	Ministry of Energy - Revise the Fuel Price	https://documents.gov.lk/view/extra-gazettes/egz_2026.html	ta	https://documents.gov.lk/view/extra-gazettes/2026/1/2470-21_T.pdf	2470/21
lk_extraordinary_gazettes_2020s	2026-01-06-2026-01-06-2470-20-ta	2026-01-06-2470-20-ta	2026-01-06	Ministry of Defence - Freezing Order Made under Regulations 5 of the United Nations Regulation No. 01 of 2012	https://documents.gov.lk/view/extra-gazettes/egz_2026.html	ta	https://documents.gov.lk/view/extra-gazettes/2026/1/2470-20_T.pdf	2470/20
lk_extraordinary_gazettes_2020s	2026-01-06-2026-01-06-2470-20-si	2026-01-06-2470-20-si	2026-01-06	Ministry of Defence - Freezing Order Made under Regulations 5 of the United Nations Regulation No. 01 of 2012	https://documents.gov.lk/view/extra-gazettes/egz_2026.html	si	https://documents.gov.lk/view/extra-gazettes/2026/1/2470-20_S.pdf	2470/20
lk_extraordinary_gazettes_2020s	2026-01-06-2026-01-06-2470-20-en	2026-01-06-2470-20-en	2026-01-06	Ministry of Defence - Freezing Order Made under Regulations 5 of the United Nations Regulation No. 01 of 2012	https://documents.gov.lk/view/extra-gazettes/egz_2026.html	en	https://documents.gov.lk/view/extra-gazettes/2026/1/2470-20_E.pdf	2470/20
lk_extraordinary_gazettes_2020s	2026-01-06-2026-01-06-2470-19-ta	2026-01-06-2470-19-ta	2026-01-06	Ministry of Defence - United Nations Security Council Resolution (UN Scr) 1373 - Regulation No. 01 of 2012	https://documents.gov.lk/view/extra-gazettes/egz_2026.html	ta	https://documents.gov.lk/view/extra-gazettes/2026/1/2470-19_T.pdf	2470/19
lk_extraordinary_gazettes_2020s	2026-01-06-2026-01-06-2470-19-si	2026-01-06-2470-19-si	2026-01-06	Ministry of Defence - United Nations Security Council Resolution (UN Scr) 1373 - Regulation No. 01 of 2012	https://documents.gov.lk/view/extra-gazettes/egz_2026.html	si	https://documents.gov.lk/view/extra-gazettes/2026/1/2470-19_S.pdf	2470/19
lk_extraordinary_gazettes_2020s	2026-01-06-2026-01-06-2470-19-en	2026-01-06-2470-19-en	2026-01-06	Ministry of Defence - United Nations Security Council Resolution (UN Scr) 1373 - Regulation No. 01 of 2012	https://documents.gov.lk/view/extra-gazettes/egz_2026.html	en	https://documents.gov.lk/view/extra-gazettes/2026/1/2470-19_E.pdf	2470/19
lk_extraordinary_gazettes_2020s	2026-01-05-2026-01-05-2470-18-ta	2026-01-05-2470-18-ta	2026-01-05	Commission to Investigate Allegations to Bribery or Corruption - Anti - Corruption Act, No 09 of 2023 Rule	https://documents.gov.lk/view/extra-gazettes/egz_2026.html	ta	https://documents.gov.lk/view/extra-gazettes/2026/1/2470-18_T.pdf	2470/18
lk_extraordinary_gazettes_2020s	2026-01-05-2026-01-05-2470-18-si	2026-01-05-2470-18-si	2026-01-05	2470/18	https://documents.gov.lk/view/extra-gazettes/egz_2026.html	si	https://documents.gov.lk/view/extra-gazettes/2026/1/2470-18_S.pdf	2470/18
lk_extraordinary_gazettes_2020s	2026-01-05-2026-01-05-2470-18-en	2026-01-05-2470-18-en	2026-01-05	2470/18	https://documents.gov.lk/view/extra-gazettes/egz_2026.html	en	https://documents.gov.lk/view/extra-gazettes/2026/1/2470-18_E.pdf	2470/18
lk_extraordinary_gazettes_2020s	2026-01-05-2026-01-05-2470-17-si	2026-01-05-2470-17-si	2026-01-05	Governor Secretariat - Northern Province - Appointed Kandiah Ariyanayagam as an investigation officer of Vavuniya M.C	https://documents.gov.lk/view/extra-gazettes/egz_2026.html	si	https://documents.gov.lk/view/extra-gazettes/2026/1/2470-17_S.pdf	2470/17
lk_extraordinary_gazettes_2020s	2026-01-05-2026-01-05-2470-17-en	2026-01-05-2470-17-en	2026-01-05	Governor Secretariat - Northern Province - Appointed Kandiah Ariyanayagam as an investigation officer of Vavuniya M.C	https://documents.gov.lk/view/extra-gazettes/egz_2026.html	en	https://documents.gov.lk/view/extra-gazettes/2026/1/2470-17_E.pdf	2470/17
lk_extraordinary_gazettes_2020s	2026-01-05-2026-01-05-2470-16-ta	2026-01-05-2470-16-ta	2026-01-05	Secretariat of the Governor - Eastern Province - Delegation of powers to the Assistant Commissioner of Ampara District	https://documents.gov.lk/view/extra-gazettes/egz_2026.html	ta	https://documents.gov.lk/view/extra-gazettes/2026/1/2470-16_T.pdf	2470/16
lk_extraordinary_gazettes_2020s	2026-01-05-2026-01-05-2470-16-si	2026-01-05-2470-16-si	2026-01-05	Secretariat of the Governor - Eastern Province - Delegation of powers to the Assistant Commissioner of Ampara District	https://documents.gov.lk/view/extra-gazettes/egz_2026.html	si	https://documents.gov.lk/view/extra-gazettes/2026/1/2470-16_S.pdf	2470/16
lk_extraordinary_gazettes_2020s	2026-01-05-2026-01-05-2470-16-en	2026-01-05-2470-16-en	2026-01-05	Secretariat of the Governor - Eastern Province - Delegation of powers to the Assistant Commissioner of Ampara District	https://documents.gov.lk/view/extra-gazettes/egz_2026.html	en	https://documents.gov.lk/view/extra-gazettes/2026/1/2470-16_E.pdf	2470/16
lk_extraordinary_gazettes_2020s	2026-01-05-2026-01-05-2470-15-ta	2026-01-05-2470-15-ta	2026-01-05	Department of Local Government - Eastern Province - Elected Vice Chairman of Irakkamam Pradeshiya Sabha	https://documents.gov.lk/view/extra-gazettes/egz_2026.html	ta	https://documents.gov.lk/view/extra-gazettes/2026/1/2470-15_T.pdf	2470/15
lk_extraordinary_gazettes_2020s	2026-01-05-2026-01-05-2470-15-si	2026-01-05-2470-15-si	2026-01-05	Department of Local Government - Eastern Province - Elected Vice Chairman of Irakkamam Pradeshiya Sabha	https://documents.gov.lk/view/extra-gazettes/egz_2026.html	si	https://documents.gov.lk/view/extra-gazettes/2026/1/2470-15_S.pdf	2470/15
lk_extraordinary_gazettes_2020s	2026-01-05-2026-01-05-2470-15-en	2026-01-05-2470-15-en	2026-01-05	Department of Local Government - Eastern Province - Elected Vice Chairman of Irakkamam Pradeshiya Sabha	https://documents.gov.lk/view/extra-gazettes/egz_2026.html	en	https://documents.gov.lk/view/extra-gazettes/2026/1/2470-15_E.pdf	2470/15
lk_extraordinary_gazettes_2020s	2026-01-05-2026-01-05-2470-14-ta	2026-01-05-2470-14-ta	2026-01-05	2470/14	https://documents.gov.lk/view/extra-gazettes/egz_2026.html	ta	https://documents.gov.lk/view/extra-gazettes/2026/1/2470-14_T.pdf	2470/14
lk_extraordinary_gazettes_2020s	2026-01-05-2026-01-05-2470-14-si	2026-01-05-2470-14-si	2026-01-05	2470/14	https://documents.gov.lk/view/extra-gazettes/egz_2026.html	si	https://documents.gov.lk/view/extra-gazettes/2026/1/2470-14_S.pdf	2470/14
lk_extraordinary_gazettes_2020s	2026-01-05-2026-01-05-2470-14-en	2026-01-05-2470-14-en	2026-01-05	2470/14	https://documents.gov.lk/view/extra-gazettes/egz_2026.html	en	https://documents.gov.lk/view/extra-gazettes/2026/1/2470-14_E.pdf	2470/14
lk_extraordinary_gazettes_2020s	2026-01-05-2026-01-05-2470-13-ta	2026-01-05-2470-13-ta	2026-01-05	Land Acquisition - Kithalawa , Kuliyapitiya West D/S/D, Kurunegala District	https://documents.gov.lk/view/extra-gazettes/egz_2026.html	ta	https://documents.gov.lk/view/extra-gazettes/2026/1/2470-13_T.pdf	2470/13
lk_extraordinary_gazettes_2020s	2026-01-05-2026-01-05-2470-13-si	2026-01-05-2470-13-si	2026-01-05	2470/13	https://documents.gov.lk/view/extra-gazettes/egz_2026.html	si	https://documents.gov.lk/view/extra-gazettes/2026/1/2470-13_S.pdf	2470/13
lk_extraordinary_gazettes_2020s	2026-01-05-2026-01-05-2470-13-en	2026-01-05-2470-13-en	2026-01-05	2470/13	https://documents.gov.lk/view/extra-gazettes/egz_2026.html	en	https://documents.gov.lk/view/extra-gazettes/2026/1/2470-13_E.pdf	2470/13
lk_extraordinary_gazettes_2020s	2026-01-05-2026-01-05-2470-11-si	2026-01-05-2470-11-si	2026-01-05	Land Title Settlement Dept	https://documents.gov.lk/view/extra-gazettes/egz_2026.html	si	https://documents.gov.lk/view/extra-gazettes/2026/1/2470-11_S.pdf	2470/11
lk_extraordinary_gazettes_2020s	2026-01-05-2026-01-05-2470-11-en	2026-01-05-2470-11-en	2026-01-05	Land Title Settlement Dept	https://documents.gov.lk/view/extra-gazettes/egz_2026.html	en	https://documents.gov.lk/view/extra-gazettes/2026/1/2470-11_E.pdf	2470/11
lk_extraordinary_gazettes_2020s	2026-01-05-2026-01-05-2470-10-si	2026-01-05-2470-10-si	2026-01-05	Land Title Settlement Dept - Weeravila New Town, Lunugamwehera D/S/D, Hambantota District (25/0373)	https://documents.gov.lk/view/extra-gazettes/egz_2026.html	si	https://documents.gov.lk/view/extra-gazettes/2026/1/2470-10_S.pdf	2470/10
lk_extraordinary_gazettes_2020s	2026-01-05-2026-01-05-2470-10-en	2026-01-05-2470-10-en	2026-01-05	Land Title Settlement Dept - Weeravila New Town, Lunugamwehera D/S/D, Hambantota District (25/0373)	https://documents.gov.lk/view/extra-gazettes/egz_2026.html	en	https://documents.gov.lk/view/extra-gazettes/2026/1/2470-10_E.pdf	2470/10
lk_extraordinary_gazettes_2020s	2026-01-05-2026-01-05-2470-09-si	2026-01-05-2470-09-si	2026-01-05	Land Title Settlement Dept -Thalawaththa, Udunuwara D/S/D, Kandy District (7892)	https://documents.gov.lk/view/extra-gazettes/egz_2026.html	si	https://documents.gov.lk/view/extra-gazettes/2026/1/2470-09_S.pdf	2470/09
lk_extraordinary_gazettes_2020s	2026-01-05-2026-01-05-2470-09-en	2026-01-05-2470-09-en	2026-01-05	Land Title Settlement Dept -Thalawaththa, Udunuwara D/S/D, Kandy District (7892)	https://documents.gov.lk/view/extra-gazettes/egz_2026.html	en	https://documents.gov.lk/view/extra-gazettes/2026/1/2470-09_E.pdf	2470/09
lk_extraordinary_gazettes_2020s	2026-01-05-2026-01-05-2470-08-si	2026-01-05-2470-08-si	2026-01-05	Land Title Settlement Dept -Ayagama, Ayagama D/S/D, Ratnapura District (25/0456)	https://documents.gov.lk/view/extra-gazettes/egz_2026.html	si	https://documents.gov.lk/view/extra-gazettes/2026/1/2470-08_S.pdf	2470/08
lk_extraordinary_gazettes_2020s	2026-01-05-2026-01-05-2470-08-en	2026-01-05-2470-08-en	2026-01-05	Land Title Settlement Dept -Ayagama, Ayagama D/S/D, Ratnapura District (25/0456)	https://documents.gov.lk/view/extra-gazettes/egz_2026.html	en	https://documents.gov.lk/view/extra-gazettes/2026/1/2470-08_E.pdf	2470/08
lk_extraordinary_gazettes_2020s	2026-01-05-2026-01-05-2470-07-si	2026-01-05-2470-07-si	2026-01-05	Deraniyagala Pradheshiya Sabha - List of Roads and Thoroughfares	https://documents.gov.lk/view/extra-gazettes/egz_2026.html	si	https://documents.gov.lk/view/extra-gazettes/2026/1/2470-07_S.pdf	2470/07
lk_extraordinary_gazettes_2020s	2026-01-05-2026-01-05-2470-07-en	2026-01-05-2470-07-en	2026-01-05	Deraniyagala Pradheshiya Sabha - List of Roads and Thoroughfares	https://documents.gov.lk/view/extra-gazettes/egz_2026.html	en	https://documents.gov.lk/view/extra-gazettes/2026/1/2470-07_E.pdf	2470/07
lk_extraordinary_gazettes_2020s	2026-01-05-2026-01-05-2470-06-si	2026-01-05-2470-06-si	2026-01-05	Governor's Offiice - North Central - Appointment made by Hon.Governer of North Central Provincial Council	https://documents.gov.lk/view/extra-gazettes/egz_2026.html	si	https://documents.gov.lk/view/extra-gazettes/2026/1/2470-06_S.pdf	2470/06
lk_extraordinary_gazettes_2020s	2026-01-05-2026-01-05-2470-06-en	2026-01-05-2470-06-en	2026-01-05	Governor's Offiice - North Central - Appointment made by Hon.Governer of North Central Provincial Council	https://documents.gov.lk/view/extra-gazettes/egz_2026.html	en	https://documents.gov.lk/view/extra-gazettes/2026/1/2470-06_E.pdf	2470/06
lk_extraordinary_gazettes_2020s	2026-01-05-2026-01-05-2470-05-ta	2026-01-05-2470-05-ta	2026-01-05	2470/05	https://documents.gov.lk/view/extra-gazettes/egz_2026.html	ta	https://documents.gov.lk/view/extra-gazettes/2026/1/2470-05_T.pdf	2470/05
lk_extraordinary_gazettes_2020s	2026-01-05-2026-01-05-2470-05-si	2026-01-05-2470-05-si	2026-01-05	Land Acquisition	https://documents.gov.lk/view/extra-gazettes/egz_2026.html	si	https://documents.gov.lk/view/extra-gazettes/2026/1/2470-05_S.pdf	2470/05
lk_extraordinary_gazettes_2020s	2026-01-05-2026-01-05-2470-05-en	2026-01-05-2470-05-en	2026-01-05	Land Acquisition	https://documents.gov.lk/view/extra-gazettes/egz_2026.html	en	https://documents.gov.lk/view/extra-gazettes/2026/1/2470-05_E.pdf	2470/05
lk_extraordinary_gazettes_2020s	2026-01-05-2026-01-05-2470-04-ta	2026-01-05-2470-04-ta	2026-01-05	Ministry of Justice and National Integration - Mutual Assistance in Criminal Matters Act No . 25 of 2002	https://documents.gov.lk/view/extra-gazettes/egz_2026.html	ta	https://documents.gov.lk/view/extra-gazettes/2026/1/2470-04_T.pdf	2470/04
lk_extraordinary_gazettes_2020s	2026-01-05-2026-01-05-2470-04-si	2026-01-05-2470-04-si	2026-01-05	Ministry of Justice and National Integration - Mutual Assistance in Criminal Matters Act No . 25 of 2002	https://documents.gov.lk/view/extra-gazettes/egz_2026.html	si	https://documents.gov.lk/view/extra-gazettes/2026/1/2470-04_S.pdf	2470/04
lk_extraordinary_gazettes_2020s	2026-01-05-2026-01-05-2470-04-en	2026-01-05-2470-04-en	2026-01-05	Ministry of Justice and National Integration - Mutual Assistance in Criminal Matters Act No . 25 of 2002	https://documents.gov.lk/view/extra-gazettes/egz_2026.html	en	https://documents.gov.lk/view/extra-gazettes/2026/1/2470-04_E.pdf	2470/04
lk_extraordinary_gazettes_2020s	2026-01-05-2026-01-05-2470-02-ta	2026-01-05-2470-02-ta	2026-01-05	2470/02	https://documents.gov.lk/view/extra-gazettes/egz_2026.html	ta	https://documents.gov.lk/view/extra-gazettes/2026/1/2470-02_T.pdf	2470/02
lk_extraordinary_gazettes_2020s	2026-01-05-2026-01-05-2470-02-si	2026-01-05-2470-02-si	2026-01-05	2470/02	https://documents.gov.lk/view/extra-gazettes/egz_2026.html	si	https://documents.gov.lk/view/extra-gazettes/2026/1/2470-02_S.pdf	2470/02
lk_extraordinary_gazettes_2020s	2026-01-05-2026-01-05-2470-02-en	2026-01-05-2470-02-en	2026-01-05	2470/02	https://documents.gov.lk/view/extra-gazettes/egz_2026.html	en	https://documents.gov.lk/view/extra-gazettes/2026/1/2470-02_E.pdf	2470/02
lk_extraordinary_gazettes_2020s	2026-01-05-2026-01-05-2470-01-ta	2026-01-05-2470-01-ta	2026-01-05	Sri Lanka Customs - Rates of Exchange w.e.f. 05.01.2026 to 11.01.2026	https://documents.gov.lk/view/extra-gazettes/egz_2026.html	ta	https://documents.gov.lk/view/extra-gazettes/2026/1/2470-01_T.pdf	2470/01
lk_extraordinary_gazettes_2020s	2026-01-05-2026-01-05-2470-01-si	2026-01-05-2470-01-si	2026-01-05	Sri Lanka Customs - Rates of Exchange w.e.f. 05.01.2026 to 11.01.2026	https://documents.gov.lk/view/extra-gazettes/egz_2026.html	si	https://documents.gov.lk/view/extra-gazettes/2026/1/2470-01_S.pdf	2470/01
lk_extraordinary_gazettes_2020s	2026-01-05-2026-01-05-2470-01-en	2026-01-05-2470-01-en	2026-01-05	Sri Lanka Customs - Rates of Exchange w.e.f. 05.01.2026 to 11.01.2026	https://documents.gov.lk/view/extra-gazettes/egz_2026.html	en	https://documents.gov.lk/view/extra-gazettes/2026/1/2470-01_E.pdf	2470/01
lk_extraordinary_gazettes_2020s	2026-01-04-2026-01-04-2469-40-si	2026-01-04-2469-40-si	2026-01-04	Land Title Settlement Dept - Dandugama, Ja -Ela D/S/D, Gampaha District (25/14-204-0238)	https://documents.gov.lk/view/extra-gazettes/egz_2026.html	si	https://documents.gov.lk/view/extra-gazettes/2026/1/2469-40_S.pdf	2469/40
lk_extraordinary_gazettes_2020s	2026-01-04-2026-01-04-2469-40-en	2026-01-04-2469-40-en	2026-01-04	Land Title Settlement Dept - Dandugama, Ja -Ela D/S/D, Gampaha District (25/14-204-0238)	https://documents.gov.lk/view/extra-gazettes/egz_2026.html	en	https://documents.gov.lk/view/extra-gazettes/2026/1/2469-40_E.pdf	2469/40
lk_extraordinary_gazettes_2020s	2026-01-04-2026-01-04-2469-38-ta	2026-01-04-2469-38-ta	2026-01-04	Land Title Settlement Dept - Horombuwa, Wariyapola D/S/D, Kurunegala District (2/14-204-0144)	https://documents.gov.lk/view/extra-gazettes/egz_2026.html	ta	https://documents.gov.lk/view/extra-gazettes/2026/1/2469-38_T.pdf	2469/38
lk_extraordinary_gazettes_2020s	2026-01-04-2026-01-04-2469-38-si	2026-01-04-2469-38-si	2026-01-04	Land Title Settlement Dept - Horombuwa, Wariyapola D/S/D, Kurunegala District (2/14-204-0144)	https://documents.gov.lk/view/extra-gazettes/egz_2026.html	si	https://documents.gov.lk/view/extra-gazettes/2026/1/2469-38_S.pdf	2469/38
lk_extraordinary_gazettes_2020s	2026-01-04-2026-01-04-2469-38-en	2026-01-04-2469-38-en	2026-01-04	Land Title Settlement Dept - Horombuwa, Wariyapola D/S/D, Kurunegala District (2/14-204-0144)	https://documents.gov.lk/view/extra-gazettes/egz_2026.html	en	https://documents.gov.lk/view/extra-gazettes/2026/1/2469-38_E.pdf	2469/38
lk_extraordinary_gazettes_2020s	2026-01-04-2026-01-04-2469-37-ta	2026-01-04-2469-37-ta	2026-01-04	Land Acquisition - Ettampitiya, Haliela D/S/D, Badulla District (Section 05)	https://documents.gov.lk/view/extra-gazettes/egz_2026.html	ta	https://documents.gov.lk/view/extra-gazettes/2026/1/2469-37_T.pdf	2469/37
lk_extraordinary_gazettes_2020s	2026-01-04-2026-01-04-2469-37-si	2026-01-04-2469-37-si	2026-01-04	Land Acquisition - Ettampitiya, Haliela D/S/D, Badulla District (Section 05)	https://documents.gov.lk/view/extra-gazettes/egz_2026.html	si	https://documents.gov.lk/view/extra-gazettes/2026/1/2469-37_S.pdf	2469/37
lk_extraordinary_gazettes_2020s	2026-01-04-2026-01-04-2469-37-en	2026-01-04-2469-37-en	2026-01-04	Land Acquisition - Ettampitiya, Haliela D/S/D, Badulla District (Section 05)	https://documents.gov.lk/view/extra-gazettes/egz_2026.html	en	https://documents.gov.lk/view/extra-gazettes/2026/1/2469-37_E.pdf	2469/37
lk_extraordinary_gazettes_2020s	2026-01-04-2026-01-04-2469-36-ta	2026-01-04-2469-36-ta	2026-01-04	Central Bank of Sri Lanka - Extended the Term of the Administrator Appointed to Nation Lanka Finance PLC	https://documents.gov.lk/view/extra-gazettes/egz_2026.html	ta	https://documents.gov.lk/view/extra-gazettes/2026/1/2469-36_T.pdf	2469/36
lk_extraordinary_gazettes_2020s	2026-01-04-2026-01-04-2469-36-si	2026-01-04-2469-36-si	2026-01-04	Central Bank of Sri Lanka - Extended the Term of the Administrator Appointed to Nation Lanka Finance PLC	https://documents.gov.lk/view/extra-gazettes/egz_2026.html	si	https://documents.gov.lk/view/extra-gazettes/2026/1/2469-36_S.pdf	2469/36
lk_extraordinary_gazettes_2020s	2026-01-04-2026-01-04-2469-36-en	2026-01-04-2469-36-en	2026-01-04	Central Bank of Sri Lanka - Extended the Term of the Administrator Appointed to Nation Lanka Finance PLC	https://documents.gov.lk/view/extra-gazettes/egz_2026.html	en	https://documents.gov.lk/view/extra-gazettes/2026/1/2469-36_E.pdf	2469/36
lk_extraordinary_gazettes_2020s	2026-01-02-2026-01-02-2469-35-ta	2026-01-02-2469-35-ta	2026-01-02	2469/35	https://documents.gov.lk/view/extra-gazettes/egz_2026.html	ta	https://documents.gov.lk/view/extra-gazettes/2026/1/2469-35_T.pdf	2469/35
lk_extraordinary_gazettes_2020s	2026-01-02-2026-01-02-2469-35-si	2026-01-02-2469-35-si	2026-01-02	2469/35	https://documents.gov.lk/view/extra-gazettes/egz_2026.html	si	https://documents.gov.lk/view/extra-gazettes/2026/1/2469-35_S.pdf	2469/35
lk_extraordinary_gazettes_2020s	2026-01-02-2026-01-02-2469-35-en	2026-01-02-2469-35-en	2026-01-02	2469/35	https://documents.gov.lk/view/extra-gazettes/egz_2026.html	en	https://documents.gov.lk/view/extra-gazettes/2026/1/2469-35_E.pdf	2469/35
lk_extraordinary_gazettes_2020s	2026-01-02-2026-01-02-2469-33-si	2026-01-02-2469-33-si	2026-01-02	Land Title Settlement Dept - Paragodamulla, Kuliyapitiya D/S/D, Kurunegala District (25/0459)	https://documents.gov.lk/view/extra-gazettes/egz_2026.html	si	https://documents.gov.lk/view/extra-gazettes/2026/1/2469-33_S.pdf	2469/33
lk_extraordinary_gazettes_2020s	2026-01-02-2026-01-02-2469-33-en	2026-01-02-2469-33-en	2026-01-02	Land Title Settlement Dept - Paragodamulla, Kuliyapitiya D/S/D, Kurunegala District (25/0459)	https://documents.gov.lk/view/extra-gazettes/egz_2026.html	en	https://documents.gov.lk/view/extra-gazettes/2026/1/2469-33_E.pdf	2469/33
lk_extraordinary_gazettes_2020s	2026-01-02-2026-01-02-2469-32-ta	2026-01-02-2469-32-ta	2026-01-02	Land Title Settlement Dept - Deyyagala, Eheliyagoda D/S/D, Rathnapura District (24/14-204-00063)	https://documents.gov.lk/view/extra-gazettes/egz_2026.html	ta	https://documents.gov.lk/view/extra-gazettes/2026/1/2469-32_T.pdf	2469/32
lk_extraordinary_gazettes_2020s	2026-01-02-2026-01-02-2469-32-si	2026-01-02-2469-32-si	2026-01-02	Land Title Settlement Dept - Deyyagala, Eheliyagoda D/S/D, Rathnapura District (24/14-204-00063)	https://documents.gov.lk/view/extra-gazettes/egz_2026.html	si	https://documents.gov.lk/view/extra-gazettes/2026/1/2469-32_S.pdf	2469/32
lk_extraordinary_gazettes_2020s	2026-01-02-2026-01-02-2469-32-en	2026-01-02-2469-32-en	2026-01-02	Land Title Settlement Dept - Deyyagala, Eheliyagoda D/S/D, Rathnapura District (24/14-204-00063)	https://documents.gov.lk/view/extra-gazettes/egz_2026.html	en	https://documents.gov.lk/view/extra-gazettes/2026/1/2469-32_E.pdf	2469/32
lk_extraordinary_gazettes_2020s	2026-01-02-2026-01-02-2469-31-ta	2026-01-02-2469-31-ta	2026-01-02	Land Title Settleemnt Dept - AAthimale, Siyambalanduwa D/S/D, Monaragala District (25/14-204-00098)	https://documents.gov.lk/view/extra-gazettes/egz_2026.html	ta	https://documents.gov.lk/view/extra-gazettes/2026/1/2469-31_T.pdf	2469/31
lk_extraordinary_gazettes_2020s	2026-01-02-2026-01-02-2469-31-si	2026-01-02-2469-31-si	2026-01-02	Land Title Settleemnt Dept - AAthimale, Siyambalanduwa D/S/D, Monaragala District (25/14-204-00098)	https://documents.gov.lk/view/extra-gazettes/egz_2026.html	si	https://documents.gov.lk/view/extra-gazettes/2026/1/2469-31_S.pdf	2469/31
lk_extraordinary_gazettes_2020s	2026-01-02-2026-01-02-2469-31-en	2026-01-02-2469-31-en	2026-01-02	Land Title Settleemnt Dept - AAthimale, Siyambalanduwa D/S/D, Monaragala District (25/14-204-00098)	https://documents.gov.lk/view/extra-gazettes/egz_2026.html	en	https://documents.gov.lk/view/extra-gazettes/2026/1/2469-31_E.pdf	2469/31
lk_extraordinary_gazettes_2020s	2026-01-02-2026-01-02-2469-30-si	2026-01-02-2469-30-si	2026-01-02	Land Title Settlement Dept - Polonnaruwa,  Tangalle D/S/D, Hambantota District ( 25/14-204-00533)	https://documents.gov.lk/view/extra-gazettes/egz_2026.html	si	https://documents.gov.lk/view/extra-gazettes/2026/1/2469-30_S.pdf	2469/30
lk_extraordinary_gazettes_2020s	2026-01-02-2026-01-02-2469-30-en	2026-01-02-2469-30-en	2026-01-02	Land Title Settlement Dept - Polonnaruwa,  Tangalle D/S/D, Hambantota District ( 25/14-204-00533)	https://documents.gov.lk/view/extra-gazettes/egz_2026.html	en	https://documents.gov.lk/view/extra-gazettes/2026/1/2469-30_E.pdf	2469/30
lk_extraordinary_gazettes_2020s	2026-01-01-2026-01-01-2469-29-ta	2026-01-01-2469-29-ta	2026-01-01	Ayagama Pradeshiya Sabha - Roads and Narrow Lanes	https://documents.gov.lk/view/extra-gazettes/egz_2026.html	ta	https://documents.gov.lk/view/extra-gazettes/2026/1/2469-29_T.pdf	2469/29
lk_extraordinary_gazettes_2020s	2026-01-01-2026-01-01-2469-29-si	2026-01-01-2469-29-si	2026-01-01	Ayagama Pradeshiya Sabha - Roads and Narrow Lanes	https://documents.gov.lk/view/extra-gazettes/egz_2026.html	si	https://documents.gov.lk/view/extra-gazettes/2026/1/2469-29_S.pdf	2469/29
lk_extraordinary_gazettes_2020s	2026-01-01-2026-01-01-2469-29-en	2026-01-01-2469-29-en	2026-01-01	Ayagama Pradeshiya Sabha - Roads and Narrow Lanes	https://documents.gov.lk/view/extra-gazettes/egz_2026.html	en	https://documents.gov.lk/view/extra-gazettes/2026/1/2469-29_E.pdf	2469/29
lk_extraordinary_gazettes_2020s	2026-01-01-2026-01-01-2469-28-ta	2026-01-01-2469-28-ta	2026-01-01	Land Acquisition - Parabevila, Polgahawela D/S/D, Kurunegala District	https://documents.gov.lk/view/extra-gazettes/egz_2026.html	ta	https://documents.gov.lk/view/extra-gazettes/2026/1/2469-28_T.pdf	2469/28
lk_extraordinary_gazettes_2020s	2026-01-01-2026-01-01-2469-28-si	2026-01-01-2469-28-si	2026-01-01	2469/28	https://documents.gov.lk/view/extra-gazettes/egz_2026.html	si	https://documents.gov.lk/view/extra-gazettes/2026/1/2469-28_S.pdf	2469/28
lk_extraordinary_gazettes_2020s	2026-01-01-2026-01-01-2469-28-en	2026-01-01-2469-28-en	2026-01-01	2469/28	https://documents.gov.lk/view/extra-gazettes/egz_2026.html	en	https://documents.gov.lk/view/extra-gazettes/2026/1/2469-28_E.pdf	2469/28
lk_extraordinary_gazettes_2020s	2026-01-01-2026-01-01-2469-27-ta	2026-01-01-2469-27-ta	2026-01-01	2469/27	https://documents.gov.lk/view/extra-gazettes/egz_2026.html	ta	https://documents.gov.lk/view/extra-gazettes/2026/1/2469-27_T.pdf	2469/27
lk_extraordinary_gazettes_2020s	2026-01-01-2026-01-01-2469-27-si	2026-01-01-2469-27-si	2026-01-01	2469/27	https://documents.gov.lk/view/extra-gazettes/egz_2026.html	si	https://documents.gov.lk/view/extra-gazettes/2026/1/2469-27_S.pdf	2469/27
lk_extraordinary_gazettes_2020s	2026-01-01-2026-01-01-2469-27-en	2026-01-01-2469-27-en	2026-01-01	2469/27	https://documents.gov.lk/view/extra-gazettes/egz_2026.html	en	https://documents.gov.lk/view/extra-gazettes/2026/1/2469-27_E.pdf	2469/27
lk_extraordinary_gazettes_2020s	2026-01-01-2026-01-01-2469-26-ta	2026-01-01-2469-26-ta	2026-01-01	2469/26	https://documents.gov.lk/view/extra-gazettes/egz_2026.html	ta	https://documents.gov.lk/view/extra-gazettes/2026/1/2469-26_T.pdf	2469/26
lk_extraordinary_gazettes_2020s	2026-01-01-2026-01-01-2469-26-si	2026-01-01-2469-26-si	2026-01-01	2469/26	https://documents.gov.lk/view/extra-gazettes/egz_2026.html	si	https://documents.gov.lk/view/extra-gazettes/2026/1/2469-26_S.pdf	2469/26
lk_extraordinary_gazettes_2020s	2026-01-01-2026-01-01-2469-26-en	2026-01-01-2469-26-en	2026-01-01	2469/26	https://documents.gov.lk/view/extra-gazettes/egz_2026.html	en	https://documents.gov.lk/view/extra-gazettes/2026/1/2469-26_E.pdf	2469/26
lk_extraordinary_gazettes_2020s	2026-01-01-2026-01-01-2469-25-si	2026-01-01-2469-25-si	2026-01-01	Land Title Settlement Dept - Thunkamaa, Embilipitiya D/S/D, Ratnapura District (25/12-00156)	https://documents.gov.lk/view/extra-gazettes/egz_2026.html	si	https://documents.gov.lk/view/extra-gazettes/2026/1/2469-25_S.pdf	2469/25
lk_extraordinary_gazettes_2020s	2026-01-01-2026-01-01-2469-25-en	2026-01-01-2469-25-en	2026-01-01	Land Title Settlement Dept - Thunkamaa, Embilipitiya D/S/D, Ratnapura District (25/12-00156)	https://documents.gov.lk/view/extra-gazettes/egz_2026.html	en	https://documents.gov.lk/view/extra-gazettes/2026/1/2469-25_E.pdf	2469/25
lk_extraordinary_gazettes_2020s	2026-01-01-2026-01-01-2469-24-ta	2026-01-01-2469-24-ta	2026-01-01	Land Title Settlement Dept - Kanwewa, Mahawa D/S/D, Kurunegala  District (25/14-204-000244)	https://documents.gov.lk/view/extra-gazettes/egz_2026.html	ta	https://documents.gov.lk/view/extra-gazettes/2026/1/2469-24_T.pdf	2469/24
lk_extraordinary_gazettes_2020s	2026-01-01-2026-01-01-2469-24-si	2026-01-01-2469-24-si	2026-01-01	Land Title Settlement Department	https://documents.gov.lk/view/extra-gazettes/egz_2026.html	si	https://documents.gov.lk/view/extra-gazettes/2026/1/2469-24_S.pdf	2469/24
lk_extraordinary_gazettes_2020s	2026-01-01-2026-01-01-2469-24-en	2026-01-01-2469-24-en	2026-01-01	Land Title Settlement Department	https://documents.gov.lk/view/extra-gazettes/egz_2026.html	en	https://documents.gov.lk/view/extra-gazettes/2026/1/2469-24_E.pdf	2469/24
lk_extraordinary_gazettes_2020s	2026-01-01-2026-01-01-2469-23-ta	2026-01-01-2469-23-ta	2026-01-01	Land Title Settlement Dept - Samagipura, Mihinthale D/S/D, Anuradhapura District (25/1200155)	https://documents.gov.lk/view/extra-gazettes/egz_2026.html	ta	https://documents.gov.lk/view/extra-gazettes/2026/1/2469-23_T.pdf	2469/23
lk_extraordinary_gazettes_2020s	2026-01-01-2026-01-01-2469-23-si	2026-01-01-2469-23-si	2026-01-01	Land Title Settlement Dept - Samagipura, Mihinthale D/S/D, Anuradhapura District (25/1200155)	https://documents.gov.lk/view/extra-gazettes/egz_2026.html	si	https://documents.gov.lk/view/extra-gazettes/2026/1/2469-23_S.pdf	2469/23
lk_extraordinary_gazettes_2020s	2026-01-01-2026-01-01-2469-23-en	2026-01-01-2469-23-en	2026-01-01	Land Title Settlement Dept - Samagipura, Mihinthale D/S/D, Anuradhapura District (25/1200155)	https://documents.gov.lk/view/extra-gazettes/egz_2026.html	en	https://documents.gov.lk/view/extra-gazettes/2026/1/2469-23_E.pdf	2469/23
lk_extraordinary_gazettes_2020s	2026-01-01-2026-01-01-2469-22-ta	2026-01-01-2469-22-ta	2026-01-01	Land Title Settlement Dept - Puwakpitiya, Galewela D/S/D, Matale District (25/14-204-00050)	https://documents.gov.lk/view/extra-gazettes/egz_2026.html	ta	https://documents.gov.lk/view/extra-gazettes/2026/1/2469-22_T.pdf	2469/22
lk_extraordinary_gazettes_2020s	2026-01-01-2026-01-01-2469-22-si	2026-01-01-2469-22-si	2026-01-01	Land Title Settlement Dept - Puwakpitiya, Galewela D/S/D, Matale District (25/14-204-00050)	https://documents.gov.lk/view/extra-gazettes/egz_2026.html	si	https://documents.gov.lk/view/extra-gazettes/2026/1/2469-22_S.pdf	2469/22
lk_extraordinary_gazettes_2020s	2026-01-01-2026-01-01-2469-22-en	2026-01-01-2469-22-en	2026-01-01	Land Title Settlement Dept - Puwakpitiya, Galewela D/S/D, Matale District (25/14-204-00050)	https://documents.gov.lk/view/extra-gazettes/egz_2026.html	en	https://documents.gov.lk/view/extra-gazettes/2026/1/2469-22_E.pdf	2469/22
lk_extraordinary_gazettes_2020s	2026-01-01-2026-01-01-2469-21-si	2026-01-01-2469-21-si	2026-01-01	Land Title Settlement Department	https://documents.gov.lk/view/extra-gazettes/egz_2026.html	si	https://documents.gov.lk/view/extra-gazettes/2026/1/2469-21_S.pdf	2469/21
lk_extraordinary_gazettes_2020s	2026-01-01-2026-01-01-2469-21-en	2026-01-01-2469-21-en	2026-01-01	Land Title Settlement Department	https://documents.gov.lk/view/extra-gazettes/egz_2026.html	en	https://documents.gov.lk/view/extra-gazettes/2026/1/2469-21_E.pdf	2469/21
lk_extraordinary_gazettes_2020s	2026-01-01-2026-01-01-2469-20-si	2026-01-01-2469-20-si	2026-01-01	Land Title Settlement Dep t- Piyadigama, Galle Four Gravets D/S/D, Galle District (25/14/204-00041)	https://documents.gov.lk/view/extra-gazettes/egz_2026.html	si	https://documents.gov.lk/view/extra-gazettes/2026/1/2469-20_S.pdf	2469/20
lk_extraordinary_gazettes_2020s	2026-01-01-2026-01-01-2469-20-en	2026-01-01-2469-20-en	2026-01-01	Land Title Settlement Dep t- Piyadigama, Galle Four Gravets D/S/D, Galle District (25/14/204-00041)	https://documents.gov.lk/view/extra-gazettes/egz_2026.html	en	https://documents.gov.lk/view/extra-gazettes/2026/1/2469-20_E.pdf	2469/20
lk_extraordinary_gazettes_2020s	2026-01-01-2026-01-01-2469-19-ta	2026-01-01-2469-19-ta	2026-01-01	2469/19	https://documents.gov.lk/view/extra-gazettes/egz_2026.html	ta	https://documents.gov.lk/view/extra-gazettes/2026/1/2469-19_T.pdf	2469/19
lk_extraordinary_gazettes_2020s	2026-01-01-2026-01-01-2469-19-si	2026-01-01-2469-19-si	2026-01-01	2469/19	https://documents.gov.lk/view/extra-gazettes/egz_2026.html	si	https://documents.gov.lk/view/extra-gazettes/2026/1/2469-19_S.pdf	2469/19
lk_extraordinary_gazettes_2020s	2026-01-01-2026-01-01-2469-19-en	2026-01-01-2469-19-en	2026-01-01	2469/19	https://documents.gov.lk/view/extra-gazettes/egz_2026.html	en	https://documents.gov.lk/view/extra-gazettes/2026/1/2469-19_E.pdf	2469/19
lk_extraordinary_gazettes_2020s	2025-12-31-2025-12-31-2469-17-ta	2025-12-31-2469-17-ta	2025-12-31	2469/17	https://documents.gov.lk/view/extra-gazettes/egz_2025.html	ta	https://documents.gov.lk/view/extra-gazettes/2025/12/2469-17_T.pdf	2469/17
lk_extraordinary_gazettes_2020s	2025-12-31-2025-12-31-2469-16-ta	2025-12-31-2469-16-ta	2025-12-31	Ministry of Health and Mass Media - Food Act No. 26 of 1980. The Food (Colour Coding for Sugar Levels-Liquid) Regulations 2022.	https://documents.gov.lk/view/extra-gazettes/egz_2025.html	ta	https://documents.gov.lk/view/extra-gazettes/2025/12/2469-16_T.pdf	2469/16
lk_extraordinary_gazettes_2020s	2025-12-31-2025-12-31-2469-16-si	2025-12-31-2469-16-si	2025-12-31	Ministry of Health and Mass Media - Food Act No. 26 of 1980. The Food (Colour Coding for Sugar Levels-Liquid) Regulations 2022.	https://documents.gov.lk/view/extra-gazettes/egz_2025.html	si	https://documents.gov.lk/view/extra-gazettes/2025/12/2469-16_S.pdf	2469/16
lk_extraordinary_gazettes_2020s	2025-12-31-2025-12-31-2469-16-en	2025-12-31-2469-16-en	2025-12-31	Ministry of Health and Mass Media - Food Act No. 26 of 1980. The Food (Colour Coding for Sugar Levels-Liquid) Regulations 2022.	https://documents.gov.lk/view/extra-gazettes/egz_2025.html	en	https://documents.gov.lk/view/extra-gazettes/2025/12/2469-16_E.pdf	2469/16
lk_extraordinary_gazettes_2020s	2025-12-31-2025-12-31-2469-15-ta	2025-12-31-2469-15-ta	2025-12-31	Ministry of Health and Mass Media - Food Act No. 26 of 1980. The Food (Iodization of Salt) Regulations 2023.	https://documents.gov.lk/view/extra-gazettes/egz_2025.html	ta	https://documents.gov.lk/view/extra-gazettes/2025/12/2469-15_T.pdf	2469/15
lk_extraordinary_gazettes_2020s	2025-12-31-2025-12-31-2469-15-si	2025-12-31-2469-15-si	2025-12-31	Ministry of Health and Mass Media - Food Act No. 26 of 1980. The Food (Iodization of Salt) Regulations 2023.	https://documents.gov.lk/view/extra-gazettes/egz_2025.html	si	https://documents.gov.lk/view/extra-gazettes/2025/12/2469-15_S.pdf	2469/15
lk_extraordinary_gazettes_2020s	2025-12-31-2025-12-31-2469-15-en	2025-12-31-2469-15-en	2025-12-31	Ministry of Health and Mass Media - Food Act No. 26 of 1980. The Food (Iodization of Salt) Regulations 2023.	https://documents.gov.lk/view/extra-gazettes/egz_2025.html	en	https://documents.gov.lk/view/extra-gazettes/2025/12/2469-15_E.pdf	2469/15
lk_extraordinary_gazettes_2020s	2025-12-31-2025-12-31-2469-14-ta	2025-12-31-2469-14-ta	2025-12-31	Ministry of Health and Mass Media - Food Act No. 26 of 1980. The Food (Trans-Fat) Regulations 2022.	https://documents.gov.lk/view/extra-gazettes/egz_2025.html	ta	https://documents.gov.lk/view/extra-gazettes/2025/12/2469-14_T.pdf	2469/14
lk_extraordinary_gazettes_2020s	2025-12-31-2025-12-31-2469-14-si	2025-12-31-2469-14-si	2025-12-31	Ministry of Health and Mass Media - Food Act No. 26 of 1980. The Food (Trans-Fat) Regulations 2022.	https://documents.gov.lk/view/extra-gazettes/egz_2025.html	si	https://documents.gov.lk/view/extra-gazettes/2025/12/2469-14_S.pdf	2469/14
lk_extraordinary_gazettes_2020s	2025-12-31-2025-12-31-2469-14-en	2025-12-31-2469-14-en	2025-12-31	Ministry of Health and Mass Media - Food Act No. 26 of 1980. The Food (Trans-Fat) Regulations 2022.	https://documents.gov.lk/view/extra-gazettes/egz_2025.html	en	https://documents.gov.lk/view/extra-gazettes/2025/12/2469-14_E.pdf	2469/14
lk_extraordinary_gazettes_2020s	2025-12-31-2025-12-31-2469-13-ta	2025-12-31-2469-13-ta	2025-12-31	Ministry of Health and Mass Media - Food Act No. 26 of 1980. The Food (Labelling and Advertising) Regulations 2022.	https://documents.gov.lk/view/extra-gazettes/egz_2025.html	ta	https://documents.gov.lk/view/extra-gazettes/2025/12/2469-13_T.pdf	2469/13
lk_extraordinary_gazettes_2020s	2025-12-31-2025-12-31-2469-13-si	2025-12-31-2469-13-si	2025-12-31	Ministry of Health and Mass Media - Food Act No. 26 of 1980. The Food (Labelling and Advertising) Regulations 2022.	https://documents.gov.lk/view/extra-gazettes/egz_2025.html	si	https://documents.gov.lk/view/extra-gazettes/2025/12/2469-13_S.pdf	2469/13
lk_extraordinary_gazettes_2020s	2025-12-31-2025-12-31-2469-13-en	2025-12-31-2469-13-en	2025-12-31	Ministry of Health and Mass Media - Food Act No. 26 of 1980. The Food (Labelling and Advertising) Regulations 2022.	https://documents.gov.lk/view/extra-gazettes/egz_2025.html	en	https://documents.gov.lk/view/extra-gazettes/2025/12/2469-13_E.pdf	2469/13
lk_extraordinary_gazettes_2020s	2025-12-31-2025-12-31-2469-12-ta	2025-12-31-2469-12-ta	2025-12-31	Department of Trade and Investment Policy - Special Commodity Levy Act, No. 48 of 2007 Order under Section 2 and 5	https://documents.gov.lk/view/extra-gazettes/egz_2025.html	ta	https://documents.gov.lk/view/extra-gazettes/2025/12/2469-12_T.pdf	2469/12
lk_extraordinary_gazettes_2020s	2025-12-31-2025-12-31-2469-12-si	2025-12-31-2469-12-si	2025-12-31	Department of Trade and Investment Policy - Special Commodity Levy Act, No. 48 of 2007 Order under Section 2 and 5	https://documents.gov.lk/view/extra-gazettes/egz_2025.html	si	https://documents.gov.lk/view/extra-gazettes/2025/12/2469-12_S.pdf	2469/12
lk_extraordinary_gazettes_2020s	2025-12-31-2025-12-31-2469-12-en	2025-12-31-2469-12-en	2025-12-31	Department of Trade and Investment Policy - Special Commodity Levy Act, No. 48 of 2007 Order under Section 2 and 5	https://documents.gov.lk/view/extra-gazettes/egz_2025.html	en	https://documents.gov.lk/view/extra-gazettes/2025/12/2469-12_E.pdf	2469/12
lk_extraordinary_gazettes_2020s	2025-12-31-2025-12-31-2469-11-ta	2025-12-31-2469-11-ta	2025-12-31	Commission of Election - Filling Member Vacancy in Pelmadulla Pradeshiya Sabha (Weranja Kamini Wijerathne)	https://documents.gov.lk/view/extra-gazettes/egz_2025.html	ta	https://documents.gov.lk/view/extra-gazettes/2025/12/2469-11_T.pdf	2469/11
lk_extraordinary_gazettes_2020s	2025-12-31-2025-12-31-2469-11-si	2025-12-31-2469-11-si	2025-12-31	Commission of Election - Filling Member Vacancy in Pelmadulla Pradeshiya Sabha (Weranja Kamini Wijerathne)	https://documents.gov.lk/view/extra-gazettes/egz_2025.html	si	https://documents.gov.lk/view/extra-gazettes/2025/12/2469-11_S.pdf	2469/11
lk_extraordinary_gazettes_2020s	2025-12-31-2025-12-31-2469-11-en	2025-12-31-2469-11-en	2025-12-31	Commission of Election - Filling Member Vacancy in Pelmadulla Pradeshiya Sabha (Weranja Kamini Wijerathne)	https://documents.gov.lk/view/extra-gazettes/egz_2025.html	en	https://documents.gov.lk/view/extra-gazettes/2025/12/2469-11_E.pdf	2469/11
lk_extraordinary_gazettes_2020s	2025-12-31-2025-12-31-2469-10-ta	2025-12-31-2469-10-ta	2025-12-31	Department of Local Government - Eastern Province - Summon the Meeting to fill the Vacancy Arose to the Post of Vice Chairman of the Padiyatalawa Pradeshiya Sabha	https://documents.gov.lk/view/extra-gazettes/egz_2025.html	ta	https://documents.gov.lk/view/extra-gazettes/2025/12/2469-10_T.pdf	2469/10
lk_extraordinary_gazettes_2020s	2025-12-31-2025-12-31-2469-10-si	2025-12-31-2469-10-si	2025-12-31	Department of Local Government - Eastern Province - Summon the Meeting to fill the Vacancy Arose to the Post of Vice Chairman of the Padiyatalawa Pradeshiya Sabha	https://documents.gov.lk/view/extra-gazettes/egz_2025.html	si	https://documents.gov.lk/view/extra-gazettes/2025/12/2469-10_S.pdf	2469/10
lk_extraordinary_gazettes_2020s	2025-12-31-2025-12-31-2469-10-en	2025-12-31-2469-10-en	2025-12-31	Department of Local Government - Eastern Province - Summon the Meeting to fill the Vacancy Arose to the Post of Vice Chairman of the Padiyatalawa Pradeshiya Sabha	https://documents.gov.lk/view/extra-gazettes/egz_2025.html	en	https://documents.gov.lk/view/extra-gazettes/2025/12/2469-10_E.pdf	2469/10
lk_extraordinary_gazettes_2020s	2025-12-31-2025-12-31-2469-09-ta	2025-12-31-2469-09-ta	2025-12-31	Presidential Secretariat - Establishment of a Presidential Task Force for Rebuilding Sri Lanka.	https://documents.gov.lk/view/extra-gazettes/egz_2025.html	ta	https://documents.gov.lk/view/extra-gazettes/2025/12/2469-09_T.pdf	2469/09
lk_extraordinary_gazettes_2020s	2025-12-31-2025-12-31-2469-09-si	2025-12-31-2469-09-si	2025-12-31	Presidential Secretariat - Establishment of a Presidential Task Force for Rebuilding Sri Lanka.	https://documents.gov.lk/view/extra-gazettes/egz_2025.html	si	https://documents.gov.lk/view/extra-gazettes/2025/12/2469-09_S.pdf	2469/09
lk_extraordinary_gazettes_2020s	2025-12-31-2025-12-31-2469-09-en	2025-12-31-2469-09-en	2025-12-31	Presidential Secretariat - Establishment of a Presidential Task Force for Rebuilding Sri Lanka.	https://documents.gov.lk/view/extra-gazettes/egz_2025.html	en	https://documents.gov.lk/view/extra-gazettes/2025/12/2469-09_E.pdf	2469/09
lk_extraordinary_gazettes_2020s	2025-12-30-2025-12-30-2469-08-ta	2025-12-30-2469-08-ta	2025-12-30	Presidential Secretariat - Commission of Inquiry.	https://documents.gov.lk/view/extra-gazettes/egz_2025.html	ta	https://documents.gov.lk/view/extra-gazettes/2025/12/2469-08_T.pdf	2469/08
lk_extraordinary_gazettes_2020s	2025-12-30-2025-12-30-2469-08-si	2025-12-30-2469-08-si	2025-12-30	Presidential Secretariat - Commission of Inquiry.	https://documents.gov.lk/view/extra-gazettes/egz_2025.html	si	https://documents.gov.lk/view/extra-gazettes/2025/12/2469-08_S.pdf	2469/08
lk_extraordinary_gazettes_2020s	2025-12-30-2025-12-30-2469-08-en	2025-12-30-2469-08-en	2025-12-30	Presidential Secretariat - Commission of Inquiry.	https://documents.gov.lk/view/extra-gazettes/egz_2025.html	en	https://documents.gov.lk/view/extra-gazettes/2025/12/2469-08_E.pdf	2469/08
lk_extraordinary_gazettes_2020s	2025-12-30-2025-12-30-2469-07-ta	2025-12-30-2469-07-ta	2025-12-30	Sri Jayawardenapura Kotta Municipal Council - Imposition of Assessment for the Year - 2026	https://documents.gov.lk/view/extra-gazettes/egz_2025.html	ta	https://documents.gov.lk/view/extra-gazettes/2025/12/2469-07_T.pdf	2469/07
lk_extraordinary_gazettes_2020s	2025-12-30-2025-12-30-2469-07-si	2025-12-30-2469-07-si	2025-12-30	2469/07	https://documents.gov.lk/view/extra-gazettes/egz_2025.html	si	https://documents.gov.lk/view/extra-gazettes/2025/12/2469-07_S.pdf	2469/07
lk_extraordinary_gazettes_2020s	2025-12-30-2025-12-30-2469-07-en	2025-12-30-2469-07-en	2025-12-30	2469/07	https://documents.gov.lk/view/extra-gazettes/egz_2025.html	en	https://documents.gov.lk/view/extra-gazettes/2025/12/2469-07_E.pdf	2469/07
lk_extraordinary_gazettes_2020s	2025-12-29-2025-12-29-2469-06-ta	2025-12-29-2469-06-ta	2025-12-29	Election Commission - Filling of a Vacancy in the office of the Chairman of the Gomarankadawala Pradeshiya Sabha.	https://documents.gov.lk/view/extra-gazettes/egz_2025.html	ta	https://documents.gov.lk/view/extra-gazettes/2025/12/2469-06_T.pdf	2469/06
lk_extraordinary_gazettes_2020s	2025-12-29-2025-12-29-2469-06-si	2025-12-29-2469-06-si	2025-12-29	Election Commission - Filling of a Vacancy in the office of the Chairman of the Gomarankadawala Pradeshiya Sabha.	https://documents.gov.lk/view/extra-gazettes/egz_2025.html	si	https://documents.gov.lk/view/extra-gazettes/2025/12/2469-06_S.pdf	2469/06
lk_extraordinary_gazettes_2020s	2025-12-29-2025-12-29-2469-06-en	2025-12-29-2469-06-en	2025-12-29	Election Commission - Filling of a Vacancy in the office of the Chairman of the Gomarankadawala Pradeshiya Sabha.	https://documents.gov.lk/view/extra-gazettes/egz_2025.html	en	https://documents.gov.lk/view/extra-gazettes/2025/12/2469-06_E.pdf	2469/06
lk_extraordinary_gazettes_2020s	2025-12-29-2025-12-29-2469-05-ta	2025-12-29-2469-05-ta	2025-12-29	Election Commission - Filling of a Vacancy in the office of the Vice Chairman of the Gomarankadawala Pradeshiya Sabha.	https://documents.gov.lk/view/extra-gazettes/egz_2025.html	ta	https://documents.gov.lk/view/extra-gazettes/2025/12/2469-05_T.pdf	2469/05
lk_extraordinary_gazettes_2020s	2025-12-29-2025-12-29-2469-05-si	2025-12-29-2469-05-si	2025-12-29	Election Commission - Filling of a Vacancy in the office of the Vice Chairman of the Gomarankadawala Pradeshiya Sabha.	https://documents.gov.lk/view/extra-gazettes/egz_2025.html	si	https://documents.gov.lk/view/extra-gazettes/2025/12/2469-05_S.pdf	2469/05
lk_extraordinary_gazettes_2020s	2025-12-29-2025-12-29-2469-05-en	2025-12-29-2469-05-en	2025-12-29	Election Commission - Filling of a Vacancy in the office of the Vice Chairman of the Gomarankadawala Pradeshiya Sabha.	https://documents.gov.lk/view/extra-gazettes/egz_2025.html	en	https://documents.gov.lk/view/extra-gazettes/2025/12/2469-05_E.pdf	2469/05
lk_extraordinary_gazettes_2020s	2025-12-29-2025-12-29-2469-04-ta	2025-12-29-2469-04-ta	2025-12-29	2469/04	https://documents.gov.lk/view/extra-gazettes/egz_2025.html	ta	https://documents.gov.lk/view/extra-gazettes/2025/12/2469-04_T.pdf	2469/04
lk_extraordinary_gazettes_2020s	2025-12-29-2025-12-29-2469-04-si	2025-12-29-2469-04-si	2025-12-29	2469/04	https://documents.gov.lk/view/extra-gazettes/egz_2025.html	si	https://documents.gov.lk/view/extra-gazettes/2025/12/2469-04_S.pdf	2469/04
lk_extraordinary_gazettes_2020s	2025-12-29-2025-12-29-2469-04-en	2025-12-29-2469-04-en	2025-12-29	2469/04	https://documents.gov.lk/view/extra-gazettes/egz_2025.html	en	https://documents.gov.lk/view/extra-gazettes/2025/12/2469-04_E.pdf	2469/04
lk_extraordinary_gazettes_2020s	2025-12-29-2025-12-29-2469-03-si	2025-12-29-2469-03-si	2025-12-29	Department of Fiscal Policy - Order under Sub section (1) Section 02 of the Finance Act No, 25 of 2003, Mattala Rajapaksh International Air Port	https://documents.gov.lk/view/extra-gazettes/egz_2025.html	si	https://documents.gov.lk/view/extra-gazettes/2025/12/2469-03_S.pdf	2469/03
lk_extraordinary_gazettes_2020s	2025-12-29-2025-12-29-2469-03-en	2025-12-29-2469-03-en	2025-12-29	Department of Fiscal Policy - Order under Sub section (1) Section 02 of the Finance Act No, 25 of 2003, Mattala Rajapaksh International Air Port	https://documents.gov.lk/view/extra-gazettes/egz_2025.html	en	https://documents.gov.lk/view/extra-gazettes/2025/12/2469-03_E.pdf	2469/03
lk_extraordinary_gazettes_2020s	2025-12-29-2025-12-29-2469-02-ta	2025-12-29-2469-02-ta	2025-12-29	The Colombo Port City Economic Commission Act, No. 11 of 2021	https://documents.gov.lk/view/extra-gazettes/egz_2025.html	ta	https://documents.gov.lk/view/extra-gazettes/2025/12/2469-02_T.pdf	2469/02
lk_extraordinary_gazettes_2020s	2025-12-29-2025-12-29-2469-02-si	2025-12-29-2469-02-si	2025-12-29	2469/02	https://documents.gov.lk/view/extra-gazettes/egz_2025.html	si	https://documents.gov.lk/view/extra-gazettes/2025/12/2469-02_S.pdf	2469/02
lk_extraordinary_gazettes_2020s	2025-12-29-2025-12-29-2469-02-en	2025-12-29-2469-02-en	2025-12-29	2469/02	https://documents.gov.lk/view/extra-gazettes/egz_2025.html	en	https://documents.gov.lk/view/extra-gazettes/2025/12/2469-02_E.pdf	2469/02
lk_extraordinary_gazettes_2020s	2025-12-29-2025-12-29-2469-01-ta	2025-12-29-2469-01-ta	2025-12-29	Sri Lanka Customs - Rates of Exchange w.e.f. 29.12.2025 to 04.01.2026	https://documents.gov.lk/view/extra-gazettes/egz_2025.html	ta	https://documents.gov.lk/view/extra-gazettes/2025/12/2469-01_T.pdf	2469/01
lk_extraordinary_gazettes_2020s	2025-12-29-2025-12-29-2469-01-si	2025-12-29-2469-01-si	2025-12-29	Sri Lanka Customs - Rates of Exchange w.e.f. 29.12.2025 to 04.01.2026	https://documents.gov.lk/view/extra-gazettes/egz_2025.html	si	https://documents.gov.lk/view/extra-gazettes/2025/12/2469-01_S.pdf	2469/01
lk_extraordinary_gazettes_2020s	2025-12-29-2025-12-29-2469-01-en	2025-12-29-2469-01-en	2025-12-29	Sri Lanka Customs - Rates of Exchange w.e.f. 29.12.2025 to 04.01.2026	https://documents.gov.lk/view/extra-gazettes/egz_2025.html	en	https://documents.gov.lk/view/extra-gazettes/2025/12/2469-01_E.pdf	2469/01
lk_extraordinary_gazettes_2020s	2025-12-28-2025-12-28-2468-46-ta	2025-12-28-2468-46-ta	2025-12-28	Presidential Secretariat - Essential Public Services Act, No. 61 of 1979	https://documents.gov.lk/view/extra-gazettes/egz_2025.html	ta	https://documents.gov.lk/view/extra-gazettes/2025/12/2468-46_T.pdf	2468/46
lk_extraordinary_gazettes_2020s	2025-12-28-2025-12-28-2468-46-si	2025-12-28-2468-46-si	2025-12-28	Presidential Secretariat - Essential Public Services Act, No. 61 of 1979	https://documents.gov.lk/view/extra-gazettes/egz_2025.html	si	https://documents.gov.lk/view/extra-gazettes/2025/12/2468-46_S.pdf	2468/46
lk_extraordinary_gazettes_2020s	2025-12-28-2025-12-28-2468-46-en	2025-12-28-2468-46-en	2025-12-28	Presidential Secretariat - Essential Public Services Act, No. 61 of 1979	https://documents.gov.lk/view/extra-gazettes/egz_2025.html	en	https://documents.gov.lk/view/extra-gazettes/2025/12/2468-46_E.pdf	2468/46
lk_extraordinary_gazettes_2020s	2025-12-28-2025-12-28-2468-45-ta	2025-12-28-2468-45-ta	2025-12-28	Presidential Secretariat - Section 2 of the Public Security Ordinance (Chapter 40)	https://documents.gov.lk/view/extra-gazettes/egz_2025.html	ta	https://documents.gov.lk/view/extra-gazettes/2025/12/2468-45_T.pdf	2468/45
lk_extraordinary_gazettes_2020s	2025-12-28-2025-12-28-2468-45-si	2025-12-28-2468-45-si	2025-12-28	Presidential Secretariat - Section 2 of the Public Security Ordinance (Chapter 40)	https://documents.gov.lk/view/extra-gazettes/egz_2025.html	si	https://documents.gov.lk/view/extra-gazettes/2025/12/2468-45_S.pdf	2468/45
lk_extraordinary_gazettes_2020s	2025-12-28-2025-12-28-2468-45-en	2025-12-28-2468-45-en	2025-12-28	Presidential Secretariat - Section 2 of the Public Security Ordinance (Chapter 40)	https://documents.gov.lk/view/extra-gazettes/egz_2025.html	en	https://documents.gov.lk/view/extra-gazettes/2025/12/2468-45_E.pdf	2468/45
lk_extraordinary_gazettes_2020s	2025-12-27-2025-12-27-2468-42-ta	2025-12-27-2468-42-ta	2025-12-27	Land Title Settlement Dept.	https://documents.gov.lk/view/extra-gazettes/egz_2025.html	ta	https://documents.gov.lk/view/extra-gazettes/2025/12/2468-42_T.pdf	2468/42
lk_extraordinary_gazettes_2020s	2025-12-27-2025-12-27-2468-42-si	2025-12-27-2468-42-si	2025-12-27	Land Title Settlement Dept.	https://documents.gov.lk/view/extra-gazettes/egz_2025.html	si	https://documents.gov.lk/view/extra-gazettes/2025/12/2468-42_S.pdf	2468/42
lk_extraordinary_gazettes_2020s	2025-12-27-2025-12-27-2468-42-en	2025-12-27-2468-42-en	2025-12-27	Land Title Settlement Dept.	https://documents.gov.lk/view/extra-gazettes/egz_2025.html	en	https://documents.gov.lk/view/extra-gazettes/2025/12/2468-42_E.pdf	2468/42
lk_extraordinary_gazettes_2020s	2025-12-27-2025-12-27-2468-41-ta	2025-12-27-2468-41-ta	2025-12-27	2468/41	https://documents.gov.lk/view/extra-gazettes/egz_2025.html	ta	https://documents.gov.lk/view/extra-gazettes/2025/12/2468-41_T.pdf	2468/41
lk_extraordinary_gazettes_2020s	2025-12-27-2025-12-27-2468-41-si	2025-12-27-2468-41-si	2025-12-27	2468/41	https://documents.gov.lk/view/extra-gazettes/egz_2025.html	si	https://documents.gov.lk/view/extra-gazettes/2025/12/2468-41_S.pdf	2468/41
lk_extraordinary_gazettes_2020s	2025-12-27-2025-12-27-2468-41-en	2025-12-27-2468-41-en	2025-12-27	2468/41	https://documents.gov.lk/view/extra-gazettes/egz_2025.html	en	https://documents.gov.lk/view/extra-gazettes/2025/12/2468-41_E.pdf	2468/41
lk_extraordinary_gazettes_2020s	2025-12-27-2025-12-27-2468-39-ta	2025-12-27-2468-39-ta	2025-12-27	Land Title Settlement Department	https://documents.gov.lk/view/extra-gazettes/egz_2025.html	ta	https://documents.gov.lk/view/extra-gazettes/2025/12/2468-39_T.pdf	2468/39
lk_extraordinary_gazettes_2020s	2025-12-27-2025-12-27-2468-39-si	2025-12-27-2468-39-si	2025-12-27	Land Title Settlement Department	https://documents.gov.lk/view/extra-gazettes/egz_2025.html	si	https://documents.gov.lk/view/extra-gazettes/2025/12/2468-39_S.pdf	2468/39
lk_extraordinary_gazettes_2020s	2025-12-27-2025-12-27-2468-39-en	2025-12-27-2468-39-en	2025-12-27	Land Title Settlement Department	https://documents.gov.lk/view/extra-gazettes/egz_2025.html	en	https://documents.gov.lk/view/extra-gazettes/2025/12/2468-39_E.pdf	2468/39
lk_extraordinary_gazettes_2020s	2025-12-27-2025-12-27-2468-38-ta	2025-12-27-2468-38-ta	2025-12-27	Land Title Settlement Department	https://documents.gov.lk/view/extra-gazettes/egz_2025.html	ta	https://documents.gov.lk/view/extra-gazettes/2025/12/2468-38_T.pdf	2468/38
lk_extraordinary_gazettes_2020s	2025-12-27-2025-12-27-2468-38-si	2025-12-27-2468-38-si	2025-12-27	Land Title Settlement Department	https://documents.gov.lk/view/extra-gazettes/egz_2025.html	si	https://documents.gov.lk/view/extra-gazettes/2025/12/2468-38_S.pdf	2468/38
lk_extraordinary_gazettes_2020s	2025-12-27-2025-12-27-2468-38-en	2025-12-27-2468-38-en	2025-12-27	Land Title Settlement Department	https://documents.gov.lk/view/extra-gazettes/egz_2025.html	en	https://documents.gov.lk/view/extra-gazettes/2025/12/2468-38_E.pdf	2468/38
lk_extraordinary_gazettes_2020s	2025-12-27-2025-12-27-2468-37-ta	2025-12-27-2468-37-ta	2025-12-27	Land Settlement Department Homagama South D/S/D Homagama Colombo District Cad No. 520001 (25/5514261)	https://documents.gov.lk/view/extra-gazettes/egz_2025.html	ta	https://documents.gov.lk/view/extra-gazettes/2025/12/2468-37_T.pdf	2468/37
lk_extraordinary_gazettes_2020s	2025-12-27-2025-12-27-2468-37-si	2025-12-27-2468-37-si	2025-12-27	Land Settlement Department Homagama South D/S/D Homagama Colombo District Cad No. 520001 (25/5514261)	https://documents.gov.lk/view/extra-gazettes/egz_2025.html	si	https://documents.gov.lk/view/extra-gazettes/2025/12/2468-37_S.pdf	2468/37
lk_extraordinary_gazettes_2020s	2025-12-27-2025-12-27-2468-37-en	2025-12-27-2468-37-en	2025-12-27	Land Settlement Department Homagama South D/S/D Homagama Colombo District Cad No. 520001 (25/5514261)	https://documents.gov.lk/view/extra-gazettes/egz_2025.html	en	https://documents.gov.lk/view/extra-gazettes/2025/12/2468-37_E.pdf	2468/37
lk_extraordinary_gazettes_2020s	2025-12-27-2025-12-27-2468-36-ta	2025-12-27-2468-36-ta	2025-12-27	Land Settlement Department	https://documents.gov.lk/view/extra-gazettes/egz_2025.html	ta	https://documents.gov.lk/view/extra-gazettes/2025/12/2468-36_T.pdf	2468/36
lk_extraordinary_gazettes_2020s	2025-12-27-2025-12-27-2468-36-si	2025-12-27-2468-36-si	2025-12-27	Land Settlement Department	https://documents.gov.lk/view/extra-gazettes/egz_2025.html	si	https://documents.gov.lk/view/extra-gazettes/2025/12/2468-36_S.pdf	2468/36
lk_extraordinary_gazettes_2020s	2025-12-27-2025-12-27-2468-36-en	2025-12-27-2468-36-en	2025-12-27	Land Settlement Department	https://documents.gov.lk/view/extra-gazettes/egz_2025.html	en	https://documents.gov.lk/view/extra-gazettes/2025/12/2468-36_E.pdf	2468/36
lk_extraordinary_gazettes_2020s	2025-12-27-2025-12-27-2468-35-si	2025-12-27-2468-35-si	2025-12-27	Land Title Settlement Dept	https://documents.gov.lk/view/extra-gazettes/egz_2025.html	si	https://documents.gov.lk/view/extra-gazettes/2025/12/2468-35_S.pdf	2468/35
lk_extraordinary_gazettes_2020s	2025-12-27-2025-12-27-2468-35-en	2025-12-27-2468-35-en	2025-12-27	Land Title Settlement Dept	https://documents.gov.lk/view/extra-gazettes/egz_2025.html	en	https://documents.gov.lk/view/extra-gazettes/2025/12/2468-35_E.pdf	2468/35
lk_extraordinary_gazettes_2020s	2025-12-27-2025-12-27-2468-34-ta	2025-12-27-2468-34-ta	2025-12-27	2468/34	https://documents.gov.lk/view/extra-gazettes/egz_2025.html	ta	https://documents.gov.lk/view/extra-gazettes/2025/12/2468-34_T.pdf	2468/34
lk_extraordinary_gazettes_2020s	2025-12-27-2025-12-27-2468-34-si	2025-12-27-2468-34-si	2025-12-27	2468/34	https://documents.gov.lk/view/extra-gazettes/egz_2025.html	si	https://documents.gov.lk/view/extra-gazettes/2025/12/2468-34_S.pdf	2468/34
lk_extraordinary_gazettes_2020s	2025-12-27-2025-12-27-2468-34-en	2025-12-27-2468-34-en	2025-12-27	2468/34	https://documents.gov.lk/view/extra-gazettes/egz_2025.html	en	https://documents.gov.lk/view/extra-gazettes/2025/12/2468-34_E.pdf	2468/34
lk_extraordinary_gazettes_2020s	2025-12-26-2025-12-26-2468-32-en	2025-12-26-2468-32-en	2025-12-26	2468/32	https://documents.gov.lk/view/extra-gazettes/egz_2025.html	en	https://documents.gov.lk/view/extra-gazettes/2025/12/2468-32_E.pdf	2468/32
lk_extraordinary_gazettes_2020s	2025-12-26-2025-12-26-2468-31-ta	2025-12-26-2468-31-ta	2025-12-26	2468/31	https://documents.gov.lk/view/extra-gazettes/egz_2025.html	ta	https://documents.gov.lk/view/extra-gazettes/2025/12/2468-31_T.pdf	2468/31
lk_extraordinary_gazettes_2020s	2025-12-26-2025-12-26-2468-31-si	2025-12-26-2468-31-si	2025-12-26	2468/31	https://documents.gov.lk/view/extra-gazettes/egz_2025.html	si	https://documents.gov.lk/view/extra-gazettes/2025/12/2468-31_S.pdf	2468/31
lk_extraordinary_gazettes_2020s	2025-12-26-2025-12-26-2468-31-en	2025-12-26-2468-31-en	2025-12-26	2468/31	https://documents.gov.lk/view/extra-gazettes/egz_2025.html	en	https://documents.gov.lk/view/extra-gazettes/2025/12/2468-31_E.pdf	2468/31
lk_extraordinary_gazettes_2020s	2025-12-26-2025-12-26-2468-30-ta	2025-12-26-2468-30-ta	2025-12-26	Presidential Secretariat - The Public Security Ordinance (Chapter 40) Order.	https://documents.gov.lk/view/extra-gazettes/egz_2025.html	ta	https://documents.gov.lk/view/extra-gazettes/2025/12/2468-30_T.pdf	2468/30
lk_extraordinary_gazettes_2020s	2025-12-26-2025-12-26-2468-30-si	2025-12-26-2468-30-si	2025-12-26	Presidential Secretariat - The Public Security Ordinance (Chapter 40) Order.	https://documents.gov.lk/view/extra-gazettes/egz_2025.html	si	https://documents.gov.lk/view/extra-gazettes/2025/12/2468-30_S.pdf	2468/30
lk_extraordinary_gazettes_2020s	2025-12-26-2025-12-26-2468-30-en	2025-12-26-2468-30-en	2025-12-26	Presidential Secretariat - The Public Security Ordinance (Chapter 40) Order.	https://documents.gov.lk/view/extra-gazettes/egz_2025.html	en	https://documents.gov.lk/view/extra-gazettes/2025/12/2468-30_E.pdf	2468/30
lk_extraordinary_gazettes_2020s	2025-12-26-2025-12-26-2468-29-ta	2025-12-26-2468-29-ta	2025-12-26	2468/29	https://documents.gov.lk/view/extra-gazettes/egz_2025.html	ta	https://documents.gov.lk/view/extra-gazettes/2025/12/2468-29_T.pdf	2468/29
lk_extraordinary_gazettes_2020s	2025-12-26-2025-12-26-2468-29-si	2025-12-26-2468-29-si	2025-12-26	2468/29	https://documents.gov.lk/view/extra-gazettes/egz_2025.html	si	https://documents.gov.lk/view/extra-gazettes/2025/12/2468-29_S.pdf	2468/29
lk_extraordinary_gazettes_2020s	2025-12-26-2025-12-26-2468-29-en	2025-12-26-2468-29-en	2025-12-26	2468/29	https://documents.gov.lk/view/extra-gazettes/egz_2025.html	en	https://documents.gov.lk/view/extra-gazettes/2025/12/2468-29_E.pdf	2468/29
lk_extraordinary_gazettes_2020s	2025-12-26-2025-12-26-2468-28-ta	2025-12-26-2468-28-ta	2025-12-26	2468/28	https://documents.gov.lk/view/extra-gazettes/egz_2025.html	ta	https://documents.gov.lk/view/extra-gazettes/2025/12/2468-28_T.pdf	2468/28
lk_extraordinary_gazettes_2020s	2025-12-26-2025-12-26-2468-28-si	2025-12-26-2468-28-si	2025-12-26	2468/28	https://documents.gov.lk/view/extra-gazettes/egz_2025.html	si	https://documents.gov.lk/view/extra-gazettes/2025/12/2468-28_S.pdf	2468/28
lk_extraordinary_gazettes_2020s	2025-12-26-2025-12-26-2468-28-en	2025-12-26-2468-28-en	2025-12-26	2468/28	https://documents.gov.lk/view/extra-gazettes/egz_2025.html	en	https://documents.gov.lk/view/extra-gazettes/2025/12/2468-28_E.pdf	2468/28
lk_extraordinary_gazettes_2020s	2025-12-26-2025-12-26-2468-26-ta	2025-12-26-2468-26-ta	2025-12-26	2468/26	https://documents.gov.lk/view/extra-gazettes/egz_2025.html	ta	https://documents.gov.lk/view/extra-gazettes/2025/12/2468-26_T.pdf	2468/26
lk_extraordinary_gazettes_2020s	2025-12-26-2025-12-26-2468-26-si	2025-12-26-2468-26-si	2025-12-26	2468/26	https://documents.gov.lk/view/extra-gazettes/egz_2025.html	si	https://documents.gov.lk/view/extra-gazettes/2025/12/2468-26_S.pdf	2468/26
lk_extraordinary_gazettes_2020s	2025-12-26-2025-12-26-2468-26-en	2025-12-26-2468-26-en	2025-12-26	2468/26	https://documents.gov.lk/view/extra-gazettes/egz_2025.html	en	https://documents.gov.lk/view/extra-gazettes/2025/12/2468-26_E.pdf	2468/26
lk_extraordinary_gazettes_2020s	2025-12-26-2025-12-26-2468-25-ta	2025-12-26-2468-25-ta	2025-12-26	Department of Census and Statistics - The Census Ordinance. Economic Census 2025/26 ( Agricultural Activities ) Rules.	https://documents.gov.lk/view/extra-gazettes/egz_2025.html	ta	https://documents.gov.lk/view/extra-gazettes/2025/12/2468-25_T.pdf	2468/25
lk_extraordinary_gazettes_2020s	2025-12-26-2025-12-26-2468-25-si	2025-12-26-2468-25-si	2025-12-26	Department of Census and Statistics - The Census Ordinance. Economic Census 2025/26 ( Agricultural Activities ) Rules.	https://documents.gov.lk/view/extra-gazettes/egz_2025.html	si	https://documents.gov.lk/view/extra-gazettes/2025/12/2468-25_S.pdf	2468/25
lk_extraordinary_gazettes_2020s	2025-12-26-2025-12-26-2468-25-en	2025-12-26-2468-25-en	2025-12-26	Department of Census and Statistics - The Census Ordinance. Economic Census 2025/26 ( Agricultural Activities ) Rules.	https://documents.gov.lk/view/extra-gazettes/egz_2025.html	en	https://documents.gov.lk/view/extra-gazettes/2025/12/2468-25_E.pdf	2468/25
lk_extraordinary_gazettes_2020s	2025-12-24-2025-12-24-2468-33-ta	2025-12-24-2468-33-ta	2025-12-24	Land Settlement Department	https://documents.gov.lk/view/extra-gazettes/egz_2025.html	ta	https://documents.gov.lk/view/extra-gazettes/2025/12/2468-33_T.pdf	2468/33
lk_extraordinary_gazettes_2020s	2025-12-24-2025-12-24-2468-33-si	2025-12-24-2468-33-si	2025-12-24	Land Settlement Department	https://documents.gov.lk/view/extra-gazettes/egz_2025.html	si	https://documents.gov.lk/view/extra-gazettes/2025/12/2468-33_S.pdf	2468/33
lk_extraordinary_gazettes_2020s	2025-12-24-2025-12-24-2468-33-en	2025-12-24-2468-33-en	2025-12-24	Land Settlement Department	https://documents.gov.lk/view/extra-gazettes/egz_2025.html	en	https://documents.gov.lk/view/extra-gazettes/2025/12/2468-33_E.pdf	2468/33
lk_extraordinary_gazettes_2020s	2025-12-24-2025-12-24-2468-23-ta	2025-12-24-2468-23-ta	2025-12-24	2468/23	https://documents.gov.lk/view/extra-gazettes/egz_2025.html	ta	https://documents.gov.lk/view/extra-gazettes/2025/12/2468-23_T.pdf	2468/23
lk_extraordinary_gazettes_2020s	2025-12-24-2025-12-24-2468-23-si	2025-12-24-2468-23-si	2025-12-24	2468/23	https://documents.gov.lk/view/extra-gazettes/egz_2025.html	si	https://documents.gov.lk/view/extra-gazettes/2025/12/2468-23_S.pdf	2468/23
lk_extraordinary_gazettes_2020s	2025-12-24-2025-12-24-2468-23-en	2025-12-24-2468-23-en	2025-12-24	2468/23	https://documents.gov.lk/view/extra-gazettes/egz_2025.html	en	https://documents.gov.lk/view/extra-gazettes/2025/12/2468-23_E.pdf	2468/23
lk_extraordinary_gazettes_2020s	2025-12-24-2025-12-24-2468-22-ta	2025-12-24-2468-22-ta	2025-12-24	Public Utilities Commission of Sri Lanka - Notice under Section 10 (3) of the Sri Lanka Electricity Act, No. 2009 (Amended) Issuance of Certificate of Exemption	https://documents.gov.lk/view/extra-gazettes/egz_2025.html	ta	https://documents.gov.lk/view/extra-gazettes/2025/12/2468-22_T.pdf	2468/22
lk_extraordinary_gazettes_2020s	2025-12-24-2025-12-24-2468-22-si	2025-12-24-2468-22-si	2025-12-24	Public Utilities Commission of Sri Lanka - Notice under Section 10 (3) of the Sri Lanka Electricity Act, No. 2009 (Amended) Issuance of Certificate of Exemption	https://documents.gov.lk/view/extra-gazettes/egz_2025.html	si	https://documents.gov.lk/view/extra-gazettes/2025/12/2468-22_S.pdf	2468/22
lk_extraordinary_gazettes_2020s	2025-12-24-2025-12-24-2468-22-en	2025-12-24-2468-22-en	2025-12-24	Public Utilities Commission of Sri Lanka - Notice under Section 10 (3) of the Sri Lanka Electricity Act, No. 2009 (Amended) Issuance of Certificate of Exemption	https://documents.gov.lk/view/extra-gazettes/egz_2025.html	en	https://documents.gov.lk/view/extra-gazettes/2025/12/2468-22_E.pdf	2468/22
lk_extraordinary_gazettes_2020s	2025-12-24-2025-12-24-2468-21-ta	2025-12-24-2468-21-ta	2025-12-24	Department of Local Government - Northern Province - Elected New Chairman of the Maritimepattu Pradeshiya Sabha	https://documents.gov.lk/view/extra-gazettes/egz_2025.html	ta	https://documents.gov.lk/view/extra-gazettes/2025/12/2468-21_T.pdf	2468/21
lk_extraordinary_gazettes_2020s	2025-12-24-2025-12-24-2468-21-si	2025-12-24-2468-21-si	2025-12-24	Department of Local Government - Northern Province - Elected New Chairman of the Maritimepattu Pradeshiya Sabha	https://documents.gov.lk/view/extra-gazettes/egz_2025.html	si	https://documents.gov.lk/view/extra-gazettes/2025/12/2468-21_S.pdf	2468/21
lk_extraordinary_gazettes_2020s	2025-12-24-2025-12-24-2468-21-en	2025-12-24-2468-21-en	2025-12-24	Department of Local Government - Northern Province - Elected New Chairman of the Maritimepattu Pradeshiya Sabha	https://documents.gov.lk/view/extra-gazettes/egz_2025.html	en	https://documents.gov.lk/view/extra-gazettes/2025/12/2468-21_E.pdf	2468/21
lk_extraordinary_gazettes_2020s	2025-12-24-2025-12-24-2468-19-ta	2025-12-24-2468-19-ta	2025-12-24	Central Bank Of Sri Lanka - Debt Recovery( Special Provisions ) Act Notification Under Section 30	https://documents.gov.lk/view/extra-gazettes/egz_2025.html	ta	https://documents.gov.lk/view/extra-gazettes/2025/12/2468-19_T.pdf	2468/19
lk_extraordinary_gazettes_2020s	2025-12-24-2025-12-24-2468-19-si	2025-12-24-2468-19-si	2025-12-24	Central Bank Of Sri Lanka - Debt Recovery( Special Provisions ) Act Notification Under Section 30	https://documents.gov.lk/view/extra-gazettes/egz_2025.html	si	https://documents.gov.lk/view/extra-gazettes/2025/12/2468-19_S.pdf	2468/19
lk_extraordinary_gazettes_2020s	2025-12-24-2025-12-24-2468-19-en	2025-12-24-2468-19-en	2025-12-24	Central Bank Of Sri Lanka - Debt Recovery( Special Provisions ) Act Notification Under Section 30	https://documents.gov.lk/view/extra-gazettes/egz_2025.html	en	https://documents.gov.lk/view/extra-gazettes/2025/12/2468-19_E.pdf	2468/19
lk_extraordinary_gazettes_2020s	2025-12-24-2025-12-24-2468-18-ta	2025-12-24-2468-18-ta	2025-12-24	Central Bank of Sri Lanka - Civil Procedure Code (Under Section 192)	https://documents.gov.lk/view/extra-gazettes/egz_2025.html	ta	https://documents.gov.lk/view/extra-gazettes/2025/12/2468-18_T.pdf	2468/18
lk_extraordinary_gazettes_2020s	2025-12-24-2025-12-24-2468-18-si	2025-12-24-2468-18-si	2025-12-24	Central Bank of Sri Lanka - Civil Procedure Code (Under Section 192)	https://documents.gov.lk/view/extra-gazettes/egz_2025.html	si	https://documents.gov.lk/view/extra-gazettes/2025/12/2468-18_S.pdf	2468/18
lk_extraordinary_gazettes_2020s	2025-12-24-2025-12-24-2468-18-en	2025-12-24-2468-18-en	2025-12-24	Central Bank of Sri Lanka - Civil Procedure Code (Under Section 192)	https://documents.gov.lk/view/extra-gazettes/egz_2025.html	en	https://documents.gov.lk/view/extra-gazettes/2025/12/2468-18_E.pdf	2468/18
lk_extraordinary_gazettes_2020s	2025-12-23-2025-12-23-2468-17-si	2025-12-23-2468-17-si	2025-12-23	"Ministry Of Labour - Industrial Dispute between 1 ) Roytal Fernwood Porcelain Limited and Inter Companies Worker's Union
2 ) Dankotuwa Porcelain PLC and Inter Companies Workers union"	https://documents.gov.lk/view/extra-gazettes/egz_2025.html	si	https://documents.gov.lk/view/extra-gazettes/2025/12/2468-17_S.pdf	2468/17
lk_extraordinary_gazettes_2020s	2025-12-23-2025-12-23-2468-15-ta	2025-12-23-2468-15-ta	2025-12-23	Land Acquission - Karandana North, Eheliyagoda D/S/D, Ratnapura District	https://documents.gov.lk/view/extra-gazettes/egz_2025.html	ta	https://documents.gov.lk/view/extra-gazettes/2025/12/2468-15_T.pdf	2468/15
lk_extraordinary_gazettes_2020s	2025-12-23-2025-12-23-2468-15-si	2025-12-23-2468-15-si	2025-12-23	2468/15	https://documents.gov.lk/view/extra-gazettes/egz_2025.html	si	https://documents.gov.lk/view/extra-gazettes/2025/12/2468-15_S.pdf	2468/15
lk_extraordinary_gazettes_2020s	2025-12-23-2025-12-23-2468-15-en	2025-12-23-2468-15-en	2025-12-23	2468/15	https://documents.gov.lk/view/extra-gazettes/egz_2025.html	en	https://documents.gov.lk/view/extra-gazettes/2025/12/2468-15_E.pdf	2468/15
lk_extraordinary_gazettes_2020s	2025-12-23-2025-12-23-2468-13-en	2025-12-23-2468-13-en	2025-12-23	Ministry of Labour - Collective agreement between Premium Exports Ceylon (Pvt) Limited and The Ceylon Mercntile Industrial	https://documents.gov.lk/view/extra-gazettes/egz_2025.html	en	https://documents.gov.lk/view/extra-gazettes/2025/12/2468-13_E.pdf	2468/13
lk_extraordinary_gazettes_2020s	2025-12-23-2025-12-23-2468-12-ta	2025-12-23-2468-12-ta	2025-12-23	Election Commission - Filling of a Vacancy in the Office of Member of the Gomarankadawala Pradeshiya Sabha	https://documents.gov.lk/view/extra-gazettes/egz_2025.html	ta	https://documents.gov.lk/view/extra-gazettes/2025/12/2468-12_T.pdf	2468/12
lk_extraordinary_gazettes_2020s	2025-12-23-2025-12-23-2468-12-si	2025-12-23-2468-12-si	2025-12-23	Election Commission - Filling of a Vacancy in the Office of Member of the Gomarankadawala Pradeshiya Sabha	https://documents.gov.lk/view/extra-gazettes/egz_2025.html	si	https://documents.gov.lk/view/extra-gazettes/2025/12/2468-12_S.pdf	2468/12
lk_extraordinary_gazettes_2020s	2025-12-23-2025-12-23-2468-12-en	2025-12-23-2468-12-en	2025-12-23	Election Commission - Filling of a Vacancy in the Office of Member of the Gomarankadawala Pradeshiya Sabha	https://documents.gov.lk/view/extra-gazettes/egz_2025.html	en	https://documents.gov.lk/view/extra-gazettes/2025/12/2468-12_E.pdf	2468/12
lk_extraordinary_gazettes_2020s	2025-12-23-2025-12-23-2468-11-ta	2025-12-23-2468-11-ta	2025-12-23	Election Commission - Filling of a Vacancy in the Office of Member of the Aththanagalla Pradeshiya Sabha	https://documents.gov.lk/view/extra-gazettes/egz_2025.html	ta	https://documents.gov.lk/view/extra-gazettes/2025/12/2468-11_T.pdf	2468/11
lk_extraordinary_gazettes_2020s	2025-12-23-2025-12-23-2468-11-si	2025-12-23-2468-11-si	2025-12-23	2468/11	https://documents.gov.lk/view/extra-gazettes/egz_2025.html	si	https://documents.gov.lk/view/extra-gazettes/2025/12/2468-11_S.pdf	2468/11
lk_extraordinary_gazettes_2020s	2025-12-23-2025-12-23-2468-11-en	2025-12-23-2468-11-en	2025-12-23	2468/11	https://documents.gov.lk/view/extra-gazettes/egz_2025.html	en	https://documents.gov.lk/view/extra-gazettes/2025/12/2468-11_E.pdf	2468/11
lk_extraordinary_gazettes_2020s	2025-12-23-2025-12-23-2468-10-ta	2025-12-23-2468-10-ta	2025-12-23	Secretariat of the Governor - Eastern Province - Delegation of Power Concerning the Provincial Public Service of the Eastern Province	https://documents.gov.lk/view/extra-gazettes/egz_2025.html	ta	https://documents.gov.lk/view/extra-gazettes/2025/12/2468-10_T.pdf	2468/10
lk_extraordinary_gazettes_2020s	2025-12-23-2025-12-23-2468-10-si	2025-12-23-2468-10-si	2025-12-23	Secretariat of the Governor - Eastern Province - Delegation of Power Concerning the Provincial Public Service of the Eastern Province	https://documents.gov.lk/view/extra-gazettes/egz_2025.html	si	https://documents.gov.lk/view/extra-gazettes/2025/12/2468-10_S.pdf	2468/10
lk_extraordinary_gazettes_2020s	2025-12-23-2025-12-23-2468-10-en	2025-12-23-2468-10-en	2025-12-23	Secretariat of the Governor - Eastern Province - Delegation of Power Concerning the Provincial Public Service of the Eastern Province	https://documents.gov.lk/view/extra-gazettes/egz_2025.html	en	https://documents.gov.lk/view/extra-gazettes/2025/12/2468-10_E.pdf	2468/10
lk_extraordinary_gazettes_2020s	2025-12-23-2025-12-23-2468-09-ta	2025-12-23-2468-09-ta	2025-12-23	Land Acquission - Ipalawa, Wariyapola D/S/D, Kurunegala District	https://documents.gov.lk/view/extra-gazettes/egz_2025.html	ta	https://documents.gov.lk/view/extra-gazettes/2025/12/2468-09_T.pdf	2468/09
lk_extraordinary_gazettes_2020s	2025-12-23-2025-12-23-2468-09-si	2025-12-23-2468-09-si	2025-12-23	Land Acquission - Ipalawa, Wariyapola D/S/D, Kurunegala District	https://documents.gov.lk/view/extra-gazettes/egz_2025.html	si	https://documents.gov.lk/view/extra-gazettes/2025/12/2468-09_S.pdf	2468/09
lk_extraordinary_gazettes_2020s	2025-12-23-2025-12-23-2468-09-en	2025-12-23-2468-09-en	2025-12-23	2468/09	https://documents.gov.lk/view/extra-gazettes/egz_2025.html	en	https://documents.gov.lk/view/extra-gazettes/2025/12/2468-09_E.pdf	2468/09
lk_extraordinary_gazettes_2020s	2025-12-23-2025-12-23-2468-08-ta	2025-12-23-2468-08-ta	2025-12-23	Minister of Education, Higher Education and Vocational Education - Degree Awarding Institute Order, Correction Notice.	https://documents.gov.lk/view/extra-gazettes/egz_2025.html	ta	https://documents.gov.lk/view/extra-gazettes/2025/12/2468-08_T.pdf	2468/08
lk_extraordinary_gazettes_2020s	2025-12-23-2025-12-23-2468-08-si	2025-12-23-2468-08-si	2025-12-23	Minister of Education, Higher Education and Vocational Education - Degree Awarding Institute Order, Correction Notice.	https://documents.gov.lk/view/extra-gazettes/egz_2025.html	si	https://documents.gov.lk/view/extra-gazettes/2025/12/2468-08_S.pdf	2468/08
lk_extraordinary_gazettes_2020s	2025-12-23-2025-12-23-2468-08-en	2025-12-23-2468-08-en	2025-12-23	Minister of Education, Higher Education and Vocational Education - Degree Awarding Institute Order, Correction Notice.	https://documents.gov.lk/view/extra-gazettes/egz_2025.html	en	https://documents.gov.lk/view/extra-gazettes/2025/12/2468-08_E.pdf	2468/08
lk_extraordinary_gazettes_2020s	2025-12-23-2025-12-23-2468-07-ta	2025-12-23-2468-07-ta	2025-12-23	2468/07	https://documents.gov.lk/view/extra-gazettes/egz_2025.html	ta	https://documents.gov.lk/view/extra-gazettes/2025/12/2468-07_T.pdf	2468/07
lk_extraordinary_gazettes_2020s	2025-12-23-2025-12-23-2468-07-si	2025-12-23-2468-07-si	2025-12-23	2468/07	https://documents.gov.lk/view/extra-gazettes/egz_2025.html	si	https://documents.gov.lk/view/extra-gazettes/2025/12/2468-07_S.pdf	2468/07
lk_extraordinary_gazettes_2020s	2025-12-23-2025-12-23-2468-07-en	2025-12-23-2468-07-en	2025-12-23	2468/07	https://documents.gov.lk/view/extra-gazettes/egz_2025.html	en	https://documents.gov.lk/view/extra-gazettes/2025/12/2468-07_E.pdf	2468/07
lk_extraordinary_gazettes_2020s	2025-12-23-2025-12-23-2468-06-ta	2025-12-23-2468-06-ta	2025-12-23	Legal Affairs Department - Payment and Settlement System Act, No. 28 of 2005 Money or Value Transfer Service Providers Regulations No 01 of 2025	https://documents.gov.lk/view/extra-gazettes/egz_2025.html	ta	https://documents.gov.lk/view/extra-gazettes/2025/12/2468-06_T.pdf	2468/06
lk_extraordinary_gazettes_2020s	2025-12-23-2025-12-23-2468-06-si	2025-12-23-2468-06-si	2025-12-23	Legal Affairs Department - Payment and Settlement System Act, No. 28 of 2005 Money or Value Transfer Service Providers Regulations No 01 of 2025	https://documents.gov.lk/view/extra-gazettes/egz_2025.html	si	https://documents.gov.lk/view/extra-gazettes/2025/12/2468-06_S.pdf	2468/06
lk_extraordinary_gazettes_2020s	2025-12-23-2025-12-23-2468-06-en	2025-12-23-2468-06-en	2025-12-23	Legal Affairs Department - Payment and Settlement System Act, No. 28 of 2005 Money or Value Transfer Service Providers Regulations No 01 of 2025	https://documents.gov.lk/view/extra-gazettes/egz_2025.html	en	https://documents.gov.lk/view/extra-gazettes/2025/12/2468-06_E.pdf	2468/06
lk_extraordinary_gazettes_2020s	2025-12-22-2025-12-22-2468-05-si	2025-12-22-2468-05-si	2025-12-22	2468/05	https://documents.gov.lk/view/extra-gazettes/egz_2025.html	si	https://documents.gov.lk/view/extra-gazettes/2025/12/2468-05_S.pdf	2468/05
lk_extraordinary_gazettes_2020s	2025-12-22-2025-12-22-2468-05-en	2025-12-22-2468-05-en	2025-12-22	2468/05	https://documents.gov.lk/view/extra-gazettes/egz_2025.html	en	https://documents.gov.lk/view/extra-gazettes/2025/12/2468-05_E.pdf	2468/05
lk_extraordinary_gazettes_2020s	2025-12-22-2025-12-22-2468-04-ta	2025-12-22-2468-04-ta	2025-12-22	Secretarial of the Chief Secretary - Eastern Province - Annual Transfer Policy for Eastern Provincial Joint Service Officers	https://documents.gov.lk/view/extra-gazettes/egz_2025.html	ta	https://documents.gov.lk/view/extra-gazettes/2025/12/2468-04_T.pdf	2468/04
lk_extraordinary_gazettes_2020s	2025-12-22-2025-12-22-2468-04-si	2025-12-22-2468-04-si	2025-12-22	Secretarial of the Chief Secretary - Eastern Province - Annual Transfer Policy for Eastern Provincial Joint Service Officers	https://documents.gov.lk/view/extra-gazettes/egz_2025.html	si	https://documents.gov.lk/view/extra-gazettes/2025/12/2468-04_S.pdf	2468/04
lk_extraordinary_gazettes_2020s	2025-12-22-2025-12-22-2468-03-ta	2025-12-22-2468-03-ta	2025-12-22	Dept. Of Probation and Child Care Services - Adoption of Children Ordinance ( Chapter 61) Regulation	https://documents.gov.lk/view/extra-gazettes/egz_2025.html	ta	https://documents.gov.lk/view/extra-gazettes/2025/12/2468-03_T.pdf	2468/03
lk_extraordinary_gazettes_2020s	2025-12-22-2025-12-22-2468-03-si	2025-12-22-2468-03-si	2025-12-22	Dept. Of Probation and Child Care Services - Adoption of Children Ordinance ( Chapter 61) Regulation	https://documents.gov.lk/view/extra-gazettes/egz_2025.html	si	https://documents.gov.lk/view/extra-gazettes/2025/12/2468-03_S.pdf	2468/03
lk_extraordinary_gazettes_2020s	2025-12-22-2025-12-22-2468-03-en	2025-12-22-2468-03-en	2025-12-22	Dept. Of Probation and Child Care Services - Adoption of Children Ordinance ( Chapter 61) Regulation	https://documents.gov.lk/view/extra-gazettes/egz_2025.html	en	https://documents.gov.lk/view/extra-gazettes/2025/12/2468-03_E.pdf	2468/03
lk_extraordinary_gazettes_2020s	2025-12-22-2025-12-22-2468-02-ta	2025-12-22-2468-02-ta	2025-12-22	Land Title Settlement Dept - Suriyapaluwa, Mahara D/S/D, Gampaha District (25/5514239)	https://documents.gov.lk/view/extra-gazettes/egz_2025.html	ta	https://documents.gov.lk/view/extra-gazettes/2025/12/2468-02_T.pdf	2468/02
lk_extraordinary_gazettes_2020s	2025-12-22-2025-12-22-2468-02-si	2025-12-22-2468-02-si	2025-12-22	Land Title Settlement Dept - Suriyapaluwa, Mahara D/S/D, Gampaha District (25/5514239)	https://documents.gov.lk/view/extra-gazettes/egz_2025.html	si	https://documents.gov.lk/view/extra-gazettes/2025/12/2468-02_S.pdf	2468/02
lk_extraordinary_gazettes_2020s	2025-12-22-2025-12-22-2468-02-en	2025-12-22-2468-02-en	2025-12-22	Land Title Settlement Dept - Suriyapaluwa, Mahara D/S/D, Gampaha District (25/5514239)	https://documents.gov.lk/view/extra-gazettes/egz_2025.html	en	https://documents.gov.lk/view/extra-gazettes/2025/12/2468-02_E.pdf	2468/02
lk_extraordinary_gazettes_2020s	2025-12-22-2025-12-22-2468-01-ta	2025-12-22-2468-01-ta	2025-12-22	Sri Lanka Customs - rates of Exchange w.e.t. 22.12.2025 to 28.12.2025	https://documents.gov.lk/view/extra-gazettes/egz_2025.html	ta	https://documents.gov.lk/view/extra-gazettes/2025/12/2468-01_T.pdf	2468/01
lk_extraordinary_gazettes_2020s	2025-12-22-2025-12-22-2468-01-si	2025-12-22-2468-01-si	2025-12-22	2468/01	https://documents.gov.lk/view/extra-gazettes/egz_2025.html	si	https://documents.gov.lk/view/extra-gazettes/2025/12/2468-01_S.pdf	2468/01
lk_extraordinary_gazettes_2020s	2025-12-22-2025-12-22-2468-01-en	2025-12-22-2468-01-en	2025-12-22	2468/01	https://documents.gov.lk/view/extra-gazettes/egz_2025.html	en	https://documents.gov.lk/view/extra-gazettes/2025/12/2468-01_E.pdf	2468/01
lk_extraordinary_gazettes_2020s	2025-12-20-2025-12-20-2467-88-ta	2025-12-20-2467-88-ta	2025-12-20	Land Title Settlement Dept - Topawalapitiya, Wilgamuwa D/S/D, Matale Distrci (25/1200157)	https://documents.gov.lk/view/extra-gazettes/egz_2025.html	ta	https://documents.gov.lk/view/extra-gazettes/2025/12/2467-88_T.pdf	2467/88
lk_extraordinary_gazettes_2020s	2025-12-20-2025-12-20-2467-88-si	2025-12-20-2467-88-si	2025-12-20	Land Title Settlement Dept - Topawalapitiya, Wilgamuwa D/S/D, Matale Distrci (25/1200157)	https://documents.gov.lk/view/extra-gazettes/egz_2025.html	si	https://documents.gov.lk/view/extra-gazettes/2025/12/2467-88_S.pdf	2467/88
lk_extraordinary_gazettes_2020s	2025-12-20-2025-12-20-2467-88-en	2025-12-20-2467-88-en	2025-12-20	Land Title Settlement Dept - Topawalapitiya, Wilgamuwa D/S/D, Matale Distrci (25/1200157)	https://documents.gov.lk/view/extra-gazettes/egz_2025.html	en	https://documents.gov.lk/view/extra-gazettes/2025/12/2467-88_E.pdf	2467/88
lk_extraordinary_gazettes_2020s	2025-12-20-2025-12-20-2467-87-ta	2025-12-20-2467-87-ta	2025-12-20	Land Tittle Settlement Dept -Dippitiyawatt, Mallawapitiya D/S/D, Kurunegala District (25/0429)	https://documents.gov.lk/view/extra-gazettes/egz_2025.html	ta	https://documents.gov.lk/view/extra-gazettes/2025/12/2467-87_T.pdf	2467/87
lk_extraordinary_gazettes_2020s	2025-12-20-2025-12-20-2467-87-si	2025-12-20-2467-87-si	2025-12-20	Land Tittle Settlement Dept -Dippitiyawatt, Mallawapitiya D/S/D, Kurunegala District (25/0429)	https://documents.gov.lk/view/extra-gazettes/egz_2025.html	si	https://documents.gov.lk/view/extra-gazettes/2025/12/2467-87_S.pdf	2467/87
lk_extraordinary_gazettes_2020s	2025-12-20-2025-12-20-2467-87-en	2025-12-20-2467-87-en	2025-12-20	Land Tittle Settlement Dept -Dippitiyawatt, Mallawapitiya D/S/D, Kurunegala District (25/0429)	https://documents.gov.lk/view/extra-gazettes/egz_2025.html	en	https://documents.gov.lk/view/extra-gazettes/2025/12/2467-87_E.pdf	2467/87
lk_extraordinary_gazettes_2020s	2025-12-20-2025-12-20-2467-85-ta	2025-12-20-2467-85-ta	2025-12-20	Land Title Settlement Dept - Gampolawela, Ganga Ihalakorale D/S/D, Kandy District (25/0464)	https://documents.gov.lk/view/extra-gazettes/egz_2025.html	ta	https://documents.gov.lk/view/extra-gazettes/2025/12/2467-85_T.pdf	2467/85
lk_extraordinary_gazettes_2020s	2025-12-20-2025-12-20-2467-85-si	2025-12-20-2467-85-si	2025-12-20	Land Title Settlement Dept - Gampolawela, Ganga Ihalakorale D/S/D, Kandy District (25/0464)	https://documents.gov.lk/view/extra-gazettes/egz_2025.html	si	https://documents.gov.lk/view/extra-gazettes/2025/12/2467-85_S.pdf	2467/85
lk_extraordinary_gazettes_2020s	2025-12-20-2025-12-20-2467-85-en	2025-12-20-2467-85-en	2025-12-20	Land Title Settlement Dept - Gampolawela, Ganga Ihalakorale D/S/D, Kandy District (25/0464)	https://documents.gov.lk/view/extra-gazettes/egz_2025.html	en	https://documents.gov.lk/view/extra-gazettes/2025/12/2467-85_E.pdf	2467/85
lk_extraordinary_gazettes_2020s	2025-12-20-2025-12-20-2467-84-si	2025-12-20-2467-84-si	2025-12-20	Land Title Settlement Dept - Loluwagoda, Meerigam D/S/D, Gampaha District (7882)	https://documents.gov.lk/view/extra-gazettes/egz_2025.html	si	https://documents.gov.lk/view/extra-gazettes/2025/12/2467-84_S.pdf	2467/84
lk_extraordinary_gazettes_2020s	2025-12-20-2025-12-20-2467-84-en	2025-12-20-2467-84-en	2025-12-20	Land Title Settlement Dept - Loluwagoda, Meerigam D/S/D, Gampaha District (7882)	https://documents.gov.lk/view/extra-gazettes/egz_2025.html	en	https://documents.gov.lk/view/extra-gazettes/2025/12/2467-84_E.pdf	2467/84
lk_extraordinary_gazettes_2020s	2025-12-20-2025-12-20-2467-83-si	2025-12-20-2467-83-si	2025-12-20	Land Title Settlement Dept - Wilegoda, kaluthara D/S/D, Kaluthara District (7890)	https://documents.gov.lk/view/extra-gazettes/egz_2025.html	si	https://documents.gov.lk/view/extra-gazettes/2025/12/2467-83_S.pdf	2467/83
lk_extraordinary_gazettes_2020s	2025-12-20-2025-12-20-2467-83-en	2025-12-20-2467-83-en	2025-12-20	Land Title Settlement Dept - Wilegoda, kaluthara D/S/D, Kaluthara District (7890)	https://documents.gov.lk/view/extra-gazettes/egz_2025.html	en	https://documents.gov.lk/view/extra-gazettes/2025/12/2467-83_E.pdf	2467/83
lk_extraordinary_gazettes_2020s	2025-12-20-2025-12-20-2467-82-si	2025-12-20-2467-82-si	2025-12-20	Land Title Settlement Department	https://documents.gov.lk/view/extra-gazettes/egz_2025.html	si	https://documents.gov.lk/view/extra-gazettes/2025/12/2467-82_S.pdf	2467/82
lk_extraordinary_gazettes_2020s	2025-12-20-2025-12-20-2467-82-en	2025-12-20-2467-82-en	2025-12-20	Land Title Settlement Department	https://documents.gov.lk/view/extra-gazettes/egz_2025.html	en	https://documents.gov.lk/view/extra-gazettes/2025/12/2467-82_E.pdf	2467/82
lk_extraordinary_gazettes_2020s	2025-12-20-2025-12-20-2467-81-ta	2025-12-20-2467-81-ta	2025-12-20	Land Title Settlement Dept- Kulugammana, Harispattuwa D/S/D, Kandy District ( 7896)	https://documents.gov.lk/view/extra-gazettes/egz_2025.html	ta	https://documents.gov.lk/view/extra-gazettes/2025/12/2467-81_T.pdf	2467/81
lk_extraordinary_gazettes_2020s	2025-12-20-2025-12-20-2467-81-si	2025-12-20-2467-81-si	2025-12-20	Land Title Settlement Dept- Kulugammana, Harispattuwa D/S/D, Kandy District ( 7896)	https://documents.gov.lk/view/extra-gazettes/egz_2025.html	si	https://documents.gov.lk/view/extra-gazettes/2025/12/2467-81_S.pdf	2467/81
lk_extraordinary_gazettes_2020s	2025-12-20-2025-12-20-2467-81-en	2025-12-20-2467-81-en	2025-12-20	Land Title Settlement Dept- Kulugammana, Harispattuwa D/S/D, Kandy District ( 7896)	https://documents.gov.lk/view/extra-gazettes/egz_2025.html	en	https://documents.gov.lk/view/extra-gazettes/2025/12/2467-81_E.pdf	2467/81
lk_extraordinary_gazettes_2020s	2025-12-20-2025-12-20-2467-80-ta	2025-12-20-2467-80-ta	2025-12-20	Land Title Settlement Department	https://documents.gov.lk/view/extra-gazettes/egz_2025.html	ta	https://documents.gov.lk/view/extra-gazettes/2025/12/2467-80_T.pdf	2467/80
lk_extraordinary_gazettes_2020s	2025-12-20-2025-12-20-2467-80-si	2025-12-20-2467-80-si	2025-12-20	2467/80	https://documents.gov.lk/view/extra-gazettes/egz_2025.html	si	https://documents.gov.lk/view/extra-gazettes/2025/12/2467-80_S.pdf	2467/80
lk_extraordinary_gazettes_2020s	2025-12-20-2025-12-20-2467-80-en	2025-12-20-2467-80-en	2025-12-20	2467/80	https://documents.gov.lk/view/extra-gazettes/egz_2025.html	en	https://documents.gov.lk/view/extra-gazettes/2025/12/2467-80_E.pdf	2467/80
lk_extraordinary_gazettes_2020s	2025-12-20-2025-12-20-2467-79-si	2025-12-20-2467-79-si	2025-12-20	Land Title Settlement Department	https://documents.gov.lk/view/extra-gazettes/egz_2025.html	si	https://documents.gov.lk/view/extra-gazettes/2025/12/2467-79_S.pdf	2467/79
lk_extraordinary_gazettes_2020s	2025-12-20-2025-12-20-2467-79-en	2025-12-20-2467-79-en	2025-12-20	Land Title Settlement Department	https://documents.gov.lk/view/extra-gazettes/egz_2025.html	en	https://documents.gov.lk/view/extra-gazettes/2025/12/2467-79_E.pdf	2467/79
lk_extraordinary_gazettes_2020s	2025-12-20-2025-12-20-2467-78-ta	2025-12-20-2467-78-ta	2025-12-20	Land Acquisition - Guralawala , Laggala D/S/D, Matale District	https://documents.gov.lk/view/extra-gazettes/egz_2025.html	ta	https://documents.gov.lk/view/extra-gazettes/2025/12/2467-78_T.pdf	2467/78
lk_extraordinary_gazettes_2020s	2025-12-20-2025-12-20-2467-78-si	2025-12-20-2467-78-si	2025-12-20	Land Acquisition - Guralawala , Laggala D/S/D, Matale District	https://documents.gov.lk/view/extra-gazettes/egz_2025.html	si	https://documents.gov.lk/view/extra-gazettes/2025/12/2467-78_S.pdf	2467/78
lk_extraordinary_gazettes_2020s	2025-12-20-2025-12-20-2467-78-en	2025-12-20-2467-78-en	2025-12-20	Land Acquisition - Guralawala , Laggala D/S/D, Matale District	https://documents.gov.lk/view/extra-gazettes/egz_2025.html	en	https://documents.gov.lk/view/extra-gazettes/2025/12/2467-78_E.pdf	2467/78
lk_extraordinary_gazettes_2020s	2025-12-19-2025-12-19-2467-77-ta	2025-12-19-2467-77-ta	2025-12-19	Imports and Exports Control Department - Imports and Exports Control Act, No 01 of 1969 Regulations Passed in Parliament	https://documents.gov.lk/view/extra-gazettes/egz_2025.html	ta	https://documents.gov.lk/view/extra-gazettes/2025/12/2467-77_T.pdf	2467/77
lk_extraordinary_gazettes_2020s	2025-12-19-2025-12-19-2467-77-si	2025-12-19-2467-77-si	2025-12-19	Imports and Exports Control Department - Imports and Exports Control Act, No 01 of 1969 Regulations Passed in Parliament	https://documents.gov.lk/view/extra-gazettes/egz_2025.html	si	https://documents.gov.lk/view/extra-gazettes/2025/12/2467-77_S.pdf	2467/77
lk_extraordinary_gazettes_2020s	2025-12-19-2025-12-19-2467-77-en	2025-12-19-2467-77-en	2025-12-19	Imports and Exports Control Department - Imports and Exports Control Act, No 01 of 1969 Regulations Passed in Parliament	https://documents.gov.lk/view/extra-gazettes/egz_2025.html	en	https://documents.gov.lk/view/extra-gazettes/2025/12/2467-77_E.pdf	2467/77
lk_extraordinary_gazettes_2020s	2025-12-19-2025-12-19-2467-76-ta	2025-12-19-2467-76-ta	2025-12-19	University Grant Commission - Amendment to the Postgraduate Institute of Agriculture Ordinance.	https://documents.gov.lk/view/extra-gazettes/egz_2025.html	ta	https://documents.gov.lk/view/extra-gazettes/2025/12/2467-76_T.pdf	2467/76
lk_extraordinary_gazettes_2020s	2025-12-19-2025-12-19-2467-76-si	2025-12-19-2467-76-si	2025-12-19	University Grant Commission - Amendment to the Postgraduate Institute of Agriculture Ordinance.	https://documents.gov.lk/view/extra-gazettes/egz_2025.html	si	https://documents.gov.lk/view/extra-gazettes/2025/12/2467-76_S.pdf	2467/76
lk_extraordinary_gazettes_2020s	2025-12-19-2025-12-19-2467-76-en	2025-12-19-2467-76-en	2025-12-19	University Grant Commission - Amendment to the Postgraduate Institute of Agriculture Ordinance.	https://documents.gov.lk/view/extra-gazettes/egz_2025.html	en	https://documents.gov.lk/view/extra-gazettes/2025/12/2467-76_E.pdf	2467/76
