doc_type	doc_id	num	date_str	description	url_metadata	lang	url_pdf	doc_number
lk_extraordinary_gazettes_2020s	2025-10-06-2025-10-06-2457-01-si	2025-10-06-2457-01-si	2025-10-06	Sri Lanka Customs - Rates of Exchange with effect from. 06.10.2025 to 12.10.2025	https://documents.gov.lk/view/extra-gazettes/egz_2025.html	si	https://documents.gov.lk/view/extra-gazettes/2025/10/2457-01_S.pdf	2457/01
lk_extraordinary_gazettes_2020s	2025-10-06-2025-10-06-2457-01-en	2025-10-06-2457-01-en	2025-10-06	Sri Lanka Customs - Rates of Exchange with effect from. 06.10.2025 to 12.10.2025	https://documents.gov.lk/view/extra-gazettes/egz_2025.html	en	https://documents.gov.lk/view/extra-gazettes/2025/10/2457-01_E.pdf	2457/01
lk_extraordinary_gazettes_2020s	2025-10-04-2025-10-04-2456-85-si	2025-10-04-2456-85-si	2025-10-04	Election Commission - Filling of a Vacancy in the Office of Member of the Maharagama Urban Council	https://documents.gov.lk/view/extra-gazettes/egz_2025.html	si	https://documents.gov.lk/view/extra-gazettes/2025/10/2456-85_S.pdf	2456/85
lk_extraordinary_gazettes_2020s	2025-10-04-2025-10-04-2456-85-en	2025-10-04-2456-85-en	2025-10-04	Election Commission - Filling of a Vacancy in the Office of Member of the Maharagama Urban Council	https://documents.gov.lk/view/extra-gazettes/egz_2025.html	en	https://documents.gov.lk/view/extra-gazettes/2025/10/2456-85_E.pdf	2456/85
lk_extraordinary_gazettes_2020s	2025-10-03-2025-10-03-2456-73-si	2025-10-03-2456-73-si	2025-10-03	Ministry of Labour - The Wages Boards Ordinance. Nominated Members of the Wages Board.	https://documents.gov.lk/view/extra-gazettes/egz_2025.html	si	https://documents.gov.lk/view/extra-gazettes/2025/10/2456-73_S.pdf	2456/73
lk_extraordinary_gazettes_2020s	2025-10-03-2025-10-03-2456-73-en	2025-10-03-2456-73-en	2025-10-03	Ministry of Labour - The Wages Boards Ordinance. Nominated Members of the Wages Board.	https://documents.gov.lk/view/extra-gazettes/egz_2025.html	en	https://documents.gov.lk/view/extra-gazettes/2025/10/2456-73_E.pdf	2456/73
lk_extraordinary_gazettes_2020s	2025-10-03-2025-10-03-2456-72-si	2025-10-03-2456-72-si	2025-10-03	Elections Commission - Filling of a vacancy in the office of Member of the Rathnapura Municipal Council.	https://documents.gov.lk/view/extra-gazettes/egz_2025.html	si	https://documents.gov.lk/view/extra-gazettes/2025/10/2456-72_S.pdf	2456/72
lk_extraordinary_gazettes_2020s	2025-10-03-2025-10-03-2456-72-en	2025-10-03-2456-72-en	2025-10-03	Elections Commission - Filling of a vacancy in the office of Member of the Rathnapura Municipal Council.	https://documents.gov.lk/view/extra-gazettes/egz_2025.html	en	https://documents.gov.lk/view/extra-gazettes/2025/10/2456-72_E.pdf	2456/72
lk_extraordinary_gazettes_2020s	2025-10-03-2025-10-03-2456-61-ta	2025-10-03-2456-61-ta	2025-10-03	2456/61	https://documents.gov.lk/view/extra-gazettes/egz_2025.html	ta	https://documents.gov.lk/view/extra-gazettes/2025/10/2456-61_T.pdf	2456/61
lk_extraordinary_gazettes_2020s	2025-10-03-2025-10-03-2456-61-si	2025-10-03-2456-61-si	2025-10-03	2456/61	https://documents.gov.lk/view/extra-gazettes/egz_2025.html	si	https://documents.gov.lk/view/extra-gazettes/2025/10/2456-61_S.pdf	2456/61
lk_extraordinary_gazettes_2020s	2025-10-03-2025-10-03-2456-61-en	2025-10-03-2456-61-en	2025-10-03	2456/61	https://documents.gov.lk/view/extra-gazettes/egz_2025.html	en	https://documents.gov.lk/view/extra-gazettes/2025/10/2456-61_E.pdf	2456/61
lk_extraordinary_gazettes_2020s	2025-10-03-2025-10-03-2456-59-si	2025-10-03-2456-59-si	2025-10-03	Department of Animal Production and Health - Animal Diseases Act. No 59 of 1992	https://documents.gov.lk/view/extra-gazettes/egz_2025.html	si	https://documents.gov.lk/view/extra-gazettes/2025/10/2456-59_S.pdf	2456/59
lk_extraordinary_gazettes_2020s	2025-10-03-2025-10-03-2456-59-en	2025-10-03-2456-59-en	2025-10-03	Department of Animal Production and Health - Animal Diseases Act. No 59 of 1992	https://documents.gov.lk/view/extra-gazettes/egz_2025.html	en	https://documents.gov.lk/view/extra-gazettes/2025/10/2456-59_E.pdf	2456/59
lk_extraordinary_gazettes_2020s	2025-10-03-2025-10-03-2456-58-si	2025-10-03-2456-58-si	2025-10-03	Department of Census and Statistics - The Census Ordinance (Chapter 143) Appointed Superintendent of Census.	https://documents.gov.lk/view/extra-gazettes/egz_2025.html	si	https://documents.gov.lk/view/extra-gazettes/2025/10/2456-58_S.pdf	2456/58
lk_extraordinary_gazettes_2020s	2025-10-03-2025-10-03-2456-58-en	2025-10-03-2456-58-en	2025-10-03	Department of Census and Statistics - The Census Ordinance (Chapter 143) Appointed Superintendent of Census.	https://documents.gov.lk/view/extra-gazettes/egz_2025.html	en	https://documents.gov.lk/view/extra-gazettes/2025/10/2456-58_E.pdf	2456/58
lk_extraordinary_gazettes_2020s	2025-10-02-2025-10-02-2456-47-si	2025-10-02-2456-47-si	2025-10-02	Cost Conservation and Coastal Resource Management Dept.- Environmental Impact Assessment Report	https://documents.gov.lk/view/extra-gazettes/egz_2025.html	si	https://documents.gov.lk/view/extra-gazettes/2025/10/2456-47_S.pdf	2456/47
lk_extraordinary_gazettes_2020s	2025-10-02-2025-10-02-2456-47-en	2025-10-02-2456-47-en	2025-10-02	Cost Conservation and Coastal Resource Management Dept.- Environmental Impact Assessment Report	https://documents.gov.lk/view/extra-gazettes/egz_2025.html	en	https://documents.gov.lk/view/extra-gazettes/2025/10/2456-47_E.pdf	2456/47
lk_extraordinary_gazettes_2020s	2025-10-01-2025-10-01-2456-42-ta	2025-10-01-2456-42-ta	2025-10-01	Consumer Affairs Authority - Consumer Affairs Authority Act No. 9 of 2003 (Amended). Direction No.96 Sri Lanka Standard Specification for Reusable Plastic Bottles for carrying Drinkable Liquids SLS 1616. Sri Lanka Standard Specification for Feeding Bottles made of Polymer Materials SLS 1306	https://documents.gov.lk/view/extra-gazettes/egz_2025.html	ta	https://documents.gov.lk/view/extra-gazettes/2025/10/2456-42_T.pdf	2456/42
lk_extraordinary_gazettes_2020s	2025-10-01-2025-10-01-2456-42-si	2025-10-01-2456-42-si	2025-10-01	Consumer Affairs Authority - Consumer Affairs Authority Act No. 9 of 2003 (Amended). Direction No.96 Sri Lanka Standard Specification for Reusable Plastic Bottles for carrying Drinkable Liquids SLS 1616. Sri Lanka Standard Specification for Feeding Bottles made of Polymer Materials SLS 1306	https://documents.gov.lk/view/extra-gazettes/egz_2025.html	si	https://documents.gov.lk/view/extra-gazettes/2025/10/2456-42_S.pdf	2456/42
lk_extraordinary_gazettes_2020s	2025-10-01-2025-10-01-2456-42-en	2025-10-01-2456-42-en	2025-10-01	Consumer Affairs Authority - Consumer Affairs Authority Act No. 9 of 2003 (Amended). Direction No.96 Sri Lanka Standard Specification for Reusable Plastic Bottles for carrying Drinkable Liquids SLS 1616. Sri Lanka Standard Specification for Feeding Bottles made of Polymer Materials SLS 1306	https://documents.gov.lk/view/extra-gazettes/egz_2025.html	en	https://documents.gov.lk/view/extra-gazettes/2025/10/2456-42_E.pdf	2456/42
lk_extraordinary_gazettes_2020s	2025-10-01-2025-10-01-2456-41-ta	2025-10-01-2456-41-ta	2025-10-01	Consumer Affairs Authority - Consumer Affairs Authority Act No. 9 of 2003 (Amended). Direction No.95 Low - Density Polyethylene -(LDPE). Linear Low - Density Polyethylene -(LLDPE)	https://documents.gov.lk/view/extra-gazettes/egz_2025.html	ta	https://documents.gov.lk/view/extra-gazettes/2025/10/2456-41_T.pdf	2456/41
lk_extraordinary_gazettes_2020s	2025-10-01-2025-10-01-2456-41-si	2025-10-01-2456-41-si	2025-10-01	Consumer Affairs Authority - Consumer Affairs Authority Act No. 9 of 2003 (Amended). Direction No.95 Low - Density Polyethylene -(LDPE). Linear Low - Density Polyethylene -(LLDPE)	https://documents.gov.lk/view/extra-gazettes/egz_2025.html	si	https://documents.gov.lk/view/extra-gazettes/2025/10/2456-41_S.pdf	2456/41
lk_extraordinary_gazettes_2020s	2025-10-01-2025-10-01-2456-41-en	2025-10-01-2456-41-en	2025-10-01	Consumer Affairs Authority - Consumer Affairs Authority Act No. 9 of 2003 (Amended). Direction No.95 Low - Density Polyethylene -(LDPE). Linear Low - Density Polyethylene -(LLDPE)	https://documents.gov.lk/view/extra-gazettes/egz_2025.html	en	https://documents.gov.lk/view/extra-gazettes/2025/10/2456-41_E.pdf	2456/41
lk_extraordinary_gazettes_2020s	2025-10-01-2025-10-01-2456-40-ta	2025-10-01-2456-40-ta	2025-10-01	Election Commission - Seyyadu Ahamed Mohamad Rimsad elected as the member of the Thumpane Pradeshiya Sabha.	https://documents.gov.lk/view/extra-gazettes/egz_2025.html	ta	https://documents.gov.lk/view/extra-gazettes/2025/10/2456-40_T.pdf	2456/40
lk_extraordinary_gazettes_2020s	2025-10-01-2025-10-01-2456-40-si	2025-10-01-2456-40-si	2025-10-01	Election Commission - Seyyadu Ahamed Mohamad Rimsad elected as the member of the Thumpane Pradeshiya Sabha.	https://documents.gov.lk/view/extra-gazettes/egz_2025.html	si	https://documents.gov.lk/view/extra-gazettes/2025/10/2456-40_S.pdf	2456/40
lk_extraordinary_gazettes_2020s	2025-10-01-2025-10-01-2456-40-en	2025-10-01-2456-40-en	2025-10-01	Election Commission - Seyyadu Ahamed Mohamad Rimsad elected as the member of the Thumpane Pradeshiya Sabha.	https://documents.gov.lk/view/extra-gazettes/egz_2025.html	en	https://documents.gov.lk/view/extra-gazettes/2025/10/2456-40_E.pdf	2456/40
lk_extraordinary_gazettes_2020s	2025-10-01-2025-10-01-2456-39-si	2025-10-01-2456-39-si	2025-10-01	Land Title Settlement Dept - Kollapuliyankulan, Vavuniya D/S/D , Vavuniya District	https://documents.gov.lk/view/extra-gazettes/egz_2025.html	si	https://documents.gov.lk/view/extra-gazettes/2025/10/2456-39_S.pdf	2456/39
lk_extraordinary_gazettes_2020s	2025-10-01-2025-10-01-2456-39-en	2025-10-01-2456-39-en	2025-10-01	Land Title Settlement Dept - Kollapuliyankulan, Vavuniya D/S/D , Vavuniya District	https://documents.gov.lk/view/extra-gazettes/egz_2025.html	en	https://documents.gov.lk/view/extra-gazettes/2025/10/2456-39_E.pdf	2456/39
lk_extraordinary_gazettes_2020s	2025-10-01-2025-10-01-2456-38-si	2025-10-01-2456-38-si	2025-10-01	Mediation Boards Commission - Notice calling for Nominations for the Appointment of Mediators (Nuwara Eliya District)	https://documents.gov.lk/view/extra-gazettes/egz_2025.html	si	https://documents.gov.lk/view/extra-gazettes/2025/10/2456-38_S.pdf	2456/38
lk_extraordinary_gazettes_2020s	2025-10-01-2025-10-01-2456-38-en	2025-10-01-2456-38-en	2025-10-01	Mediation Boards Commission - Notice calling for Nominations for the Appointment of Mediators (Nuwara Eliya District)	https://documents.gov.lk/view/extra-gazettes/egz_2025.html	en	https://documents.gov.lk/view/extra-gazettes/2025/10/2456-38_E.pdf	2456/38
lk_extraordinary_gazettes_2020s	2025-10-01-2025-10-01-2456-37-si	2025-10-01-2456-37-si	2025-10-01	Mediation Boards Commission - Notice calling for Nominations for the Appointment of Mediators (05 other Districts and Mulativu District)	https://documents.gov.lk/view/extra-gazettes/egz_2025.html	si	https://documents.gov.lk/view/extra-gazettes/2025/10/2456-37_S.pdf	2456/37
lk_extraordinary_gazettes_2020s	2025-10-01-2025-10-01-2456-37-en	2025-10-01-2456-37-en	2025-10-01	Mediation Boards Commission - Notice calling for Nominations for the Appointment of Mediators (05 other Districts and Mulativu District)	https://documents.gov.lk/view/extra-gazettes/egz_2025.html	en	https://documents.gov.lk/view/extra-gazettes/2025/10/2456-37_E.pdf	2456/37
lk_extraordinary_gazettes_2020s	2025-10-01-2025-10-01-2456-35-si	2025-10-01-2456-35-si	2025-10-01	Land Reform Commission Amendment to the Statutory Determinations Nos. 4650 and 4653 Under Section 19 of the Land Reform Law No. 1 of 1972	https://documents.gov.lk/view/extra-gazettes/egz_2025.html	si	https://documents.gov.lk/view/extra-gazettes/2025/10/2456-35_S.pdf	2456/35
lk_extraordinary_gazettes_2020s	2025-10-01-2025-10-01-2456-35-en	2025-10-01-2456-35-en	2025-10-01	Land Reform Commission Amendment to the Statutory Determinations Nos. 4650 and 4653 Under Section 19 of the Land Reform Law No. 1 of 1972	https://documents.gov.lk/view/extra-gazettes/egz_2025.html	en	https://documents.gov.lk/view/extra-gazettes/2025/10/2456-35_E.pdf	2456/35
lk_extraordinary_gazettes_2020s	2025-09-30-2025-09-30-2456-34-si	2025-09-30-2456-34-si	2025-09-30	M/of Health and Mass Media Under Section 45 (Chapter 190) of the Post Office Ordinance	https://documents.gov.lk/view/extra-gazettes/egz_2025.html	si	https://documents.gov.lk/view/extra-gazettes/2025/9/2456-34_S.pdf	2456/34
lk_extraordinary_gazettes_2020s	2025-09-30-2025-09-30-2456-34-en	2025-09-30-2456-34-en	2025-09-30	M/of Health and Mass Media Under Section 45 (Chapter 190) of the Post Office Ordinance	https://documents.gov.lk/view/extra-gazettes/egz_2025.html	en	https://documents.gov.lk/view/extra-gazettes/2025/9/2456-34_E.pdf	2456/34
lk_extraordinary_gazettes_2020s	2025-09-30-2025-09-30-2456-28-ta	2025-09-30-2456-28-ta	2025-09-30	Office of the Public Service Commission - Appointed to the Health Service Committee and Education Service Committee	https://documents.gov.lk/view/extra-gazettes/egz_2025.html	ta	https://documents.gov.lk/view/extra-gazettes/2025/9/2456-28_T.pdf	2456/28
lk_extraordinary_gazettes_2020s	2025-09-30-2025-09-30-2456-28-si	2025-09-30-2456-28-si	2025-09-30	Office of the Public Service Commission - Appointed to the Health Service Committee and Education Service Committee	https://documents.gov.lk/view/extra-gazettes/egz_2025.html	si	https://documents.gov.lk/view/extra-gazettes/2025/9/2456-28_S.pdf	2456/28
lk_extraordinary_gazettes_2020s	2025-09-30-2025-09-30-2456-28-en	2025-09-30-2456-28-en	2025-09-30	Office of the Public Service Commission - Appointed to the Health Service Committee and Education Service Committee	https://documents.gov.lk/view/extra-gazettes/egz_2025.html	en	https://documents.gov.lk/view/extra-gazettes/2025/9/2456-28_E.pdf	2456/28
lk_extraordinary_gazettes_2020s	2025-09-30-2025-09-30-2456-27-ta	2025-09-30-2456-27-ta	2025-09-30	Chief Secretariat- Sourthern Province Entertainment Tax Ambalangoda Urban Council	https://documents.gov.lk/view/extra-gazettes/egz_2025.html	ta	https://documents.gov.lk/view/extra-gazettes/2025/9/2456-27_T.pdf	2456/27
lk_extraordinary_gazettes_2020s	2025-09-30-2025-09-30-2456-27-si	2025-09-30-2456-27-si	2025-09-30	Chief Secretariat- Sourthern Province Entertainment Tax Ambalangoda Urban Council	https://documents.gov.lk/view/extra-gazettes/egz_2025.html	si	https://documents.gov.lk/view/extra-gazettes/2025/9/2456-27_S.pdf	2456/27
lk_extraordinary_gazettes_2020s	2025-09-30-2025-09-30-2456-27-en	2025-09-30-2456-27-en	2025-09-30	Chief Secretariat- Sourthern Province Entertainment Tax Ambalangoda Urban Council	https://documents.gov.lk/view/extra-gazettes/egz_2025.html	en	https://documents.gov.lk/view/extra-gazettes/2025/9/2456-27_E.pdf	2456/27
lk_extraordinary_gazettes_2020s	2025-09-30-2025-09-30-2456-14-si	2025-09-30-2456-14-si	2025-09-30	Land Title Settlement Dept - T.R. ramar piliyankulam, vavuniya D/S/D , Vavuniya District	https://documents.gov.lk/view/extra-gazettes/egz_2025.html	si	https://documents.gov.lk/view/extra-gazettes/2025/9/2456-14_S.pdf	2456/14
lk_extraordinary_gazettes_2020s	2025-09-30-2025-09-30-2456-14-en	2025-09-30-2456-14-en	2025-09-30	Land Title Settlement Dept - T.R. ramar piliyankulam, vavuniya D/S/D , Vavuniya District	https://documents.gov.lk/view/extra-gazettes/egz_2025.html	en	https://documents.gov.lk/view/extra-gazettes/2025/9/2456-14_E.pdf	2456/14
lk_extraordinary_gazettes_2020s	2025-09-30-2025-09-30-2456-13-ta	2025-09-30-2456-13-ta	2025-09-30	District Secretariat- Galle Pilgrimages Ordinance Annual Duruthu Maha Religious Festival	https://documents.gov.lk/view/extra-gazettes/egz_2025.html	ta	https://documents.gov.lk/view/extra-gazettes/2025/9/2456-13_T.pdf	2456/13
lk_extraordinary_gazettes_2020s	2025-09-30-2025-09-30-2456-13-si	2025-09-30-2456-13-si	2025-09-30	District Secretariat- Galle Pilgrimages Ordinance Annual Duruthu Maha Religious Festival	https://documents.gov.lk/view/extra-gazettes/egz_2025.html	si	https://documents.gov.lk/view/extra-gazettes/2025/9/2456-13_S.pdf	2456/13
lk_extraordinary_gazettes_2020s	2025-09-30-2025-09-30-2456-13-en	2025-09-30-2456-13-en	2025-09-30	District Secretariat- Galle Pilgrimages Ordinance Annual Duruthu Maha Religious Festival	https://documents.gov.lk/view/extra-gazettes/egz_2025.html	en	https://documents.gov.lk/view/extra-gazettes/2025/9/2456-13_E.pdf	2456/13
lk_extraordinary_gazettes_2020s	2025-09-29-2025-09-29-2456-10-si	2025-09-29-2456-10-si	2025-09-29	Land Title Settlement Dept. - Kunchukulam, Vavuniya North  D/S Division, Vavuniya District (25/1200118)	https://documents.gov.lk/view/extra-gazettes/egz_2025.html	si	https://documents.gov.lk/view/extra-gazettes/2025/9/2456-10_S.pdf	2456/10
lk_extraordinary_gazettes_2020s	2025-09-29-2025-09-29-2456-10-en	2025-09-29-2456-10-en	2025-09-29	Land Title Settlement Dept. - Kunchukulam, Vavuniya North  D/S Division, Vavuniya District (25/1200118)	https://documents.gov.lk/view/extra-gazettes/egz_2025.html	en	https://documents.gov.lk/view/extra-gazettes/2025/9/2456-10_E.pdf	2456/10
lk_extraordinary_gazettes_2020s	2025-09-29-2025-09-29-2456-06-ta	2025-09-29-2456-06-ta	2025-09-29	Port City Economic Commission - The Colombo Port City Economic Commission Act, No.11 of 2021 Amana Takaful Life PLC	https://documents.gov.lk/view/extra-gazettes/egz_2025.html	ta	https://documents.gov.lk/view/extra-gazettes/2025/9/2456-06_T.pdf	2456/06
lk_extraordinary_gazettes_2020s	2025-09-29-2025-09-29-2456-06-si	2025-09-29-2456-06-si	2025-09-29	Port City Economic Commission - The Colombo Port City Economic Commission Act, No.11 of 2021 Amana Takaful Life PLC	https://documents.gov.lk/view/extra-gazettes/egz_2025.html	si	https://documents.gov.lk/view/extra-gazettes/2025/9/2456-06_S.pdf	2456/06
lk_extraordinary_gazettes_2020s	2025-09-29-2025-09-29-2456-06-en	2025-09-29-2456-06-en	2025-09-29	Port City Economic Commission - The Colombo Port City Economic Commission Act, No.11 of 2021 Amana Takaful Life PLC	https://documents.gov.lk/view/extra-gazettes/egz_2025.html	en	https://documents.gov.lk/view/extra-gazettes/2025/9/2456-06_E.pdf	2456/06
lk_extraordinary_gazettes_2020s	2025-09-29-2025-09-29-2456-05-si	2025-09-29-2456-05-si	2025-09-29	Land Aquisition - Beddgama, Panwila D/S Division, Kandy District Sec. 05	https://documents.gov.lk/view/extra-gazettes/egz_2025.html	si	https://documents.gov.lk/view/extra-gazettes/2025/9/2456-05_S.pdf	2456/05
lk_extraordinary_gazettes_2020s	2025-09-29-2025-09-29-2456-05-en	2025-09-29-2456-05-en	2025-09-29	Land Aquisition - Beddgama, Panwila D/S Division, Kandy District Sec. 05	https://documents.gov.lk/view/extra-gazettes/egz_2025.html	en	https://documents.gov.lk/view/extra-gazettes/2025/9/2456-05_E.pdf	2456/05
lk_extraordinary_gazettes_2020s	2025-09-29-2025-09-29-2456-02-en	2025-09-29-2456-02-en	2025-09-29	Inland Revenue Department - Value added Tax Act No. 14 of 2002 Conditions and specifications to operate Risk based Refund Scheme	https://documents.gov.lk/view/extra-gazettes/egz_2025.html	en	https://documents.gov.lk/view/extra-gazettes/2025/9/2456-02_E.pdf	2456/02
lk_extraordinary_gazettes_2020s	2025-09-29-2025-09-29-2456-01-si	2025-09-29-2456-01-si	2025-09-29	Sri Lanka Customs Rates of Exchange W.E.F. 29.09.2025 to 05.10.2025	https://documents.gov.lk/view/extra-gazettes/egz_2025.html	si	https://documents.gov.lk/view/extra-gazettes/2025/9/2456-01_S.pdf	2456/01
lk_extraordinary_gazettes_2020s	2025-09-29-2025-09-29-2456-01-en	2025-09-29-2456-01-en	2025-09-29	Sri Lanka Customs Rates of Exchange W.E.F. 29.09.2025 to 05.10.2025	https://documents.gov.lk/view/extra-gazettes/egz_2025.html	en	https://documents.gov.lk/view/extra-gazettes/2025/9/2456-01_E.pdf	2456/01
lk_extraordinary_gazettes_2020s	2025-09-26-2025-09-26-2455-30-ta	2025-09-26-2455-30-ta	2025-09-26	Election Commission - L.A.E.O - 2025 Notice Under Section 66 (2) Elected 04 Members for the Mahara Pradeshiya Sabha	https://documents.gov.lk/view/extra-gazettes/egz_2025.html	ta	https://documents.gov.lk/view/extra-gazettes/2025/9/2455-30_T.pdf	2455/30
lk_extraordinary_gazettes_2020s	2025-09-26-2025-09-26-2455-30-si	2025-09-26-2455-30-si	2025-09-26	Election Commission - L.A.E.O - 2025 Notice Under Section 66 (2) Elected 04 Members for the Mahara Pradeshiya Sabha	https://documents.gov.lk/view/extra-gazettes/egz_2025.html	si	https://documents.gov.lk/view/extra-gazettes/2025/9/2455-30_S.pdf	2455/30
lk_extraordinary_gazettes_2020s	2025-09-26-2025-09-26-2455-30-en	2025-09-26-2455-30-en	2025-09-26	Election Commission - L.A.E.O - 2025 Notice Under Section 66 (2) Elected 04 Members for the Mahara Pradeshiya Sabha	https://documents.gov.lk/view/extra-gazettes/egz_2025.html	en	https://documents.gov.lk/view/extra-gazettes/2025/9/2455-30_E.pdf	2455/30
lk_extraordinary_gazettes_2020s	2025-09-25-2025-09-25-2455-29-ta	2025-09-25-2455-29-ta	2025-09-25	Ministry of Transport, Highway, Ports and Civil Aviation - Motor Traffic Act (Chapter 203) Motor Traffic Express Way Regulations	https://documents.gov.lk/view/extra-gazettes/egz_2025.html	ta	https://documents.gov.lk/view/extra-gazettes/2025/9/2455-29_T.pdf	2455/29
lk_extraordinary_gazettes_2020s	2025-09-25-2025-09-25-2455-29-si	2025-09-25-2455-29-si	2025-09-25	Ministry of Transport, Highway, Ports and Civil Aviation - Motor Traffic Act (Chapter 203) Motor Traffic Express Way Regulations	https://documents.gov.lk/view/extra-gazettes/egz_2025.html	si	https://documents.gov.lk/view/extra-gazettes/2025/9/2455-29_S.pdf	2455/29
lk_extraordinary_gazettes_2020s	2025-09-25-2025-09-25-2455-29-en	2025-09-25-2455-29-en	2025-09-25	Ministry of Transport, Highway, Ports and Civil Aviation - Motor Traffic Act (Chapter 203) Motor Traffic Express Way Regulations	https://documents.gov.lk/view/extra-gazettes/egz_2025.html	en	https://documents.gov.lk/view/extra-gazettes/2025/9/2455-29_E.pdf	2455/29
lk_extraordinary_gazettes_2020s	2025-09-25-2025-09-25-2455-26-ta	2025-09-25-2455-26-ta	2025-09-25	Land Aquisition - Diyamigolla, Haldummulla D/S Division, Badulla District Sec 07	https://documents.gov.lk/view/extra-gazettes/egz_2025.html	ta	https://documents.gov.lk/view/extra-gazettes/2025/9/2455-26_T.pdf	2455/26
lk_extraordinary_gazettes_2020s	2025-09-25-2025-09-25-2455-25-si	2025-09-25-2455-25-si	2025-09-25	M/of Urban Development, Construction and Housing- National Water Supply and Drainage Board Act, No. 02 of 1974 Order Under Section 92	https://documents.gov.lk/view/extra-gazettes/egz_2025.html	si	https://documents.gov.lk/view/extra-gazettes/2025/9/2455-25_S.pdf	2455/25
lk_extraordinary_gazettes_2020s	2025-09-25-2025-09-25-2455-25-en	2025-09-25-2455-25-en	2025-09-25	M/of Urban Development, Construction and Housing- National Water Supply and Drainage Board Act, No. 02 of 1974 Order Under Section 92	https://documents.gov.lk/view/extra-gazettes/egz_2025.html	en	https://documents.gov.lk/view/extra-gazettes/2025/9/2455-25_E.pdf	2455/25
lk_extraordinary_gazettes_2020s	2025-09-25-2025-09-25-2455-24-en	2025-09-25-2455-24-en	2025-09-25	Land Aquisition - Beverly, Kotapola D/S Division, Matara District Sec 05	https://documents.gov.lk/view/extra-gazettes/egz_2025.html	en	https://documents.gov.lk/view/extra-gazettes/2025/9/2455-24_E.pdf	2455/24
lk_extraordinary_gazettes_2020s	2025-09-24-2025-09-24-2455-20-si	2025-09-24-2455-20-si	2025-09-24	Land Title Settlement Dept. - Yaggapitiya, Mallawapitiya D/S Division, Kurunegala District (7848)	https://documents.gov.lk/view/extra-gazettes/egz_2025.html	si	https://documents.gov.lk/view/extra-gazettes/2025/9/2455-20_S.pdf	2455/20
lk_extraordinary_gazettes_2020s	2025-09-24-2025-09-24-2455-20-en	2025-09-24-2455-20-en	2025-09-24	Land Title Settlement Dept. - Yaggapitiya, Mallawapitiya D/S Division, Kurunegala District (7848)	https://documents.gov.lk/view/extra-gazettes/egz_2025.html	en	https://documents.gov.lk/view/extra-gazettes/2025/9/2455-20_E.pdf	2455/20
lk_extraordinary_gazettes_2020s	2025-09-23-2025-09-23-2455-17-ta	2025-09-23-2455-17-ta	2025-09-23	Land Aquisition - Thellippalai South West, Valikamam North D/S Division, Jaffna District, Land Aquisition - Deewilla, Yatawatta D/S/D, Matale Distric. Land Aquisition - Correction Paper. Extra Gazette No. 2440/03 Sec 38 (a)	https://documents.gov.lk/view/extra-gazettes/egz_2025.html	ta	https://documents.gov.lk/view/extra-gazettes/2025/9/2455-17_T.pdf	2455/17
lk_extraordinary_gazettes_2020s	2025-09-23-2025-09-23-2455-17-si	2025-09-23-2455-17-si	2025-09-23	Land Aquisition - Thellippalai South West, Valikamam North D/S Division, Jaffna District, Land Aquisition - Deewilla, Yatawatta D/S/D, Matale Distric. Land Aquisition - Correction Paper. Extra Gazette No. 2440/03 Sec 38 (a)	https://documents.gov.lk/view/extra-gazettes/egz_2025.html	si	https://documents.gov.lk/view/extra-gazettes/2025/9/2455-17_S.pdf	2455/17
lk_extraordinary_gazettes_2020s	2025-09-23-2025-09-23-2455-17-en	2025-09-23-2455-17-en	2025-09-23	Land Aquisition - Thellippalai South West, Valikamam North D/S Division, Jaffna District, Land Aquisition - Deewilla, Yatawatta D/S/D, Matale Distric. Land Aquisition - Correction Paper. Extra Gazette No. 2440/03 Sec 38 (a)	https://documents.gov.lk/view/extra-gazettes/egz_2025.html	en	https://documents.gov.lk/view/extra-gazettes/2025/9/2455-17_E.pdf	2455/17
lk_extraordinary_gazettes_2020s	2025-09-23-2025-09-23-2455-16-si	2025-09-23-2455-16-si	2025-09-23	Land Aquisition - Maviddapuram, Valikamam North D/S Division, Jaffna District, Land Aquisition - Correction Paper. Extra Ordinary Gazette No. 2268/09 Sec 38 (a)	https://documents.gov.lk/view/extra-gazettes/egz_2025.html	si	https://documents.gov.lk/view/extra-gazettes/2025/9/2455-16_S.pdf	2455/16
lk_extraordinary_gazettes_2020s	2025-09-23-2025-09-23-2455-16-en	2025-09-23-2455-16-en	2025-09-23	Land Aquisition - Maviddapuram, Valikamam North D/S Division, Jaffna District, Land Aquisition - Correction Paper. Extra Ordinary Gazette No. 2268/09 Sec 38 (a)	https://documents.gov.lk/view/extra-gazettes/egz_2025.html	en	https://documents.gov.lk/view/extra-gazettes/2025/9/2455-16_E.pdf	2455/16
lk_extraordinary_gazettes_2020s	2025-09-23-2025-09-23-2455-14-en	2025-09-23-2455-14-en	2025-09-23	Public utilities Commission of Sri Lanka - Statement of Estimated Expenditure of the Public utilities Commission of Sri Lanka	https://documents.gov.lk/view/extra-gazettes/egz_2025.html	en	https://documents.gov.lk/view/extra-gazettes/2025/9/2455-14_E.pdf	2455/14
lk_extraordinary_gazettes_2020s	2025-09-23-2025-09-23-2455-13-si	2025-09-23-2455-13-si	2025-09-23	Office of the Public Service Commission - Service Minute of the Teacher Advisor Service 2nd Amendment	https://documents.gov.lk/view/extra-gazettes/egz_2025.html	si	https://documents.gov.lk/view/extra-gazettes/2025/9/2455-13_S.pdf	2455/13
lk_extraordinary_gazettes_2020s	2025-09-23-2025-09-23-2455-13-en	2025-09-23-2455-13-en	2025-09-23	Office of the Public Service Commission - Service Minute of the Teacher Advisor Service 2nd Amendment	https://documents.gov.lk/view/extra-gazettes/egz_2025.html	en	https://documents.gov.lk/view/extra-gazettes/2025/9/2455-13_E.pdf	2455/13
lk_extraordinary_gazettes_2020s	2025-09-23-2025-09-23-2455-12-si	2025-09-23-2455-12-si	2025-09-23	Dept. of Census and Statistics- National Consumer Price Index - August 2025	https://documents.gov.lk/view/extra-gazettes/egz_2025.html	si	https://documents.gov.lk/view/extra-gazettes/2025/9/2455-12_S.pdf	2455/12
lk_extraordinary_gazettes_2020s	2025-09-23-2025-09-23-2455-12-en	2025-09-23-2455-12-en	2025-09-23	Dept. of Census and Statistics- National Consumer Price Index - August 2025	https://documents.gov.lk/view/extra-gazettes/egz_2025.html	en	https://documents.gov.lk/view/extra-gazettes/2025/9/2455-12_E.pdf	2455/12
lk_extraordinary_gazettes_2020s	2025-09-23-2025-09-23-2455-11-ta	2025-09-23-2455-11-ta	2025-09-23	Presidential Secretariat- The Public Security Ordinance (Chapter 40) Order	https://documents.gov.lk/view/extra-gazettes/egz_2025.html	ta	https://documents.gov.lk/view/extra-gazettes/2025/9/2455-11_T.pdf	2455/11
lk_extraordinary_gazettes_2020s	2025-09-23-2025-09-23-2455-11-si	2025-09-23-2455-11-si	2025-09-23	Presidential Secretariat- The Public Security Ordinance (Chapter 40) Order	https://documents.gov.lk/view/extra-gazettes/egz_2025.html	si	https://documents.gov.lk/view/extra-gazettes/2025/9/2455-11_S.pdf	2455/11
lk_extraordinary_gazettes_2020s	2025-09-23-2025-09-23-2455-11-en	2025-09-23-2455-11-en	2025-09-23	Presidential Secretariat- The Public Security Ordinance (Chapter 40) Order	https://documents.gov.lk/view/extra-gazettes/egz_2025.html	en	https://documents.gov.lk/view/extra-gazettes/2025/9/2455-11_E.pdf	2455/11
lk_extraordinary_gazettes_2020s	2025-09-23-2025-09-23-2455-10-si	2025-09-23-2455-10-si	2025-09-23	M/ of Energy - Ceylon Petroleum Corporation Act, No. 28 of 1961 Order Under Section 40 (1)	https://documents.gov.lk/view/extra-gazettes/egz_2025.html	si	https://documents.gov.lk/view/extra-gazettes/2025/9/2455-10_S.pdf	2455/10
lk_extraordinary_gazettes_2020s	2025-09-23-2025-09-23-2455-10-en	2025-09-23-2455-10-en	2025-09-23	M/ of Energy - Ceylon Petroleum Corporation Act, No. 28 of 1961 Order Under Section 40 (1)	https://documents.gov.lk/view/extra-gazettes/egz_2025.html	en	https://documents.gov.lk/view/extra-gazettes/2025/9/2455-10_E.pdf	2455/10
lk_extraordinary_gazettes_2020s	2025-09-23-2025-09-23-2455-09-ta	2025-09-23-2455-09-ta	2025-09-23	M/of Agriculture Livestock Land and Irrigation- L.A- Atamune and Ranawana, Mallawapitiya D/S/D kurunegala District	https://documents.gov.lk/view/extra-gazettes/egz_2025.html	ta	https://documents.gov.lk/view/extra-gazettes/2025/9/2455-09_T.pdf	2455/09
lk_extraordinary_gazettes_2020s	2025-09-23-2025-09-23-2455-09-si	2025-09-23-2455-09-si	2025-09-23	M/of Agriculture Livestock Land and Irrigation- L.A- Atamune and Ranawana, Mallawapitiya D/S/D kurunegala District	https://documents.gov.lk/view/extra-gazettes/egz_2025.html	si	https://documents.gov.lk/view/extra-gazettes/2025/9/2455-09_S.pdf	2455/09
lk_extraordinary_gazettes_2020s	2025-09-23-2025-09-23-2455-09-en	2025-09-23-2455-09-en	2025-09-23	M/of Agriculture Livestock Land and Irrigation- L.A- Atamune and Ranawana, Mallawapitiya D/S/D kurunegala District	https://documents.gov.lk/view/extra-gazettes/egz_2025.html	en	https://documents.gov.lk/view/extra-gazettes/2025/9/2455-09_E.pdf	2455/09
lk_extraordinary_gazettes_2020s	2025-09-22-2025-09-22-2455-08-si	2025-09-22-2455-08-si	2025-09-22	M/of Education - Degree Awarding Institute Order Nagananda International Institute for Buddhist Studies (Pvt) Limited	https://documents.gov.lk/view/extra-gazettes/egz_2025.html	si	https://documents.gov.lk/view/extra-gazettes/2025/9/2455-08_S.pdf	2455/08
lk_extraordinary_gazettes_2020s	2025-09-22-2025-09-22-2455-08-en	2025-09-22-2455-08-en	2025-09-22	M/of Education - Degree Awarding Institute Order Nagananda International Institute for Buddhist Studies (Pvt) Limited	https://documents.gov.lk/view/extra-gazettes/egz_2025.html	en	https://documents.gov.lk/view/extra-gazettes/2025/9/2455-08_E.pdf	2455/08
lk_extraordinary_gazettes_2020s	2025-09-22-2025-09-22-2455-07-si	2025-09-22-2455-07-si	2025-09-22	M/of Education - Degree Awarding Institute Order National School of Business Management (Guarantee)	https://documents.gov.lk/view/extra-gazettes/egz_2025.html	si	https://documents.gov.lk/view/extra-gazettes/2025/9/2455-07_S.pdf	2455/07
lk_extraordinary_gazettes_2020s	2025-09-22-2025-09-22-2455-07-en	2025-09-22-2455-07-en	2025-09-22	M/of Education - Degree Awarding Institute Order National School of Business Management (Guarantee)	https://documents.gov.lk/view/extra-gazettes/egz_2025.html	en	https://documents.gov.lk/view/extra-gazettes/2025/9/2455-07_E.pdf	2455/07
lk_extraordinary_gazettes_2020s	2025-09-22-2025-09-22-2455-06-ta	2025-09-22-2455-06-ta	2025-09-22	M/of Education, Higher Edu. and Vocational Edu- Degree Awarding Institute Order The American College of Higher Education (Pvt) Limited	https://documents.gov.lk/view/extra-gazettes/egz_2025.html	ta	https://documents.gov.lk/view/extra-gazettes/2025/9/2455-06_T.pdf	2455/06
lk_extraordinary_gazettes_2020s	2025-09-22-2025-09-22-2455-06-si	2025-09-22-2455-06-si	2025-09-22	M/of Education, Higher Edu. and Vocational Edu- Degree Awarding Institute Order The American College of Higher Education (Pvt) Limited	https://documents.gov.lk/view/extra-gazettes/egz_2025.html	si	https://documents.gov.lk/view/extra-gazettes/2025/9/2455-06_S.pdf	2455/06
lk_extraordinary_gazettes_2020s	2025-09-22-2025-09-22-2455-06-en	2025-09-22-2455-06-en	2025-09-22	M/of Education, Higher Edu. and Vocational Edu- Degree Awarding Institute Order The American College of Higher Education (Pvt) Limited	https://documents.gov.lk/view/extra-gazettes/egz_2025.html	en	https://documents.gov.lk/view/extra-gazettes/2025/9/2455-06_E.pdf	2455/06
lk_extraordinary_gazettes_2020s	2025-09-22-2025-09-22-2455-05-ta	2025-09-22-2455-05-ta	2025-09-22	Land Aquisition - Deraniyagala, Deraniyagala D/S Division, Kegalle District, Land Aquisition - Amendment. Doluwa D/S Division, Sec 07	https://documents.gov.lk/view/extra-gazettes/egz_2025.html	ta	https://documents.gov.lk/view/extra-gazettes/2025/9/2455-05_T.pdf	2455/05
lk_extraordinary_gazettes_2020s	2025-09-22-2025-09-22-2455-05-si	2025-09-22-2455-05-si	2025-09-22	Land Aquisition - Deraniyagala, Deraniyagala D/S Division, Kegalle District, Land Aquisition - Amendment. Doluwa D/S Division, Sec 07	https://documents.gov.lk/view/extra-gazettes/egz_2025.html	si	https://documents.gov.lk/view/extra-gazettes/2025/9/2455-05_S.pdf	2455/05
lk_extraordinary_gazettes_2020s	2025-09-22-2025-09-22-2455-05-en	2025-09-22-2455-05-en	2025-09-22	Land Aquisition - Deraniyagala, Deraniyagala D/S Division, Kegalle District, Land Aquisition - Amendment. Doluwa D/S Division, Sec 07	https://documents.gov.lk/view/extra-gazettes/egz_2025.html	en	https://documents.gov.lk/view/extra-gazettes/2025/9/2455-05_E.pdf	2455/05
lk_extraordinary_gazettes_2020s	2025-09-22-2025-09-22-2455-01-ta	2025-09-22-2455-01-ta	2025-09-22	Sri Lanka Customs Rates of Exchange W.E.F. 22.09.2025 to 28.09.2025	https://documents.gov.lk/view/extra-gazettes/egz_2025.html	ta	https://documents.gov.lk/view/extra-gazettes/2025/9/2455-01_T.pdf	2455/01
lk_extraordinary_gazettes_2020s	2025-09-22-2025-09-22-2455-01-si	2025-09-22-2455-01-si	2025-09-22	Sri Lanka Customs Rates of Exchange W.E.F. 22.09.2025 to 28.09.2025	https://documents.gov.lk/view/extra-gazettes/egz_2025.html	si	https://documents.gov.lk/view/extra-gazettes/2025/9/2455-01_S.pdf	2455/01
lk_extraordinary_gazettes_2020s	2025-09-22-2025-09-22-2455-01-en	2025-09-22-2455-01-en	2025-09-22	Sri Lanka Customs Rates of Exchange W.E.F. 22.09.2025 to 28.09.2025	https://documents.gov.lk/view/extra-gazettes/egz_2025.html	en	https://documents.gov.lk/view/extra-gazettes/2025/9/2455-01_E.pdf	2455/01
lk_extraordinary_gazettes_2020s	2025-09-21-2025-09-21-2454-68-ta	2025-09-21-2454-68-ta	2025-09-21	Presidential Secretariat - Declaration of the Services Connected to the supply of Electricity to be an essential Public Service.	https://documents.gov.lk/view/extra-gazettes/egz_2025.html	ta	https://documents.gov.lk/view/extra-gazettes/2025/9/2454-68_T.pdf	2454/68
lk_extraordinary_gazettes_2020s	2025-09-21-2025-09-21-2454-68-si	2025-09-21-2454-68-si	2025-09-21	Presidential Secretariat - Declaration of the Services Connected to the supply of Electricity to be an essential Public Service.	https://documents.gov.lk/view/extra-gazettes/egz_2025.html	si	https://documents.gov.lk/view/extra-gazettes/2025/9/2454-68_S.pdf	2454/68
lk_extraordinary_gazettes_2020s	2025-09-21-2025-09-21-2454-68-en	2025-09-21-2454-68-en	2025-09-21	Presidential Secretariat - Declaration of the Services Connected to the supply of Electricity to be an essential Public Service.	https://documents.gov.lk/view/extra-gazettes/egz_2025.html	en	https://documents.gov.lk/view/extra-gazettes/2025/9/2454-68_E.pdf	2454/68
lk_extraordinary_gazettes_2020s	2025-09-20-2025-09-20-2454-62-si	2025-09-20-2454-62-si	2025-09-20	Dept. of Fiscal Policy - Order made under Section 71 of the Colombo Port City Econamic Commission Act, No. 11 of 2021	https://documents.gov.lk/view/extra-gazettes/egz_2025.html	si	https://documents.gov.lk/view/extra-gazettes/2025/9/2454-62_S.pdf	2454/62
lk_extraordinary_gazettes_2020s	2025-09-20-2025-09-20-2454-62-en	2025-09-20-2454-62-en	2025-09-20	Dept. of Fiscal Policy - Order made under Section 71 of the Colombo Port City Econamic Commission Act, No. 11 of 2021	https://documents.gov.lk/view/extra-gazettes/egz_2025.html	en	https://documents.gov.lk/view/extra-gazettes/2025/9/2454-62_E.pdf	2454/62
lk_extraordinary_gazettes_2020s	2025-09-20-2025-09-20-2454-61-si	2025-09-20-2454-61-si	2025-09-20	Ministry of Labour - Industrial Dispute between R. P. K. Ranjani and Ceylon Fisheries Corporation	https://documents.gov.lk/view/extra-gazettes/egz_2025.html	si	https://documents.gov.lk/view/extra-gazettes/2025/9/2454-61_S.pdf	2454/61
lk_extraordinary_gazettes_2020s	2025-09-19-2025-09-19-2454-55-ta	2025-09-19-2454-55-ta	2025-09-19	"Land Title Settlement Dept - Nagoda, Ja-Ela D/S/D Division , Gamapaha District 
L.A. Ekala, Ja-Ela D/S/D Division, Gampaha District"	https://documents.gov.lk/view/extra-gazettes/egz_2025.html	ta	https://documents.gov.lk/view/extra-gazettes/2025/9/2454-55_T.pdf	2454/55
lk_extraordinary_gazettes_2020s	2025-09-19-2025-09-19-2454-55-si	2025-09-19-2454-55-si	2025-09-19	"Land Title Settlement Dept - Nagoda, Ja-Ela D/S/D Division , Gamapaha District 
L.A. Ekala, Ja-Ela D/S/D Division, Gampaha District"	https://documents.gov.lk/view/extra-gazettes/egz_2025.html	si	https://documents.gov.lk/view/extra-gazettes/2025/9/2454-55_S.pdf	2454/55
lk_extraordinary_gazettes_2020s	2025-09-19-2025-09-19-2454-55-en	2025-09-19-2454-55-en	2025-09-19	"Land Title Settlement Dept - Nagoda, Ja-Ela D/S/D Division , Gamapaha District 
L.A. Ekala, Ja-Ela D/S/D Division, Gampaha District"	https://documents.gov.lk/view/extra-gazettes/egz_2025.html	en	https://documents.gov.lk/view/extra-gazettes/2025/9/2454-55_E.pdf	2454/55
lk_extraordinary_gazettes_2020s	2025-09-18-2025-09-18-2454-54-ta	2025-09-18-2454-54-ta	2025-09-18	Public Service Commission Minute of the Sri Lanka Principals Service 5th Amendemt	https://documents.gov.lk/view/extra-gazettes/egz_2025.html	ta	https://documents.gov.lk/view/extra-gazettes/2025/9/2454-54_T.pdf	2454/54
lk_extraordinary_gazettes_2020s	2025-09-18-2025-09-18-2454-54-si	2025-09-18-2454-54-si	2025-09-18	Public Service Commission Minute of the Sri Lanka Principals Service 5th Amendemt	https://documents.gov.lk/view/extra-gazettes/egz_2025.html	si	https://documents.gov.lk/view/extra-gazettes/2025/9/2454-54_S.pdf	2454/54
lk_extraordinary_gazettes_2020s	2025-09-18-2025-09-18-2454-54-en	2025-09-18-2454-54-en	2025-09-18	Public Service Commission Minute of the Sri Lanka Principals Service 5th Amendemt	https://documents.gov.lk/view/extra-gazettes/egz_2025.html	en	https://documents.gov.lk/view/extra-gazettes/2025/9/2454-54_E.pdf	2454/54
lk_extraordinary_gazettes_2020s	2025-09-18-2025-09-18-2454-53-ta	2025-09-18-2454-53-ta	2025-09-18	Public Utilities Commission of S/L Issuance of Certificate of Exemption S.L.A.M. Power Solutions (Pvt) Ltd	https://documents.gov.lk/view/extra-gazettes/egz_2025.html	ta	https://documents.gov.lk/view/extra-gazettes/2025/9/2454-53_T.pdf	2454/53
lk_extraordinary_gazettes_2020s	2025-09-18-2025-09-18-2454-53-si	2025-09-18-2454-53-si	2025-09-18	Public Utilities Commission of S/L Issuance of Certificate of Exemption S.L.A.M. Power Solutions (Pvt) Ltd	https://documents.gov.lk/view/extra-gazettes/egz_2025.html	si	https://documents.gov.lk/view/extra-gazettes/2025/9/2454-53_S.pdf	2454/53
lk_extraordinary_gazettes_2020s	2025-09-18-2025-09-18-2454-53-en	2025-09-18-2454-53-en	2025-09-18	Public Utilities Commission of S/L Issuance of Certificate of Exemption S.L.A.M. Power Solutions (Pvt) Ltd	https://documents.gov.lk/view/extra-gazettes/egz_2025.html	en	https://documents.gov.lk/view/extra-gazettes/2025/9/2454-53_E.pdf	2454/53
lk_extraordinary_gazettes_2020s	2025-09-18-2025-09-18-2454-52-ta	2025-09-18-2454-52-ta	2025-09-18	Public Utilities Commission of Sri Lanka- Issuance of Certificate of Exemption 06 Companies	https://documents.gov.lk/view/extra-gazettes/egz_2025.html	ta	https://documents.gov.lk/view/extra-gazettes/2025/9/2454-52_T.pdf	2454/52
lk_extraordinary_gazettes_2020s	2025-09-18-2025-09-18-2454-52-si	2025-09-18-2454-52-si	2025-09-18	Public Utilities Commission of Sri Lanka- Issuance of Certificate of Exemption 06 Companies	https://documents.gov.lk/view/extra-gazettes/egz_2025.html	si	https://documents.gov.lk/view/extra-gazettes/2025/9/2454-52_S.pdf	2454/52
lk_extraordinary_gazettes_2020s	2025-09-18-2025-09-18-2454-52-en	2025-09-18-2454-52-en	2025-09-18	Public Utilities Commission of Sri Lanka- Issuance of Certificate of Exemption 06 Companies	https://documents.gov.lk/view/extra-gazettes/egz_2025.html	en	https://documents.gov.lk/view/extra-gazettes/2025/9/2454-52_E.pdf	2454/52
lk_extraordinary_gazettes_2020s	2025-09-17-2025-09-17-2454-42-en	2025-09-17-2454-42-en	2025-09-17	Ministry Of Labour - Industrial Dispute between Janatha Estate Development Board and Ceylon Estate Staff's Union (Medical Staff)	https://documents.gov.lk/view/extra-gazettes/egz_2025.html	en	https://documents.gov.lk/view/extra-gazettes/2025/9/2454-42_E.pdf	2454/42
lk_extraordinary_gazettes_2020s	2025-09-17-2025-09-17-2454-41-en	2025-09-17-2454-41-en	2025-09-17	"Ministry Of Labour - Industrial Dispute between Janatha Estates Development Board and Ceylon Estate Staff's Union
Industrial Dispute between Janatha Estates Development Board and Ceylon Estate Staff's Union (supervisory Staff)"	https://documents.gov.lk/view/extra-gazettes/egz_2025.html	en	https://documents.gov.lk/view/extra-gazettes/2025/9/2454-41_E.pdf	2454/41
lk_extraordinary_gazettes_2020s	2025-09-17-2025-09-17-2454-40-si	2025-09-17-2454-40-si	2025-09-17	"Ministry of Labour _ Industrial Dispute between K.A.N. Premasiri and SLBC
Industrial Dispute between W.A.Premasiri and Ceylon Electricity Board."	https://documents.gov.lk/view/extra-gazettes/egz_2025.html	si	https://documents.gov.lk/view/extra-gazettes/2025/9/2454-40_S.pdf	2454/40
lk_extraordinary_gazettes_2020s	2025-09-17-2025-09-17-2454-39-ta	2025-09-17-2454-39-ta	2025-09-17	Ministry of Education - Universities Act,No 16 of 1978 Degree Awarding Institute Order	https://documents.gov.lk/view/extra-gazettes/egz_2025.html	ta	https://documents.gov.lk/view/extra-gazettes/2025/9/2454-39_T.pdf	2454/39
lk_extraordinary_gazettes_2020s	2025-09-17-2025-09-17-2454-39-si	2025-09-17-2454-39-si	2025-09-17	Ministry of Education - Universities Act,No 16 of 1978 Degree Awarding Institute Order	https://documents.gov.lk/view/extra-gazettes/egz_2025.html	si	https://documents.gov.lk/view/extra-gazettes/2025/9/2454-39_S.pdf	2454/39
lk_extraordinary_gazettes_2020s	2025-09-17-2025-09-17-2454-39-en	2025-09-17-2454-39-en	2025-09-17	Ministry of Education - Universities Act,No 16 of 1978 Degree Awarding Institute Order	https://documents.gov.lk/view/extra-gazettes/egz_2025.html	en	https://documents.gov.lk/view/extra-gazettes/2025/9/2454-39_E.pdf	2454/39
lk_extraordinary_gazettes_2020s	2025-09-17-2025-09-17-2454-38-ta	2025-09-17-2454-38-ta	2025-09-17	Land Commission General's Department Appointed Land Officers	https://documents.gov.lk/view/extra-gazettes/egz_2025.html	ta	https://documents.gov.lk/view/extra-gazettes/2025/9/2454-38_T.pdf	2454/38
lk_extraordinary_gazettes_2020s	2025-09-17-2025-09-17-2454-38-si	2025-09-17-2454-38-si	2025-09-17	Land Commission General's Department Appointed Land Officers	https://documents.gov.lk/view/extra-gazettes/egz_2025.html	si	https://documents.gov.lk/view/extra-gazettes/2025/9/2454-38_S.pdf	2454/38
lk_extraordinary_gazettes_2020s	2025-09-17-2025-09-17-2454-38-en	2025-09-17-2454-38-en	2025-09-17	Land Commission General's Department Appointed Land Officers	https://documents.gov.lk/view/extra-gazettes/egz_2025.html	en	https://documents.gov.lk/view/extra-gazettes/2025/9/2454-38_E.pdf	2454/38
lk_extraordinary_gazettes_2020s	2025-09-17-2025-09-17-2454-37-si	2025-09-17-2454-37-si	2025-09-17	Governor's Secretariat - Sabaragamuwa Second Supplementary Financial Statement for the Year- 2025	https://documents.gov.lk/view/extra-gazettes/egz_2025.html	si	https://documents.gov.lk/view/extra-gazettes/2025/9/2454-37_S.pdf	2454/37
lk_extraordinary_gazettes_2020s	2025-09-17-2025-09-17-2454-37-en	2025-09-17-2454-37-en	2025-09-17	Governor's Secretariat - Sabaragamuwa Second Supplementary Financial Statement for the Year- 2025	https://documents.gov.lk/view/extra-gazettes/egz_2025.html	en	https://documents.gov.lk/view/extra-gazettes/2025/9/2454-37_E.pdf	2454/37
lk_extraordinary_gazettes_2020s	2025-09-17-2025-09-17-2454-36-si	2025-09-17-2454-36-si	2025-09-17	Governor's Office - Western Province Extended of Rent Board of Western Province	https://documents.gov.lk/view/extra-gazettes/egz_2025.html	si	https://documents.gov.lk/view/extra-gazettes/2025/9/2454-36_S.pdf	2454/36
lk_extraordinary_gazettes_2020s	2025-09-17-2025-09-17-2454-36-en	2025-09-17-2454-36-en	2025-09-17	Governor's Office - Western Province Extended of Rent Board of Western Province	https://documents.gov.lk/view/extra-gazettes/egz_2025.html	en	https://documents.gov.lk/view/extra-gazettes/2025/9/2454-36_E.pdf	2454/36
lk_extraordinary_gazettes_2020s	2025-09-17-2025-09-17-2454-35-ta	2025-09-17-2454-35-ta	2025-09-17	Governor's Office -western Province - Delegation of Powers under Co-operative Secietries	https://documents.gov.lk/view/extra-gazettes/egz_2025.html	ta	https://documents.gov.lk/view/extra-gazettes/2025/9/2454-35_T.pdf	2454/35
lk_extraordinary_gazettes_2020s	2025-09-17-2025-09-17-2454-35-si	2025-09-17-2454-35-si	2025-09-17	Governor's Office -western Province - Delegation of Powers under Co-operative Secietries	https://documents.gov.lk/view/extra-gazettes/egz_2025.html	si	https://documents.gov.lk/view/extra-gazettes/2025/9/2454-35_S.pdf	2454/35
lk_extraordinary_gazettes_2020s	2025-09-17-2025-09-17-2454-35-en	2025-09-17-2454-35-en	2025-09-17	Governor's Office -western Province - Delegation of Powers under Co-operative Secietries	https://documents.gov.lk/view/extra-gazettes/egz_2025.html	en	https://documents.gov.lk/view/extra-gazettes/2025/9/2454-35_E.pdf	2454/35
lk_extraordinary_gazettes_2020s	2025-09-16-2025-09-16-2454-34-ta	2025-09-16-2454-34-ta	2025-09-16	Land Title Settlement - Viyayadippannai, Mannat Town D/S/D Division, Mannar District	https://documents.gov.lk/view/extra-gazettes/egz_2025.html	ta	https://documents.gov.lk/view/extra-gazettes/2025/9/2454-34_T.pdf	2454/34
lk_extraordinary_gazettes_2020s	2025-09-16-2025-09-16-2454-34-si	2025-09-16-2454-34-si	2025-09-16	Land Title Settlement - Viyayadippannai, Mannat Town D/S/D Division, Mannar District	https://documents.gov.lk/view/extra-gazettes/egz_2025.html	si	https://documents.gov.lk/view/extra-gazettes/2025/9/2454-34_S.pdf	2454/34
lk_extraordinary_gazettes_2020s	2025-09-16-2025-09-16-2454-34-en	2025-09-16-2454-34-en	2025-09-16	Land Title Settlement - Viyayadippannai, Mannat Town D/S/D Division, Mannar District	https://documents.gov.lk/view/extra-gazettes/egz_2025.html	en	https://documents.gov.lk/view/extra-gazettes/2025/9/2454-34_E.pdf	2454/34
lk_extraordinary_gazettes_2020s	2025-09-16-2025-09-16-2454-33-ta	2025-09-16-2454-33-ta	2025-09-16	Land Title Settlement - L.A Olaithoduvai, Mannar Town D/S/D Division Mannar District	https://documents.gov.lk/view/extra-gazettes/egz_2025.html	ta	https://documents.gov.lk/view/extra-gazettes/2025/9/2454-33_T.pdf	2454/33
lk_extraordinary_gazettes_2020s	2025-09-16-2025-09-16-2454-33-si	2025-09-16-2454-33-si	2025-09-16	Land Title Settlement - L.A Olaithoduvai, Mannar Town D/S/D Division Mannar District	https://documents.gov.lk/view/extra-gazettes/egz_2025.html	si	https://documents.gov.lk/view/extra-gazettes/2025/9/2454-33_S.pdf	2454/33
lk_extraordinary_gazettes_2020s	2025-09-16-2025-09-16-2454-33-en	2025-09-16-2454-33-en	2025-09-16	Land Title Settlement - L.A Olaithoduvai, Mannar Town D/S/D Division Mannar District	https://documents.gov.lk/view/extra-gazettes/egz_2025.html	en	https://documents.gov.lk/view/extra-gazettes/2025/9/2454-33_E.pdf	2454/33
lk_extraordinary_gazettes_2020s	2025-09-16-2025-09-16-2454-30-si	2025-09-16-2454-30-si	2025-09-16	Land Title Settlement - Nikapothagama, Hadirwalana D/S/D Division, kurunegala District (25/0249)	https://documents.gov.lk/view/extra-gazettes/egz_2025.html	si	https://documents.gov.lk/view/extra-gazettes/2025/9/2454-30_S.pdf	2454/30
lk_extraordinary_gazettes_2020s	2025-09-16-2025-09-16-2454-30-en	2025-09-16-2454-30-en	2025-09-16	Land Title Settlement - Nikapothagama, Hadirwalana D/S/D Division, kurunegala District (25/0249)	https://documents.gov.lk/view/extra-gazettes/egz_2025.html	en	https://documents.gov.lk/view/extra-gazettes/2025/9/2454-30_E.pdf	2454/30
lk_extraordinary_gazettes_2020s	2025-09-16-2025-09-16-2454-24-ta	2025-09-16-2454-24-ta	2025-09-16	Land Title Settlement Dept. - Owitigama, Homagama D/S Division, Colombo District (25/415)	https://documents.gov.lk/view/extra-gazettes/egz_2025.html	ta	https://documents.gov.lk/view/extra-gazettes/2025/9/2454-24_T.pdf	2454/24
lk_extraordinary_gazettes_2020s	2025-09-16-2025-09-16-2454-24-si	2025-09-16-2454-24-si	2025-09-16	Land Title Settlement Dept. - Owitigama, Homagama D/S Division, Colombo District (25/415)	https://documents.gov.lk/view/extra-gazettes/egz_2025.html	si	https://documents.gov.lk/view/extra-gazettes/2025/9/2454-24_S.pdf	2454/24
lk_extraordinary_gazettes_2020s	2025-09-16-2025-09-16-2454-24-en	2025-09-16-2454-24-en	2025-09-16	Land Title Settlement Dept. - Owitigama, Homagama D/S Division, Colombo District (25/415)	https://documents.gov.lk/view/extra-gazettes/egz_2025.html	en	https://documents.gov.lk/view/extra-gazettes/2025/9/2454-24_E.pdf	2454/24
lk_extraordinary_gazettes_2020s	2025-09-16-2025-09-16-2454-19-ta	2025-09-16-2454-19-ta	2025-09-16	Land Title Settlement Dept. - Meddegama, Dompe D/S Division, Gampaha District (25/55055)	https://documents.gov.lk/view/extra-gazettes/egz_2025.html	ta	https://documents.gov.lk/view/extra-gazettes/2025/9/2454-19_T.pdf	2454/19
lk_extraordinary_gazettes_2020s	2025-09-16-2025-09-16-2454-19-si	2025-09-16-2454-19-si	2025-09-16	Land Title Settlement Dept. - Meddegama, Dompe D/S Division, Gampaha District (25/55055)	https://documents.gov.lk/view/extra-gazettes/egz_2025.html	si	https://documents.gov.lk/view/extra-gazettes/2025/9/2454-19_S.pdf	2454/19
lk_extraordinary_gazettes_2020s	2025-09-16-2025-09-16-2454-19-en	2025-09-16-2454-19-en	2025-09-16	Land Title Settlement Dept. - Meddegama, Dompe D/S Division, Gampaha District (25/55055)	https://documents.gov.lk/view/extra-gazettes/egz_2025.html	en	https://documents.gov.lk/view/extra-gazettes/2025/9/2454-19_E.pdf	2454/19
lk_extraordinary_gazettes_2020s	2025-09-15-2025-09-15-2454-18-en	2025-09-15-2454-18-en	2025-09-15	Ministry of Agriculture - L.A. Thumbowila, Keshewa D/S/D/, Colombo District	https://documents.gov.lk/view/extra-gazettes/egz_2025.html	en	https://documents.gov.lk/view/extra-gazettes/2025/9/2454-18_E.pdf	2454/18
lk_extraordinary_gazettes_2020s	2025-09-15-2025-09-15-2454-16-ta	2025-09-15-2454-16-ta	2025-09-15	"M/of Agriculture,Livestock,Land and Irrigation - L.A Mangoda,Medadumbara D/S/D,KAndy District
L.A Halthota,Millaniya D/S/D Kaluthara District
L.A. Mahalakotuwa,Laggala D/S/D , Matale District"	https://documents.gov.lk/view/extra-gazettes/egz_2025.html	ta	https://documents.gov.lk/view/extra-gazettes/2025/9/2454-16_T.pdf	2454/16
lk_extraordinary_gazettes_2020s	2025-09-15-2025-09-15-2454-16-si	2025-09-15-2454-16-si	2025-09-15	"M/of Agriculture,Livestock,Land and Irrigation - L.A Mangoda,Medadumbara D/S/D,KAndy District
L.A Halthota,Millaniya D/S/D Kaluthara District
L.A. Mahalakotuwa,Laggala D/S/D , Matale District"	https://documents.gov.lk/view/extra-gazettes/egz_2025.html	si	https://documents.gov.lk/view/extra-gazettes/2025/9/2454-16_S.pdf	2454/16
lk_extraordinary_gazettes_2020s	2025-09-15-2025-09-15-2454-16-en	2025-09-15-2454-16-en	2025-09-15	"M/of Agriculture,Livestock,Land and Irrigation - L.A Mangoda,Medadumbara D/S/D,KAndy District
L.A Halthota,Millaniya D/S/D Kaluthara District
L.A. Mahalakotuwa,Laggala D/S/D , Matale District"	https://documents.gov.lk/view/extra-gazettes/egz_2025.html	en	https://documents.gov.lk/view/extra-gazettes/2025/9/2454-16_E.pdf	2454/16
lk_extraordinary_gazettes_2020s	2025-09-15-2025-09-15-2454-13-ta	2025-09-15-2454-13-ta	2025-09-15	2454/13	https://documents.gov.lk/view/extra-gazettes/egz_2025.html	ta	https://documents.gov.lk/view/extra-gazettes/2025/9/2454-13_T.pdf	2454/13
lk_extraordinary_gazettes_2020s	2025-09-15-2025-09-15-2454-13-si	2025-09-15-2454-13-si	2025-09-15	2454/13	https://documents.gov.lk/view/extra-gazettes/egz_2025.html	si	https://documents.gov.lk/view/extra-gazettes/2025/9/2454-13_S.pdf	2454/13
lk_extraordinary_gazettes_2020s	2025-09-15-2025-09-15-2454-13-en	2025-09-15-2454-13-en	2025-09-15	2454/13	https://documents.gov.lk/view/extra-gazettes/egz_2025.html	en	https://documents.gov.lk/view/extra-gazettes/2025/9/2454-13_E.pdf	2454/13
lk_extraordinary_gazettes_2020s	2025-09-15-2025-09-15-2454-11-si	2025-09-15-2454-11-si	2025-09-15	Land Title Settlement Dept. - Sethukudah Manmunai North  D/S Division, Batticaloe District (25/5514171)	https://documents.gov.lk/view/extra-gazettes/egz_2025.html	si	https://documents.gov.lk/view/extra-gazettes/2025/9/2454-11_S.pdf	2454/11
lk_extraordinary_gazettes_2020s	2025-09-15-2025-09-15-2454-11-en	2025-09-15-2454-11-en	2025-09-15	Land Title Settlement Dept. - Sethukudah Manmunai North  D/S Division, Batticaloe District (25/5514171)	https://documents.gov.lk/view/extra-gazettes/egz_2025.html	en	https://documents.gov.lk/view/extra-gazettes/2025/9/2454-11_E.pdf	2454/11
lk_extraordinary_gazettes_2020s	2025-09-15-2025-09-15-2454-05-ta	2025-09-15-2454-05-ta	2025-09-15	Land Title Settlement Dept. - Veediyawatta, Minuwangoda D/S Division, Gampha District (7850)	https://documents.gov.lk/view/extra-gazettes/egz_2025.html	ta	https://documents.gov.lk/view/extra-gazettes/2025/9/2454-05_T.pdf	2454/05
lk_extraordinary_gazettes_2020s	2025-09-15-2025-09-15-2454-05-si	2025-09-15-2454-05-si	2025-09-15	Land Title Settlement Dept. - Veediyawatta, Minuwangoda D/S Division, Gampha District (7850)	https://documents.gov.lk/view/extra-gazettes/egz_2025.html	si	https://documents.gov.lk/view/extra-gazettes/2025/9/2454-05_S.pdf	2454/05
lk_extraordinary_gazettes_2020s	2025-09-15-2025-09-15-2454-05-en	2025-09-15-2454-05-en	2025-09-15	Land Title Settlement Dept. - Veediyawatta, Minuwangoda D/S Division, Gampha District (7850)	https://documents.gov.lk/view/extra-gazettes/egz_2025.html	en	https://documents.gov.lk/view/extra-gazettes/2025/9/2454-05_E.pdf	2454/05
lk_extraordinary_gazettes_2020s	2025-09-15-2025-09-15-2454-04-ta	2025-09-15-2454-04-ta	2025-09-15	M/of Industry and Enterprenurship Development- Appointed Additional Secretary (Industrial Development) of the Ministry of Industry and Enterpreneurship Development	https://documents.gov.lk/view/extra-gazettes/egz_2025.html	ta	https://documents.gov.lk/view/extra-gazettes/2025/9/2454-04_T.pdf	2454/04
lk_extraordinary_gazettes_2020s	2025-09-15-2025-09-15-2454-04-si	2025-09-15-2454-04-si	2025-09-15	M/of Industry and Enterprenurship Development- Appointed Additional Secretary (Industrial Development) of the Ministry of Industry and Enterpreneurship Development	https://documents.gov.lk/view/extra-gazettes/egz_2025.html	si	https://documents.gov.lk/view/extra-gazettes/2025/9/2454-04_S.pdf	2454/04
lk_extraordinary_gazettes_2020s	2025-09-15-2025-09-15-2454-04-en	2025-09-15-2454-04-en	2025-09-15	M/of Industry and Enterprenurship Development- Appointed Additional Secretary (Industrial Development) of the Ministry of Industry and Enterpreneurship Development	https://documents.gov.lk/view/extra-gazettes/egz_2025.html	en	https://documents.gov.lk/view/extra-gazettes/2025/9/2454-04_E.pdf	2454/04
lk_extraordinary_gazettes_2020s	2025-09-15-2025-09-15-2454-03-ta	2025-09-15-2454-03-ta	2025-09-15	Chief Secretariat - Southern Province - Order under the Co-operative Employees pension statute No. 02 of 2019 of the Southern Provincial Council	https://documents.gov.lk/view/extra-gazettes/egz_2025.html	ta	https://documents.gov.lk/view/extra-gazettes/2025/9/2454-03_T.pdf	2454/03
lk_extraordinary_gazettes_2020s	2025-09-15-2025-09-15-2454-03-si	2025-09-15-2454-03-si	2025-09-15	Chief Secretariat - Southern Province - Order under the Co-operative Employees pension statute No. 02 of 2019 of the Southern Provincial Council	https://documents.gov.lk/view/extra-gazettes/egz_2025.html	si	https://documents.gov.lk/view/extra-gazettes/2025/9/2454-03_S.pdf	2454/03
lk_extraordinary_gazettes_2020s	2025-09-15-2025-09-15-2454-03-en	2025-09-15-2454-03-en	2025-09-15	Chief Secretariat - Southern Province - Order under the Co-operative Employees pension statute No. 02 of 2019 of the Southern Provincial Council	https://documents.gov.lk/view/extra-gazettes/egz_2025.html	en	https://documents.gov.lk/view/extra-gazettes/2025/9/2454-03_E.pdf	2454/03
lk_extraordinary_gazettes_2020s	2025-09-15-2025-09-15-2454-02-si	2025-09-15-2454-02-si	2025-09-15	Chief Secretariat - Southern Province - Co-operative Societies statute no 6 of 2019 of the southern province provincial Council orders on Delegation of Powers	https://documents.gov.lk/view/extra-gazettes/egz_2025.html	si	https://documents.gov.lk/view/extra-gazettes/2025/9/2454-02_S.pdf	2454/02
lk_extraordinary_gazettes_2020s	2025-09-15-2025-09-15-2454-02-en	2025-09-15-2454-02-en	2025-09-15	Chief Secretariat - Southern Province - Co-operative Societies statute no 6 of 2019 of the southern province provincial Council orders on Delegation of Powers	https://documents.gov.lk/view/extra-gazettes/egz_2025.html	en	https://documents.gov.lk/view/extra-gazettes/2025/9/2454-02_E.pdf	2454/02
lk_extraordinary_gazettes_2020s	2025-09-15-2025-09-15-2454-01-si	2025-09-15-2454-01-si	2025-09-15	Sri Lanka Customs Rates of Exchange W.E.F. 15.09.2025 to 21.09.2025	https://documents.gov.lk/view/extra-gazettes/egz_2025.html	si	https://documents.gov.lk/view/extra-gazettes/2025/9/2454-01_S.pdf	2454/01
lk_extraordinary_gazettes_2020s	2025-09-15-2025-09-15-2454-01-en	2025-09-15-2454-01-en	2025-09-15	Sri Lanka Customs Rates of Exchange W.E.F. 15.09.2025 to 21.09.2025	https://documents.gov.lk/view/extra-gazettes/egz_2025.html	en	https://documents.gov.lk/view/extra-gazettes/2025/9/2454-01_E.pdf	2454/01
lk_extraordinary_gazettes_2020s	2025-09-13-2025-09-13-2453-55-si	2025-09-13-2453-55-si	2025-09-13	Land Title Settlement - Horamune	https://documents.gov.lk/view/extra-gazettes/egz_2025.html	si	https://documents.gov.lk/view/extra-gazettes/2025/9/2453-55_S.pdf	2453/55
lk_extraordinary_gazettes_2020s	2025-09-13-2025-09-13-2453-55-en	2025-09-13-2453-55-en	2025-09-13	Land Title Settlement - Horamune	https://documents.gov.lk/view/extra-gazettes/egz_2025.html	en	https://documents.gov.lk/view/extra-gazettes/2025/9/2453-55_E.pdf	2453/55
lk_extraordinary_gazettes_2020s	2025-09-13-2025-09-13-2453-51-ta	2025-09-13-2453-51-ta	2025-09-13	2453/51	https://documents.gov.lk/view/extra-gazettes/egz_2025.html	ta	https://documents.gov.lk/view/extra-gazettes/2025/9/2453-51_T.pdf	2453/51
lk_extraordinary_gazettes_2020s	2025-09-13-2025-09-13-2453-51-si	2025-09-13-2453-51-si	2025-09-13	2453/51	https://documents.gov.lk/view/extra-gazettes/egz_2025.html	si	https://documents.gov.lk/view/extra-gazettes/2025/9/2453-51_S.pdf	2453/51
lk_extraordinary_gazettes_2020s	2025-09-13-2025-09-13-2453-51-en	2025-09-13-2453-51-en	2025-09-13	2453/51	https://documents.gov.lk/view/extra-gazettes/egz_2025.html	en	https://documents.gov.lk/view/extra-gazettes/2025/9/2453-51_E.pdf	2453/51
lk_extraordinary_gazettes_2020s	2025-09-13-2025-09-13-2453-46-ta	2025-09-13-2453-46-ta	2025-09-13	Land Aquisition - Rakwana, Godakawela D/S Division, Ratnapura District,  Sec 05	https://documents.gov.lk/view/extra-gazettes/egz_2025.html	ta	https://documents.gov.lk/view/extra-gazettes/2025/9/2453-46_T.pdf	2453/46
lk_extraordinary_gazettes_2020s	2025-09-13-2025-09-13-2453-46-si	2025-09-13-2453-46-si	2025-09-13	Land Aquisition - Rakwana, Godakawela D/S Division, Ratnapura District,  Sec 05	https://documents.gov.lk/view/extra-gazettes/egz_2025.html	si	https://documents.gov.lk/view/extra-gazettes/2025/9/2453-46_S.pdf	2453/46
lk_extraordinary_gazettes_2020s	2025-09-13-2025-09-13-2453-46-en	2025-09-13-2453-46-en	2025-09-13	Land Aquisition - Rakwana, Godakawela D/S Division, Ratnapura District,  Sec 05	https://documents.gov.lk/view/extra-gazettes/egz_2025.html	en	https://documents.gov.lk/view/extra-gazettes/2025/9/2453-46_E.pdf	2453/46
lk_extraordinary_gazettes_2020s	2025-09-13-2025-09-13-2453-45-si	2025-09-13-2453-45-si	2025-09-13	Land Aquisition - Pahala Eriyagama, Kandy Four Gravets and Gangawatakorale D/S Division, Kandy District,  Sec 07	https://documents.gov.lk/view/extra-gazettes/egz_2025.html	si	https://documents.gov.lk/view/extra-gazettes/2025/9/2453-45_S.pdf	2453/45
lk_extraordinary_gazettes_2020s	2025-09-13-2025-09-13-2453-45-en	2025-09-13-2453-45-en	2025-09-13	Land Aquisition - Pahala Eriyagama, Kandy Four Gravets and Gangawatakorale D/S Division, Kandy District,  Sec 07	https://documents.gov.lk/view/extra-gazettes/egz_2025.html	en	https://documents.gov.lk/view/extra-gazettes/2025/9/2453-45_E.pdf	2453/45
lk_extraordinary_gazettes_2020s	2025-09-12-2025-09-12-2453-44-si	2025-09-12-2453-44-si	2025-09-12	Land Title Settlement Dept. - Bulanawewa, Galewela D/S Division, Matale District (25/120098)	https://documents.gov.lk/view/extra-gazettes/egz_2025.html	si	https://documents.gov.lk/view/extra-gazettes/2025/9/2453-44_S.pdf	2453/44
lk_extraordinary_gazettes_2020s	2025-09-12-2025-09-12-2453-44-en	2025-09-12-2453-44-en	2025-09-12	Land Title Settlement Dept. - Bulanawewa, Galewela D/S Division, Matale District (25/120098)	https://documents.gov.lk/view/extra-gazettes/egz_2025.html	en	https://documents.gov.lk/view/extra-gazettes/2025/9/2453-44_E.pdf	2453/44
lk_extraordinary_gazettes_2020s	2025-09-12-2025-09-12-2453-39-ta	2025-09-12-2453-39-ta	2025-09-12	Land Aquisition - Katubedda, Moratuwa D/S Division, Colombo District,  Sec 05	https://documents.gov.lk/view/extra-gazettes/egz_2025.html	ta	https://documents.gov.lk/view/extra-gazettes/2025/9/2453-39_T.pdf	2453/39
lk_extraordinary_gazettes_2020s	2025-09-12-2025-09-12-2453-39-si	2025-09-12-2453-39-si	2025-09-12	Land Aquisition - Katubedda, Moratuwa D/S Division, Colombo District,  Sec 05	https://documents.gov.lk/view/extra-gazettes/egz_2025.html	si	https://documents.gov.lk/view/extra-gazettes/2025/9/2453-39_S.pdf	2453/39
lk_extraordinary_gazettes_2020s	2025-09-12-2025-09-12-2453-39-en	2025-09-12-2453-39-en	2025-09-12	Land Aquisition - Katubedda, Moratuwa D/S Division, Colombo District,  Sec 05	https://documents.gov.lk/view/extra-gazettes/egz_2025.html	en	https://documents.gov.lk/view/extra-gazettes/2025/9/2453-39_E.pdf	2453/39
lk_extraordinary_gazettes_2020s	2025-09-12-2025-09-12-2453-38-si	2025-09-12-2453-38-si	2025-09-12	Land Title Settlement Dept. - Gorakana, Panadura D/S Division, Kaluthara District (7853)	https://documents.gov.lk/view/extra-gazettes/egz_2025.html	si	https://documents.gov.lk/view/extra-gazettes/2025/9/2453-38_S.pdf	2453/38
lk_extraordinary_gazettes_2020s	2025-09-12-2025-09-12-2453-38-en	2025-09-12-2453-38-en	2025-09-12	Land Title Settlement Dept. - Gorakana, Panadura D/S Division, Kaluthara District (7853)	https://documents.gov.lk/view/extra-gazettes/egz_2025.html	en	https://documents.gov.lk/view/extra-gazettes/2025/9/2453-38_E.pdf	2453/38
lk_extraordinary_gazettes_2020s	2025-09-12-2025-09-12-2453-37-ta	2025-09-12-2453-37-ta	2025-09-12	Land Aquisition - Gangodawila, Maharagama D/S Division, Colombo District,  Land Aquisition - Thumbowila South, Kesbewa D/S Division, Colombo District, Land Aquisition - Correction Paper. Werahera. Boralasgamuwa  Sec 07	https://documents.gov.lk/view/extra-gazettes/egz_2025.html	ta	https://documents.gov.lk/view/extra-gazettes/2025/9/2453-37_T.pdf	2453/37
lk_extraordinary_gazettes_2020s	2025-09-12-2025-09-12-2453-37-si	2025-09-12-2453-37-si	2025-09-12	Land Aquisition - Gangodawila, Maharagama D/S Division, Colombo District,  Land Aquisition - Thumbowila South, Kesbewa D/S Division, Colombo District, Land Aquisition - Correction Paper. Werahera. Boralasgamuwa  Sec 07	https://documents.gov.lk/view/extra-gazettes/egz_2025.html	si	https://documents.gov.lk/view/extra-gazettes/2025/9/2453-37_S.pdf	2453/37
lk_extraordinary_gazettes_2020s	2025-09-12-2025-09-12-2453-37-en	2025-09-12-2453-37-en	2025-09-12	Land Aquisition - Gangodawila, Maharagama D/S Division, Colombo District,  Land Aquisition - Thumbowila South, Kesbewa D/S Division, Colombo District, Land Aquisition - Correction Paper. Werahera. Boralasgamuwa  Sec 07	https://documents.gov.lk/view/extra-gazettes/egz_2025.html	en	https://documents.gov.lk/view/extra-gazettes/2025/9/2453-37_E.pdf	2453/37
lk_extraordinary_gazettes_2020s	2025-09-12-2025-09-12-2453-35-ta	2025-09-12-2453-35-ta	2025-09-12	Land Aquisition - Matuwagala, Kiriella D/S Division, Ratnapura District, Land Aquisition - Amendent. Ex. Ordinary Gazette No. 2104/32 Homagama Division Secretariat Sec 07	https://documents.gov.lk/view/extra-gazettes/egz_2025.html	ta	https://documents.gov.lk/view/extra-gazettes/2025/9/2453-35_T.pdf	2453/35
lk_extraordinary_gazettes_2020s	2025-09-12-2025-09-12-2453-35-si	2025-09-12-2453-35-si	2025-09-12	Land Aquisition - Matuwagala, Kiriella D/S Division, Ratnapura District, Land Aquisition - Amendent. Ex. Ordinary Gazette No. 2104/32 Homagama Division Secretariat Sec 07	https://documents.gov.lk/view/extra-gazettes/egz_2025.html	si	https://documents.gov.lk/view/extra-gazettes/2025/9/2453-35_S.pdf	2453/35
lk_extraordinary_gazettes_2020s	2025-09-12-2025-09-12-2453-35-en	2025-09-12-2453-35-en	2025-09-12	Land Aquisition - Matuwagala, Kiriella D/S Division, Ratnapura District, Land Aquisition - Amendent. Ex. Ordinary Gazette No. 2104/32 Homagama Division Secretariat Sec 07	https://documents.gov.lk/view/extra-gazettes/egz_2025.html	en	https://documents.gov.lk/view/extra-gazettes/2025/9/2453-35_E.pdf	2453/35
lk_extraordinary_gazettes_2020s	2025-09-12-2025-09-12-2453-34-ta	2025-09-12-2453-34-ta	2025-09-12	Office of the Public Service Commission - Service Minute of the Sri Lanka Education Administrative Service 6th Amenmdent	https://documents.gov.lk/view/extra-gazettes/egz_2025.html	ta	https://documents.gov.lk/view/extra-gazettes/2025/9/2453-34_T.pdf	2453/34
lk_extraordinary_gazettes_2020s	2025-09-12-2025-09-12-2453-34-si	2025-09-12-2453-34-si	2025-09-12	Office of the Public Service Commission - Service Minute of the Sri Lanka Education Administrative Service 6th Amenmdent	https://documents.gov.lk/view/extra-gazettes/egz_2025.html	si	https://documents.gov.lk/view/extra-gazettes/2025/9/2453-34_S.pdf	2453/34
lk_extraordinary_gazettes_2020s	2025-09-12-2025-09-12-2453-34-en	2025-09-12-2453-34-en	2025-09-12	Office of the Public Service Commission - Service Minute of the Sri Lanka Education Administrative Service 6th Amenmdent	https://documents.gov.lk/view/extra-gazettes/egz_2025.html	en	https://documents.gov.lk/view/extra-gazettes/2025/9/2453-34_E.pdf	2453/34
lk_extraordinary_gazettes_2020s	2025-09-11-2025-09-11-2453-29-si	2025-09-11-2453-29-si	2025-09-11	Land Title Settlement Dept. - Godagama, Udapalatha D/S Division, Kandy District (25/5514157)	https://documents.gov.lk/view/extra-gazettes/egz_2025.html	si	https://documents.gov.lk/view/extra-gazettes/2025/9/2453-29_S.pdf	2453/29
lk_extraordinary_gazettes_2020s	2025-09-11-2025-09-11-2453-29-en	2025-09-11-2453-29-en	2025-09-11	Land Title Settlement Dept. - Godagama, Udapalatha D/S Division, Kandy District (25/5514157)	https://documents.gov.lk/view/extra-gazettes/egz_2025.html	en	https://documents.gov.lk/view/extra-gazettes/2025/9/2453-29_E.pdf	2453/29
lk_extraordinary_gazettes_2020s	2025-09-11-2025-09-11-2453-25-si	2025-09-11-2453-25-si	2025-09-11	Land Title Settlement Dept. - Sitinamaluwa, Beliatta D/S Division, Hambanthota District (25/5514164)	https://documents.gov.lk/view/extra-gazettes/egz_2025.html	si	https://documents.gov.lk/view/extra-gazettes/2025/9/2453-25_S.pdf	2453/25
lk_extraordinary_gazettes_2020s	2025-09-11-2025-09-11-2453-25-en	2025-09-11-2453-25-en	2025-09-11	Land Title Settlement Dept. - Sitinamaluwa, Beliatta D/S Division, Hambanthota District (25/5514164)	https://documents.gov.lk/view/extra-gazettes/egz_2025.html	en	https://documents.gov.lk/view/extra-gazettes/2025/9/2453-25_E.pdf	2453/25
lk_extraordinary_gazettes_2020s	2025-09-11-2025-09-11-2453-24-ta	2025-09-11-2453-24-ta	2025-09-11	University Grants Commission - Open University of Sri Lanka (Amendment) Ordinance No. 02 of 2025	https://documents.gov.lk/view/extra-gazettes/egz_2025.html	ta	https://documents.gov.lk/view/extra-gazettes/2025/9/2453-24_T.pdf	2453/24
lk_extraordinary_gazettes_2020s	2025-09-11-2025-09-11-2453-24-si	2025-09-11-2453-24-si	2025-09-11	University Grants Commission - Open University of Sri Lanka (Amendment) Ordinance No. 02 of 2025	https://documents.gov.lk/view/extra-gazettes/egz_2025.html	si	https://documents.gov.lk/view/extra-gazettes/2025/9/2453-24_S.pdf	2453/24
lk_extraordinary_gazettes_2020s	2025-09-11-2025-09-11-2453-24-en	2025-09-11-2453-24-en	2025-09-11	University Grants Commission - Open University of Sri Lanka (Amendment) Ordinance No. 02 of 2025	https://documents.gov.lk/view/extra-gazettes/egz_2025.html	en	https://documents.gov.lk/view/extra-gazettes/2025/9/2453-24_E.pdf	2453/24
lk_extraordinary_gazettes_2020s	2025-09-11-2025-09-11-2453-23-ta	2025-09-11-2453-23-ta	2025-09-11	Land Aquisition - Passaramulla, Imbulpe D/S Division, Ratnapura District Sec 05	https://documents.gov.lk/view/extra-gazettes/egz_2025.html	ta	https://documents.gov.lk/view/extra-gazettes/2025/9/2453-23_T.pdf	2453/23
lk_extraordinary_gazettes_2020s	2025-09-11-2025-09-11-2453-23-si	2025-09-11-2453-23-si	2025-09-11	Land Aquisition - Passaramulla, Imbulpe D/S Division, Ratnapura District Sec 05	https://documents.gov.lk/view/extra-gazettes/egz_2025.html	si	https://documents.gov.lk/view/extra-gazettes/2025/9/2453-23_S.pdf	2453/23
lk_extraordinary_gazettes_2020s	2025-09-11-2025-09-11-2453-23-en	2025-09-11-2453-23-en	2025-09-11	Land Aquisition - Passaramulla, Imbulpe D/S Division, Ratnapura District Sec 05	https://documents.gov.lk/view/extra-gazettes/egz_2025.html	en	https://documents.gov.lk/view/extra-gazettes/2025/9/2453-23_E.pdf	2453/23
lk_extraordinary_gazettes_2020s	2025-09-10-2025-09-10-2453-22-ta	2025-09-10-2453-22-ta	2025-09-10	National Physical Planning Area Kochchiwatta Purana Vihara ( Deepaduththaramaya) Area is Development Area	https://documents.gov.lk/view/extra-gazettes/egz_2025.html	ta	https://documents.gov.lk/view/extra-gazettes/2025/9/2453-22_T.pdf	2453/22
lk_extraordinary_gazettes_2020s	2025-09-10-2025-09-10-2453-22-si	2025-09-10-2453-22-si	2025-09-10	National Physical Planning Area Kochchiwatta Purana Vihara ( Deepaduththaramaya) Area is Development Area	https://documents.gov.lk/view/extra-gazettes/egz_2025.html	si	https://documents.gov.lk/view/extra-gazettes/2025/9/2453-22_S.pdf	2453/22
lk_extraordinary_gazettes_2020s	2025-09-10-2025-09-10-2453-22-en	2025-09-10-2453-22-en	2025-09-10	National Physical Planning Area Kochchiwatta Purana Vihara ( Deepaduththaramaya) Area is Development Area	https://documents.gov.lk/view/extra-gazettes/egz_2025.html	en	https://documents.gov.lk/view/extra-gazettes/2025/9/2453-22_E.pdf	2453/22
lk_extraordinary_gazettes_2020s	2025-09-10-2025-09-10-2453-21-ta	2025-09-10-2453-21-ta	2025-09-10	Land Aquisition - Kottawa South, Maharagama D/S Division, Colombo District Sec 07	https://documents.gov.lk/view/extra-gazettes/egz_2025.html	ta	https://documents.gov.lk/view/extra-gazettes/2025/9/2453-21_T.pdf	2453/21
lk_extraordinary_gazettes_2020s	2025-09-10-2025-09-10-2453-21-si	2025-09-10-2453-21-si	2025-09-10	Land Aquisition - Kottawa South, Maharagama D/S Division, Colombo District Sec 07	https://documents.gov.lk/view/extra-gazettes/egz_2025.html	si	https://documents.gov.lk/view/extra-gazettes/2025/9/2453-21_S.pdf	2453/21
lk_extraordinary_gazettes_2020s	2025-09-10-2025-09-10-2453-21-en	2025-09-10-2453-21-en	2025-09-10	Land Aquisition - Kottawa South, Maharagama D/S Division, Colombo District Sec 07	https://documents.gov.lk/view/extra-gazettes/egz_2025.html	en	https://documents.gov.lk/view/extra-gazettes/2025/9/2453-21_E.pdf	2453/21
lk_extraordinary_gazettes_2020s	2025-09-10-2025-09-10-2453-20-si	2025-09-10-2453-20-si	2025-09-10	M/of Labour Industrial Dispute 1. P. Amila Nishantha  2. T. M. Lankage 3. B. A. P. Gunawardhana	https://documents.gov.lk/view/extra-gazettes/egz_2025.html	si	https://documents.gov.lk/view/extra-gazettes/2025/9/2453-20_S.pdf	2453/20
lk_extraordinary_gazettes_2020s	2025-09-10-2025-09-10-2453-19-si	2025-09-10-2453-19-si	2025-09-10	M/of Labour Industrial Dispute 1. M.K. Stanley Gunaratne 2. A. H. Sunil	https://documents.gov.lk/view/extra-gazettes/egz_2025.html	si	https://documents.gov.lk/view/extra-gazettes/2025/9/2453-19_S.pdf	2453/19
lk_extraordinary_gazettes_2020s	2025-09-10-2025-09-10-2453-18-ta	2025-09-10-2453-18-ta	2025-09-10	Land Aquisition - Dombagammana, Nivithigala D/S Division, Ratnapura District  Land Aquisition - Part of Karagahawela, Bibile D/S Division, Monaragala District Sec 05	https://documents.gov.lk/view/extra-gazettes/egz_2025.html	ta	https://documents.gov.lk/view/extra-gazettes/2025/9/2453-18_T.pdf	2453/18
lk_extraordinary_gazettes_2020s	2025-09-10-2025-09-10-2453-17-ta	2025-09-10-2453-17-ta	2025-09-10	Land Aquisition - Kirimetiya, Kandy Four Gravets and Gangawata Korale D/S Division, Kandy District Sec 05	https://documents.gov.lk/view/extra-gazettes/egz_2025.html	ta	https://documents.gov.lk/view/extra-gazettes/2025/9/2453-17_T.pdf	2453/17
lk_extraordinary_gazettes_2020s	2025-09-10-2025-09-10-2453-17-si	2025-09-10-2453-17-si	2025-09-10	Land Aquisition - Kirimetiya, Kandy Four Gravets and Gangawata Korale D/S Division, Kandy District Sec 05	https://documents.gov.lk/view/extra-gazettes/egz_2025.html	si	https://documents.gov.lk/view/extra-gazettes/2025/9/2453-17_S.pdf	2453/17
lk_extraordinary_gazettes_2020s	2025-09-10-2025-09-10-2453-17-en	2025-09-10-2453-17-en	2025-09-10	Land Aquisition - Kirimetiya, Kandy Four Gravets and Gangawata Korale D/S Division, Kandy District Sec 05	https://documents.gov.lk/view/extra-gazettes/egz_2025.html	en	https://documents.gov.lk/view/extra-gazettes/2025/9/2453-17_E.pdf	2453/17
lk_extraordinary_gazettes_2020s	2025-09-09-2025-09-09-2453-16-en	2025-09-09-2453-16-en	2025-09-09	Public Utilities Commission of Sri Lanka - Revised Expenditure Budget - 2025	https://documents.gov.lk/view/extra-gazettes/egz_2025.html	en	https://documents.gov.lk/view/extra-gazettes/2025/9/2453-16_E.pdf	2453/16
lk_extraordinary_gazettes_2020s	2025-09-09-2025-09-09-2453-15-ta	2025-09-09-2453-15-ta	2025-09-09	Land Acquisition - Wetakedeniya, Ganga IhalaKorale D/S Division, Kandy District Sec 07	https://documents.gov.lk/view/extra-gazettes/egz_2025.html	ta	https://documents.gov.lk/view/extra-gazettes/2025/9/2453-15_T.pdf	2453/15
lk_extraordinary_gazettes_2020s	2025-09-08-2025-09-08-2453-14-ta	2025-09-08-2453-14-ta	2025-09-08	Election Commission - L. A. E. O. Notice Under Section 66A (1) Filling of a Vacancy in the office of members of the Akkaraipattu M/C	https://documents.gov.lk/view/extra-gazettes/egz_2025.html	ta	https://documents.gov.lk/view/extra-gazettes/2025/9/2453-14_T.pdf	2453/14
lk_extraordinary_gazettes_2020s	2025-09-08-2025-09-08-2453-14-si	2025-09-08-2453-14-si	2025-09-08	Election Commission - L. A. E. O. Notice Under Section 66A (1) Filling of a Vacancy in the office of members of the Akkaraipattu M/C	https://documents.gov.lk/view/extra-gazettes/egz_2025.html	si	https://documents.gov.lk/view/extra-gazettes/2025/9/2453-14_S.pdf	2453/14
lk_extraordinary_gazettes_2020s	2025-09-08-2025-09-08-2453-14-en	2025-09-08-2453-14-en	2025-09-08	Election Commission - L. A. E. O. Notice Under Section 66A (1) Filling of a Vacancy in the office of members of the Akkaraipattu M/C	https://documents.gov.lk/view/extra-gazettes/egz_2025.html	en	https://documents.gov.lk/view/extra-gazettes/2025/9/2453-14_E.pdf	2453/14
lk_extraordinary_gazettes_2020s	2025-09-08-2025-09-08-2453-13-si	2025-09-08-2453-13-si	2025-09-08	Land Title Settlement Dept. - Hiripitiya, Attanagalla D/S Division, Gampaha District (25/5514159)	https://documents.gov.lk/view/extra-gazettes/egz_2025.html	si	https://documents.gov.lk/view/extra-gazettes/2025/9/2453-13_S.pdf	2453/13
lk_extraordinary_gazettes_2020s	2025-09-08-2025-09-08-2453-13-en	2025-09-08-2453-13-en	2025-09-08	Land Title Settlement Dept. - Hiripitiya, Attanagalla D/S Division, Gampaha District (25/5514159)	https://documents.gov.lk/view/extra-gazettes/egz_2025.html	en	https://documents.gov.lk/view/extra-gazettes/2025/9/2453-13_E.pdf	2453/13
lk_extraordinary_gazettes_2020s	2025-09-08-2025-09-08-2453-11-si	2025-09-08-2453-11-si	2025-09-08	Land Title Settlement Dept. - Weragodamulla, Divulapitiya D/S Division, Gampaha District (25/5514141)	https://documents.gov.lk/view/extra-gazettes/egz_2025.html	si	https://documents.gov.lk/view/extra-gazettes/2025/9/2453-11_S.pdf	2453/11
lk_extraordinary_gazettes_2020s	2025-09-08-2025-09-08-2453-11-en	2025-09-08-2453-11-en	2025-09-08	Land Title Settlement Dept. - Weragodamulla, Divulapitiya D/S Division, Gampaha District (25/5514141)	https://documents.gov.lk/view/extra-gazettes/egz_2025.html	en	https://documents.gov.lk/view/extra-gazettes/2025/9/2453-11_E.pdf	2453/11
lk_extraordinary_gazettes_2020s	2025-09-08-2025-09-08-2453-10-ta	2025-09-08-2453-10-ta	2025-09-08	Land Title Settlement Dept. - Homagama, Homagama D/S Division, Colombo District (25/5514148)	https://documents.gov.lk/view/extra-gazettes/egz_2025.html	ta	https://documents.gov.lk/view/extra-gazettes/2025/9/2453-10_T.pdf	2453/10
lk_extraordinary_gazettes_2020s	2025-09-08-2025-09-08-2453-10-si	2025-09-08-2453-10-si	2025-09-08	Land Title Settlement Dept. - Homagama, Homagama D/S Division, Colombo District (25/5514148)	https://documents.gov.lk/view/extra-gazettes/egz_2025.html	si	https://documents.gov.lk/view/extra-gazettes/2025/9/2453-10_S.pdf	2453/10
lk_extraordinary_gazettes_2020s	2025-09-08-2025-09-08-2453-10-en	2025-09-08-2453-10-en	2025-09-08	Land Title Settlement Dept. - Homagama, Homagama D/S Division, Colombo District (25/5514148)	https://documents.gov.lk/view/extra-gazettes/egz_2025.html	en	https://documents.gov.lk/view/extra-gazettes/2025/9/2453-10_E.pdf	2453/10
lk_extraordinary_gazettes_2020s	2025-09-08-2025-09-08-2453-09-ta	2025-09-08-2453-09-ta	2025-09-08	Land Title Settlement Dept. - Kahengama, Kuruvita D/S Division, Ratnapura District (25/0349)	https://documents.gov.lk/view/extra-gazettes/egz_2025.html	ta	https://documents.gov.lk/view/extra-gazettes/2025/9/2453-09_T.pdf	2453/09
lk_extraordinary_gazettes_2020s	2025-09-08-2025-09-08-2453-06-si	2025-09-08-2453-06-si	2025-09-08	Land Title Settlement Dept. - Ballapana Udabage, Galigamuwa D/S Division, Kegalle District (25/0251)	https://documents.gov.lk/view/extra-gazettes/egz_2025.html	si	https://documents.gov.lk/view/extra-gazettes/2025/9/2453-06_S.pdf	2453/06
lk_extraordinary_gazettes_2020s	2025-09-08-2025-09-08-2453-06-en	2025-09-08-2453-06-en	2025-09-08	Land Title Settlement Dept. - Ballapana Udabage, Galigamuwa D/S Division, Kegalle District (25/0251)	https://documents.gov.lk/view/extra-gazettes/egz_2025.html	en	https://documents.gov.lk/view/extra-gazettes/2025/9/2453-06_E.pdf	2453/06
lk_extraordinary_gazettes_2020s	2025-09-08-2025-09-08-2453-05-si	2025-09-08-2453-05-si	2025-09-08	Land Title Settlement Dept. - Maduwanweka, Emabilipitiya D/S Division, Ratnapura District (25/0316)	https://documents.gov.lk/view/extra-gazettes/egz_2025.html	si	https://documents.gov.lk/view/extra-gazettes/2025/9/2453-05_S.pdf	2453/05
lk_extraordinary_gazettes_2020s	2025-09-08-2025-09-08-2453-05-en	2025-09-08-2453-05-en	2025-09-08	Land Title Settlement Dept. - Maduwanweka, Emabilipitiya D/S Division, Ratnapura District (25/0316)	https://documents.gov.lk/view/extra-gazettes/egz_2025.html	en	https://documents.gov.lk/view/extra-gazettes/2025/9/2453-05_E.pdf	2453/05
lk_extraordinary_gazettes_2020s	2025-09-08-2025-09-08-2453-04-si	2025-09-08-2453-04-si	2025-09-08	Land Title Settlement Dept. - Kimbulapitiya, katana D/S Division, Gampaha District (25/0325)	https://documents.gov.lk/view/extra-gazettes/egz_2025.html	si	https://documents.gov.lk/view/extra-gazettes/2025/9/2453-04_S.pdf	2453/04
lk_extraordinary_gazettes_2020s	2025-09-08-2025-09-08-2453-04-en	2025-09-08-2453-04-en	2025-09-08	Land Title Settlement Dept. - Kimbulapitiya, katana D/S Division, Gampaha District (25/0325)	https://documents.gov.lk/view/extra-gazettes/egz_2025.html	en	https://documents.gov.lk/view/extra-gazettes/2025/9/2453-04_E.pdf	2453/04
lk_extraordinary_gazettes_2020s	2025-09-08-2025-09-08-2453-01-ta	2025-09-08-2453-01-ta	2025-09-08	Sri Lanka Customs - Rates of Exchange with effect from 08.09.2025 to 14.09.2025	https://documents.gov.lk/view/extra-gazettes/egz_2025.html	ta	https://documents.gov.lk/view/extra-gazettes/2025/9/2453-01_T.pdf	2453/01
lk_extraordinary_gazettes_2020s	2025-09-08-2025-09-08-2453-01-si	2025-09-08-2453-01-si	2025-09-08	Sri Lanka Customs - Rates of Exchange with effect from 08.09.2025 to 14.09.2025	https://documents.gov.lk/view/extra-gazettes/egz_2025.html	si	https://documents.gov.lk/view/extra-gazettes/2025/9/2453-01_S.pdf	2453/01
lk_extraordinary_gazettes_2020s	2025-09-08-2025-09-08-2453-01-en	2025-09-08-2453-01-en	2025-09-08	Sri Lanka Customs - Rates of Exchange with effect from 08.09.2025 to 14.09.2025	https://documents.gov.lk/view/extra-gazettes/egz_2025.html	en	https://documents.gov.lk/view/extra-gazettes/2025/9/2453-01_E.pdf	2453/01
lk_extraordinary_gazettes_2020s	2025-09-06-2025-09-06-2452-47-si	2025-09-06-2452-47-si	2025-09-06	Ministry of Labour Industrial Dispute between R.P.P. Jayakody and E.P.F	https://documents.gov.lk/view/extra-gazettes/egz_2025.html	si	https://documents.gov.lk/view/extra-gazettes/2025/9/2452-47_S.pdf	2452/47
lk_extraordinary_gazettes_2020s	2025-09-06-2025-09-06-2452-46-ta	2025-09-06-2452-46-ta	2025-09-06	M/ of Defence Award of Videsha Seva Padakkama	https://documents.gov.lk/view/extra-gazettes/egz_2025.html	ta	https://documents.gov.lk/view/extra-gazettes/2025/9/2452-46_T.pdf	2452/46
lk_extraordinary_gazettes_2020s	2025-09-06-2025-09-06-2452-46-si	2025-09-06-2452-46-si	2025-09-06	M/ of Defence Award of Videsha Seva Padakkama	https://documents.gov.lk/view/extra-gazettes/egz_2025.html	si	https://documents.gov.lk/view/extra-gazettes/2025/9/2452-46_S.pdf	2452/46
lk_extraordinary_gazettes_2020s	2025-09-06-2025-09-06-2452-46-en	2025-09-06-2452-46-en	2025-09-06	M/ of Defence Award of Videsha Seva Padakkama	https://documents.gov.lk/view/extra-gazettes/egz_2025.html	en	https://documents.gov.lk/view/extra-gazettes/2025/9/2452-46_E.pdf	2452/46
lk_extraordinary_gazettes_2020s	2025-09-06-2025-09-06-2452-44-ta	2025-09-06-2452-44-ta	2025-09-06	Land Aquisition - Karambaketiya, Ududumbara D/S Division, Kandy District Sec 33	https://documents.gov.lk/view/extra-gazettes/egz_2025.html	ta	https://documents.gov.lk/view/extra-gazettes/2025/9/2452-44_T.pdf	2452/44
lk_extraordinary_gazettes_2020s	2025-09-06-2025-09-06-2452-44-si	2025-09-06-2452-44-si	2025-09-06	Land Aquisition - Karambaketiya, Ududumbara D/S Division, Kandy District Sec 33	https://documents.gov.lk/view/extra-gazettes/egz_2025.html	si	https://documents.gov.lk/view/extra-gazettes/2025/9/2452-44_S.pdf	2452/44
lk_extraordinary_gazettes_2020s	2025-09-06-2025-09-06-2452-44-en	2025-09-06-2452-44-en	2025-09-06	Land Aquisition - Karambaketiya, Ududumbara D/S Division, Kandy District Sec 33	https://documents.gov.lk/view/extra-gazettes/egz_2025.html	en	https://documents.gov.lk/view/extra-gazettes/2025/9/2452-44_E.pdf	2452/44
lk_extraordinary_gazettes_2020s	2025-09-04-2025-09-04-2452-43-si	2025-09-04-2452-43-si	2025-09-04	Dept. of Labour Special Allowance Payable to Workers	https://documents.gov.lk/view/extra-gazettes/egz_2025.html	si	https://documents.gov.lk/view/extra-gazettes/2025/9/2452-43_S.pdf	2452/43
lk_extraordinary_gazettes_2020s	2025-09-04-2025-09-04-2452-43-en	2025-09-04-2452-43-en	2025-09-04	Dept. of Labour Special Allowance Payable to Workers	https://documents.gov.lk/view/extra-gazettes/egz_2025.html	en	https://documents.gov.lk/view/extra-gazettes/2025/9/2452-43_E.pdf	2452/43
lk_extraordinary_gazettes_2020s	2025-09-04-2025-09-04-2452-42-ta	2025-09-04-2452-42-ta	2025-09-04	Land Aquisition - Parapamulla, Mulatiyana D/S Division, Matara District Sec 07	https://documents.gov.lk/view/extra-gazettes/egz_2025.html	ta	https://documents.gov.lk/view/extra-gazettes/2025/9/2452-42_T.pdf	2452/42
lk_extraordinary_gazettes_2020s	2025-09-04-2025-09-04-2452-42-si	2025-09-04-2452-42-si	2025-09-04	Land Aquisition - Parapamulla, Mulatiyana D/S Division, Matara District Sec 07	https://documents.gov.lk/view/extra-gazettes/egz_2025.html	si	https://documents.gov.lk/view/extra-gazettes/2025/9/2452-42_S.pdf	2452/42
lk_extraordinary_gazettes_2020s	2025-09-04-2025-09-04-2452-42-en	2025-09-04-2452-42-en	2025-09-04	Land Aquisition - Parapamulla, Mulatiyana D/S Division, Matara District Sec 07	https://documents.gov.lk/view/extra-gazettes/egz_2025.html	en	https://documents.gov.lk/view/extra-gazettes/2025/9/2452-42_E.pdf	2452/42
lk_extraordinary_gazettes_2020s	2025-09-04-2025-09-04-2452-41-ta	2025-09-04-2452-41-ta	2025-09-04	Election Commission - Filling of a vacancy in the office of member of the Medawachchiya Pradeshiya Sabha	https://documents.gov.lk/view/extra-gazettes/egz_2025.html	ta	https://documents.gov.lk/view/extra-gazettes/2025/9/2452-41_T.pdf	2452/41
lk_extraordinary_gazettes_2020s	2025-09-04-2025-09-04-2452-41-si	2025-09-04-2452-41-si	2025-09-04	Election Commission - Filling of a vacancy in the office of member of the Medawachchiya Pradeshiya Sabha	https://documents.gov.lk/view/extra-gazettes/egz_2025.html	si	https://documents.gov.lk/view/extra-gazettes/2025/9/2452-41_S.pdf	2452/41
lk_extraordinary_gazettes_2020s	2025-09-04-2025-09-04-2452-41-en	2025-09-04-2452-41-en	2025-09-04	Election Commission - Filling of a vacancy in the office of member of the Medawachchiya Pradeshiya Sabha	https://documents.gov.lk/view/extra-gazettes/egz_2025.html	en	https://documents.gov.lk/view/extra-gazettes/2025/9/2452-41_E.pdf	2452/41
lk_extraordinary_gazettes_2020s	2025-09-04-2025-09-04-2452-40-ta	2025-09-04-2452-40-ta	2025-09-04	M/ of Transport, Highways, Ports and Civil Aviation - Motor Traffic Act. (Chapter 203) Motor Traffic (Drugs) Regulations No. 01 of 2025	https://documents.gov.lk/view/extra-gazettes/egz_2025.html	ta	https://documents.gov.lk/view/extra-gazettes/2025/9/2452-40_T.pdf	2452/40
lk_extraordinary_gazettes_2020s	2025-09-04-2025-09-04-2452-40-si	2025-09-04-2452-40-si	2025-09-04	M/ of Transport, Highways, Ports and Civil Aviation - Motor Traffic Act. (Chapter 203) Motor Traffic (Drugs) Regulations No. 01 of 2025	https://documents.gov.lk/view/extra-gazettes/egz_2025.html	si	https://documents.gov.lk/view/extra-gazettes/2025/9/2452-40_S.pdf	2452/40
lk_extraordinary_gazettes_2020s	2025-09-04-2025-09-04-2452-40-en	2025-09-04-2452-40-en	2025-09-04	M/ of Transport, Highways, Ports and Civil Aviation - Motor Traffic Act. (Chapter 203) Motor Traffic (Drugs) Regulations No. 01 of 2025	https://documents.gov.lk/view/extra-gazettes/egz_2025.html	en	https://documents.gov.lk/view/extra-gazettes/2025/9/2452-40_E.pdf	2452/40
lk_extraordinary_gazettes_2020s	2025-09-04-2025-09-04-2452-39-ta	2025-09-04-2452-39-ta	2025-09-04	The National Medicines Regulatory Authority Act, No. 05 of 2015 Registration and Licensing of Medicines (Fees) Regulations -2025	https://documents.gov.lk/view/extra-gazettes/egz_2025.html	ta	https://documents.gov.lk/view/extra-gazettes/2025/9/2452-39_T.pdf	2452/39
lk_extraordinary_gazettes_2020s	2025-09-04-2025-09-04-2452-39-si	2025-09-04-2452-39-si	2025-09-04	The National Medicines Regulatory Authority Act, No. 05 of 2015 Registration and Licensing of Medicines (Fees) Regulations -2025	https://documents.gov.lk/view/extra-gazettes/egz_2025.html	si	https://documents.gov.lk/view/extra-gazettes/2025/9/2452-39_S.pdf	2452/39
lk_extraordinary_gazettes_2020s	2025-09-04-2025-09-04-2452-39-en	2025-09-04-2452-39-en	2025-09-04	The National Medicines Regulatory Authority Act, No. 05 of 2015 Registration and Licensing of Medicines (Fees) Regulations -2025	https://documents.gov.lk/view/extra-gazettes/egz_2025.html	en	https://documents.gov.lk/view/extra-gazettes/2025/9/2452-39_E.pdf	2452/39
lk_extraordinary_gazettes_2020s	2025-09-04-2025-09-04-2452-38-ta	2025-09-04-2452-38-ta	2025-09-04	2452/38	https://documents.gov.lk/view/extra-gazettes/egz_2025.html	ta	https://documents.gov.lk/view/extra-gazettes/2025/9/2452-38_T.pdf	2452/38
lk_extraordinary_gazettes_2020s	2025-09-04-2025-09-04-2452-38-si	2025-09-04-2452-38-si	2025-09-04	2452/38	https://documents.gov.lk/view/extra-gazettes/egz_2025.html	si	https://documents.gov.lk/view/extra-gazettes/2025/9/2452-38_S.pdf	2452/38
lk_extraordinary_gazettes_2020s	2025-09-04-2025-09-04-2452-38-en	2025-09-04-2452-38-en	2025-09-04	2452/38	https://documents.gov.lk/view/extra-gazettes/egz_2025.html	en	https://documents.gov.lk/view/extra-gazettes/2025/9/2452-38_E.pdf	2452/38
lk_extraordinary_gazettes_2020s	2025-09-04-2025-09-04-2452-31-ta	2025-09-04-2452-31-ta	2025-09-04	Land Title Settlement Dept. - Homagama, Homagama D/S Division, Colombo District (25/55050)	https://documents.gov.lk/view/extra-gazettes/egz_2025.html	ta	https://documents.gov.lk/view/extra-gazettes/2025/9/2452-31_T.pdf	2452/31
lk_extraordinary_gazettes_2020s	2025-09-04-2025-09-04-2452-31-si	2025-09-04-2452-31-si	2025-09-04	Land Title Settlement Dept. - Homagama, Homagama D/S Division, Colombo District (25/55050)	https://documents.gov.lk/view/extra-gazettes/egz_2025.html	si	https://documents.gov.lk/view/extra-gazettes/2025/9/2452-31_S.pdf	2452/31
lk_extraordinary_gazettes_2020s	2025-09-04-2025-09-04-2452-31-en	2025-09-04-2452-31-en	2025-09-04	Land Title Settlement Dept. - Homagama, Homagama D/S Division, Colombo District (25/55050)	https://documents.gov.lk/view/extra-gazettes/egz_2025.html	en	https://documents.gov.lk/view/extra-gazettes/2025/9/2452-31_E.pdf	2452/31
lk_extraordinary_gazettes_2020s	2025-09-04-2025-09-04-2452-30-si	2025-09-04-2452-30-si	2025-09-04	Land Title Settlement Dept. - Walgama North, Matara D/S Division, Matara District (25/5514156)	https://documents.gov.lk/view/extra-gazettes/egz_2025.html	si	https://documents.gov.lk/view/extra-gazettes/2025/9/2452-30_S.pdf	2452/30
lk_extraordinary_gazettes_2020s	2025-09-04-2025-09-04-2452-30-en	2025-09-04-2452-30-en	2025-09-04	Land Title Settlement Dept. - Walgama North, Matara D/S Division, Matara District (25/5514156)	https://documents.gov.lk/view/extra-gazettes/egz_2025.html	en	https://documents.gov.lk/view/extra-gazettes/2025/9/2452-30_E.pdf	2452/30
lk_extraordinary_gazettes_2020s	2025-09-04-2025-09-04-2452-28-ta	2025-09-04-2452-28-ta	2025-09-04	Land Title Settlement Dept. - Lakshapathiya, Moratuwa D/S Division, Colombo District (25/55044)	https://documents.gov.lk/view/extra-gazettes/egz_2025.html	ta	https://documents.gov.lk/view/extra-gazettes/2025/9/2452-28_T.pdf	2452/28
lk_extraordinary_gazettes_2020s	2025-09-04-2025-09-04-2452-28-si	2025-09-04-2452-28-si	2025-09-04	Land Title Settlement Dept. - Lakshapathiya, Moratuwa D/S Division, Colombo District (25/55044)	https://documents.gov.lk/view/extra-gazettes/egz_2025.html	si	https://documents.gov.lk/view/extra-gazettes/2025/9/2452-28_S.pdf	2452/28
lk_extraordinary_gazettes_2020s	2025-09-04-2025-09-04-2452-28-en	2025-09-04-2452-28-en	2025-09-04	Land Title Settlement Dept. - Lakshapathiya, Moratuwa D/S Division, Colombo District (25/55044)	https://documents.gov.lk/view/extra-gazettes/egz_2025.html	en	https://documents.gov.lk/view/extra-gazettes/2025/9/2452-28_E.pdf	2452/28
lk_extraordinary_gazettes_2020s	2025-09-04-2025-09-04-2452-27-si	2025-09-04-2452-27-si	2025-09-04	Land Title Settlement Dept. - Kuruvikulam, Puttalam D/S Division, Puttalam District (25/55051)	https://documents.gov.lk/view/extra-gazettes/egz_2025.html	si	https://documents.gov.lk/view/extra-gazettes/2025/9/2452-27_S.pdf	2452/27
lk_extraordinary_gazettes_2020s	2025-09-04-2025-09-04-2452-27-en	2025-09-04-2452-27-en	2025-09-04	Land Title Settlement Dept. - Kuruvikulam, Puttalam D/S Division, Puttalam District (25/55051)	https://documents.gov.lk/view/extra-gazettes/egz_2025.html	en	https://documents.gov.lk/view/extra-gazettes/2025/9/2452-27_E.pdf	2452/27
lk_extraordinary_gazettes_2020s	2025-09-04-2025-09-04-2452-26-ta	2025-09-04-2452-26-ta	2025-09-04	Land Title Settlement Dept. - Udwariyagala, Doluwa D/S Division, kandy District (25/0327)	https://documents.gov.lk/view/extra-gazettes/egz_2025.html	ta	https://documents.gov.lk/view/extra-gazettes/2025/9/2452-26_T.pdf	2452/26
lk_extraordinary_gazettes_2020s	2025-09-04-2025-09-04-2452-26-si	2025-09-04-2452-26-si	2025-09-04	Land Title Settlement Dept. - Udwariyagala, Doluwa D/S Division, kandy District (25/0327)	https://documents.gov.lk/view/extra-gazettes/egz_2025.html	si	https://documents.gov.lk/view/extra-gazettes/2025/9/2452-26_S.pdf	2452/26
lk_extraordinary_gazettes_2020s	2025-09-04-2025-09-04-2452-26-en	2025-09-04-2452-26-en	2025-09-04	Land Title Settlement Dept. - Udwariyagala, Doluwa D/S Division, kandy District (25/0327)	https://documents.gov.lk/view/extra-gazettes/egz_2025.html	en	https://documents.gov.lk/view/extra-gazettes/2025/9/2452-26_E.pdf	2452/26
lk_extraordinary_gazettes_2020s	2025-09-04-2025-09-04-2452-25-si	2025-09-04-2452-25-si	2025-09-04	Land Title Settlement Dept. - Vekkanchenai, Manmunai West D/S Division, Batticaloa District (25/0817)	https://documents.gov.lk/view/extra-gazettes/egz_2025.html	si	https://documents.gov.lk/view/extra-gazettes/2025/9/2452-25_S.pdf	2452/25
lk_extraordinary_gazettes_2020s	2025-09-04-2025-09-04-2452-25-en	2025-09-04-2452-25-en	2025-09-04	Land Title Settlement Dept. - Vekkanchenai, Manmunai West D/S Division, Batticaloa District (25/0817)	https://documents.gov.lk/view/extra-gazettes/egz_2025.html	en	https://documents.gov.lk/view/extra-gazettes/2025/9/2452-25_E.pdf	2452/25
lk_extraordinary_gazettes_2020s	2025-09-03-2025-09-03-2452-23-ta	2025-09-03-2452-23-ta	2025-09-03	M/ of Transport, Highways Ports and Civil Aviation- Civil Aviation Authority of Sri Lanka Act, No. 34 of 2022 Order Under Section 9	https://documents.gov.lk/view/extra-gazettes/egz_2025.html	ta	https://documents.gov.lk/view/extra-gazettes/2025/9/2452-23_T.pdf	2452/23
lk_extraordinary_gazettes_2020s	2025-09-03-2025-09-03-2452-23-si	2025-09-03-2452-23-si	2025-09-03	M/ of Transport, Highways Ports and Civil Aviation- Civil Aviation Authority of Sri Lanka Act, No. 34 of 2022 Order Under Section 9	https://documents.gov.lk/view/extra-gazettes/egz_2025.html	si	https://documents.gov.lk/view/extra-gazettes/2025/9/2452-23_S.pdf	2452/23
lk_extraordinary_gazettes_2020s	2025-09-03-2025-09-03-2452-23-en	2025-09-03-2452-23-en	2025-09-03	M/ of Transport, Highways Ports and Civil Aviation- Civil Aviation Authority of Sri Lanka Act, No. 34 of 2022 Order Under Section 9	https://documents.gov.lk/view/extra-gazettes/egz_2025.html	en	https://documents.gov.lk/view/extra-gazettes/2025/9/2452-23_E.pdf	2452/23
lk_extraordinary_gazettes_2020s	2025-09-03-2025-09-03-2452-22-ta	2025-09-03-2452-22-ta	2025-09-03	Land Aquisition - Ihala Karagahamuna, Mahara D/S Division, Gampaha District - Land Aquisition - Errata, Harispattuwa D/S Division, Land Aquisition - Amendment. Mahara D/S Division - Land Aquisition - Errata, Weligama D/S Division, Sec 07	https://documents.gov.lk/view/extra-gazettes/egz_2025.html	ta	https://documents.gov.lk/view/extra-gazettes/2025/9/2452-22_T.pdf	2452/22
lk_extraordinary_gazettes_2020s	2025-09-03-2025-09-03-2452-22-si	2025-09-03-2452-22-si	2025-09-03	Land Aquisition - Ihala Karagahamuna, Mahara D/S Division, Gampaha District - Land Aquisition - Errata, Harispattuwa D/S Division, Land Aquisition - Amendment. Mahara D/S Division - Land Aquisition - Errata, Weligama D/S Division, Sec 07	https://documents.gov.lk/view/extra-gazettes/egz_2025.html	si	https://documents.gov.lk/view/extra-gazettes/2025/9/2452-22_S.pdf	2452/22
lk_extraordinary_gazettes_2020s	2025-09-03-2025-09-03-2452-22-en	2025-09-03-2452-22-en	2025-09-03	Land Aquisition - Ihala Karagahamuna, Mahara D/S Division, Gampaha District - Land Aquisition - Errata, Harispattuwa D/S Division, Land Aquisition - Amendment. Mahara D/S Division - Land Aquisition - Errata, Weligama D/S Division, Sec 07	https://documents.gov.lk/view/extra-gazettes/egz_2025.html	en	https://documents.gov.lk/view/extra-gazettes/2025/9/2452-22_E.pdf	2452/22
lk_extraordinary_gazettes_2020s	2025-09-03-2025-09-03-2452-21-ta	2025-09-03-2452-21-ta	2025-09-03	Coast Conservation and Costal Resource Management Department- Environmental Impact Assessment Report Proposed Projection on 288 units of Apartment Project	https://documents.gov.lk/view/extra-gazettes/egz_2025.html	ta	https://documents.gov.lk/view/extra-gazettes/2025/9/2452-21_T.pdf	2452/21
lk_extraordinary_gazettes_2020s	2025-09-03-2025-09-03-2452-21-si	2025-09-03-2452-21-si	2025-09-03	Coast Conservation and Costal Resource Management Department- Environmental Impact Assessment Report Proposed Projection on 288 units of Apartment Project	https://documents.gov.lk/view/extra-gazettes/egz_2025.html	si	https://documents.gov.lk/view/extra-gazettes/2025/9/2452-21_S.pdf	2452/21
lk_extraordinary_gazettes_2020s	2025-09-03-2025-09-03-2452-21-en	2025-09-03-2452-21-en	2025-09-03	Coast Conservation and Costal Resource Management Department- Environmental Impact Assessment Report Proposed Projection on 288 units of Apartment Project	https://documents.gov.lk/view/extra-gazettes/egz_2025.html	en	https://documents.gov.lk/view/extra-gazettes/2025/9/2452-21_E.pdf	2452/21
lk_extraordinary_gazettes_2020s	2025-09-03-2025-09-03-2452-20-si	2025-09-03-2452-20-si	2025-09-03	Land Title Settlement Dept. - Dummaladeniya, Wennappuwa D/S Division, Puttalam District (25/0347)	https://documents.gov.lk/view/extra-gazettes/egz_2025.html	si	https://documents.gov.lk/view/extra-gazettes/2025/9/2452-20_S.pdf	2452/20
lk_extraordinary_gazettes_2020s	2025-09-03-2025-09-03-2452-20-en	2025-09-03-2452-20-en	2025-09-03	Land Title Settlement Dept. - Dummaladeniya, Wennappuwa D/S Division, Puttalam District (25/0347)	https://documents.gov.lk/view/extra-gazettes/egz_2025.html	en	https://documents.gov.lk/view/extra-gazettes/2025/9/2452-20_E.pdf	2452/20
lk_extraordinary_gazettes_2020s	2025-09-03-2025-09-03-2452-19-si	2025-09-03-2452-19-si	2025-09-03	Land Title Settlement Dept. - Kiribamunegama, Polpithigama D/S Division, Kurunegala District (25/0136)	https://documents.gov.lk/view/extra-gazettes/egz_2025.html	si	https://documents.gov.lk/view/extra-gazettes/2025/9/2452-19_S.pdf	2452/19
lk_extraordinary_gazettes_2020s	2025-09-03-2025-09-03-2452-19-en	2025-09-03-2452-19-en	2025-09-03	Land Title Settlement Dept. - Kiribamunegama, Polpithigama D/S Division, Kurunegala District (25/0136)	https://documents.gov.lk/view/extra-gazettes/egz_2025.html	en	https://documents.gov.lk/view/extra-gazettes/2025/9/2452-19_E.pdf	2452/19
lk_extraordinary_gazettes_2020s	2025-09-02-2025-09-02-2452-13-si	2025-09-02-2452-13-si	2025-09-02	Land Title Settlement Dept. - Puliyadimadu, Manmunai D/S Division, Batticaloa District (25/0056)	https://documents.gov.lk/view/extra-gazettes/egz_2025.html	si	https://documents.gov.lk/view/extra-gazettes/2025/9/2452-13_S.pdf	2452/13
lk_extraordinary_gazettes_2020s	2025-09-02-2025-09-02-2452-13-en	2025-09-02-2452-13-en	2025-09-02	Land Title Settlement Dept. - Puliyadimadu, Manmunai D/S Division, Batticaloa District (25/0056)	https://documents.gov.lk/view/extra-gazettes/egz_2025.html	en	https://documents.gov.lk/view/extra-gazettes/2025/9/2452-13_E.pdf	2452/13
lk_extraordinary_gazettes_2020s	2025-09-02-2025-09-02-2452-09-en	2025-09-02-2452-09-en	2025-09-02	Ministry of Labour - 1) Industrial dispute between Chilaw Plantations Limited and Ceylon Estate Staffs Union (Clarical Staff)	https://documents.gov.lk/view/extra-gazettes/egz_2025.html	en	https://documents.gov.lk/view/extra-gazettes/2025/9/2452-09_E.pdf	2452/09
lk_extraordinary_gazettes_2020s	2025-09-02-2025-09-02-2452-08-en	2025-09-02-2452-08-en	2025-09-02	Ministry of Labour - 1) Industrial dispute between Chilaw Plantation Limited and Ceylon Estate Staffs' Union 2) Industrial dispute between National Savings Bank and Union Front of National Savings Bank (Maintanace Staff)	https://documents.gov.lk/view/extra-gazettes/egz_2025.html	en	https://documents.gov.lk/view/extra-gazettes/2025/9/2452-08_E.pdf	2452/08
lk_extraordinary_gazettes_2020s	2025-09-02-2025-09-02-2452-07-si	2025-09-02-2452-07-si	2025-09-02	Ministry of Labour - 1) Industrial dispute between R. B. Punchihewa included 17 workers and Mahaweli Authority of Sri Lanka	https://documents.gov.lk/view/extra-gazettes/egz_2025.html	si	https://documents.gov.lk/view/extra-gazettes/2025/9/2452-07_S.pdf	2452/07
lk_extraordinary_gazettes_2020s	2025-09-02-2025-09-02-2452-06-si	2025-09-02-2452-06-si	2025-09-02	Ministry of Labour - 1) Industrial dispute between 04 Employees inclusive of Mrs. Kalpani Silva and Sri Lanka Rupawahini Corporation 2) Industrial dispute between U. R. R. Perera and Sri Lankan Catering Limited	https://documents.gov.lk/view/extra-gazettes/egz_2025.html	si	https://documents.gov.lk/view/extra-gazettes/2025/9/2452-06_S.pdf	2452/06
lk_extraordinary_gazettes_2020s	2025-09-02-2025-09-02-2452-06-en	2025-09-02-2452-06-en	2025-09-02	Ministry of Labour - 1) Industrial dispute between 04 Employees inclusive of Mrs. Kalpani Silva and Sri Lanka Rupawahini Corporation 2) Industrial dispute between U. R. R. Perera and Sri Lankan Catering Limited	https://documents.gov.lk/view/extra-gazettes/egz_2025.html	en	https://documents.gov.lk/view/extra-gazettes/2025/9/2452-06_E.pdf	2452/06
lk_extraordinary_gazettes_2020s	2025-09-02-2025-09-02-2452-05-si	2025-09-02-2452-05-si	2025-09-02	Ministry of Labour - 1) Industrial dispute between J. Upul Ranjith and National Housing Development Authority 2) Industrial dispute between M. S. R. Wijethunga and National Transport Medical Institute	https://documents.gov.lk/view/extra-gazettes/egz_2025.html	si	https://documents.gov.lk/view/extra-gazettes/2025/9/2452-05_S.pdf	2452/05
lk_extraordinary_gazettes_2020s	2025-09-02-2025-09-02-2452-05-en	2025-09-02-2452-05-en	2025-09-02	Ministry of Labour - 1) Industrial dispute between J. Upul Ranjith and National Housing Development Authority 2) Industrial dispute between M. S. R. Wijethunga and National Transport Medical Institute	https://documents.gov.lk/view/extra-gazettes/egz_2025.html	en	https://documents.gov.lk/view/extra-gazettes/2025/9/2452-05_E.pdf	2452/05
lk_extraordinary_gazettes_2020s	2025-09-02-2025-09-02-2452-04-ta	2025-09-02-2452-04-ta	2025-09-02	Land Aquisition - Siyambalawewa, Ganewatta D/S Division, Kurunegala District Sec 33	https://documents.gov.lk/view/extra-gazettes/egz_2025.html	ta	https://documents.gov.lk/view/extra-gazettes/2025/9/2452-04_T.pdf	2452/04
lk_extraordinary_gazettes_2020s	2025-09-02-2025-09-02-2452-04-si	2025-09-02-2452-04-si	2025-09-02	Land Aquisition - Siyambalawewa, Ganewatta D/S Division, Kurunegala District Sec 33	https://documents.gov.lk/view/extra-gazettes/egz_2025.html	si	https://documents.gov.lk/view/extra-gazettes/2025/9/2452-04_S.pdf	2452/04
lk_extraordinary_gazettes_2020s	2025-09-02-2025-09-02-2452-04-en	2025-09-02-2452-04-en	2025-09-02	Land Aquisition - Siyambalawewa, Ganewatta D/S Division, Kurunegala District Sec 33	https://documents.gov.lk/view/extra-gazettes/egz_2025.html	en	https://documents.gov.lk/view/extra-gazettes/2025/9/2452-04_E.pdf	2452/04
lk_extraordinary_gazettes_2020s	2025-09-01-2025-09-01-2452-03-ta	2025-09-01-2452-03-ta	2025-09-01	Dept. of Trade and Investment Policy Revenue Protection Order No. 02 / 2025 Under Section 10 of the Customs Ordinance (Chapter 235)	https://documents.gov.lk/view/extra-gazettes/egz_2025.html	ta	https://documents.gov.lk/view/extra-gazettes/2025/9/2452-03_T.pdf	2452/03
lk_extraordinary_gazettes_2020s	2025-09-01-2025-09-01-2452-03-si	2025-09-01-2452-03-si	2025-09-01	Dept. of Trade and Investment Policy Revenue Protection Order No. 02 / 2025 Under Section 10 of the Customs Ordinance (Chapter 235)	https://documents.gov.lk/view/extra-gazettes/egz_2025.html	si	https://documents.gov.lk/view/extra-gazettes/2025/9/2452-03_S.pdf	2452/03
lk_extraordinary_gazettes_2020s	2025-09-01-2025-09-01-2452-03-en	2025-09-01-2452-03-en	2025-09-01	Dept. of Trade and Investment Policy Revenue Protection Order No. 02 / 2025 Under Section 10 of the Customs Ordinance (Chapter 235)	https://documents.gov.lk/view/extra-gazettes/egz_2025.html	en	https://documents.gov.lk/view/extra-gazettes/2025/9/2452-03_E.pdf	2452/03
lk_extraordinary_gazettes_2020s	2025-09-01-2025-09-01-2452-02-ta	2025-09-01-2452-02-ta	2025-09-01	Dept. of Local Governtment- Eastern Province Elected and declared New Vice Chairman of Manmunaipattu Pradeshiya Sabha	https://documents.gov.lk/view/extra-gazettes/egz_2025.html	ta	https://documents.gov.lk/view/extra-gazettes/2025/9/2452-02_T.pdf	2452/02
lk_extraordinary_gazettes_2020s	2025-09-01-2025-09-01-2452-02-si	2025-09-01-2452-02-si	2025-09-01	Dept. of Local Governtment- Eastern Province Elected and declared New Vice Chairman of Manmunaipattu Pradeshiya Sabha	https://documents.gov.lk/view/extra-gazettes/egz_2025.html	si	https://documents.gov.lk/view/extra-gazettes/2025/9/2452-02_S.pdf	2452/02
lk_extraordinary_gazettes_2020s	2025-09-01-2025-09-01-2452-02-en	2025-09-01-2452-02-en	2025-09-01	Dept. of Local Governtment- Eastern Province Elected and declared New Vice Chairman of Manmunaipattu Pradeshiya Sabha	https://documents.gov.lk/view/extra-gazettes/egz_2025.html	en	https://documents.gov.lk/view/extra-gazettes/2025/9/2452-02_E.pdf	2452/02
lk_extraordinary_gazettes_2020s	2025-09-01-2025-09-01-2452-01-ta	2025-09-01-2452-01-ta	2025-09-01	Sri Lanka Customs - Rates of Exchange with effect from 01.09.2025 to 07.09.2025	https://documents.gov.lk/view/extra-gazettes/egz_2025.html	ta	https://documents.gov.lk/view/extra-gazettes/2025/9/2452-01_T.pdf	2452/01
lk_extraordinary_gazettes_2020s	2025-09-01-2025-09-01-2452-01-si	2025-09-01-2452-01-si	2025-09-01	Sri Lanka Customs - Rates of Exchange with effect from 01.09.2025 to 07.09.2025	https://documents.gov.lk/view/extra-gazettes/egz_2025.html	si	https://documents.gov.lk/view/extra-gazettes/2025/9/2452-01_S.pdf	2452/01
lk_extraordinary_gazettes_2020s	2025-09-01-2025-09-01-2452-01-en	2025-09-01-2452-01-en	2025-09-01	Sri Lanka Customs - Rates of Exchange with effect from 01.09.2025 to 07.09.2025	https://documents.gov.lk/view/extra-gazettes/egz_2025.html	en	https://documents.gov.lk/view/extra-gazettes/2025/9/2452-01_E.pdf	2452/01
lk_extraordinary_gazettes_2020s	2025-08-31-2025-08-31-2451-43-ta	2025-08-31-2451-43-ta	2025-08-31	M/of Energy- Order Under Section 66 Revise the Fuel Price	https://documents.gov.lk/view/extra-gazettes/egz_2025.html	ta	https://documents.gov.lk/view/extra-gazettes/2025/8/2451-43_T.pdf	2451/43
lk_extraordinary_gazettes_2020s	2025-08-31-2025-08-31-2451-43-si	2025-08-31-2451-43-si	2025-08-31	M/of Energy- Order Under Section 66 Revise the Fuel Price	https://documents.gov.lk/view/extra-gazettes/egz_2025.html	si	https://documents.gov.lk/view/extra-gazettes/2025/8/2451-43_S.pdf	2451/43
lk_extraordinary_gazettes_2020s	2025-08-31-2025-08-31-2451-43-en	2025-08-31-2451-43-en	2025-08-31	M/of Energy- Order Under Section 66 Revise the Fuel Price	https://documents.gov.lk/view/extra-gazettes/egz_2025.html	en	https://documents.gov.lk/view/extra-gazettes/2025/8/2451-43_E.pdf	2451/43
lk_extraordinary_gazettes_2020s	2025-08-30-2025-08-30-2451-42-ta	2025-08-30-2451-42-ta	2025-08-30	Land Aquisition - Thissawewawaththa, Nuwaragampalatha Central D/S Division, Anuradhapura District Sec 33	https://documents.gov.lk/view/extra-gazettes/egz_2025.html	ta	https://documents.gov.lk/view/extra-gazettes/2025/8/2451-42_T.pdf	2451/42
lk_extraordinary_gazettes_2020s	2025-08-30-2025-08-30-2451-42-si	2025-08-30-2451-42-si	2025-08-30	Land Aquisition - Thissawewawaththa, Nuwaragampalatha Central D/S Division, Anuradhapura District Sec 33	https://documents.gov.lk/view/extra-gazettes/egz_2025.html	si	https://documents.gov.lk/view/extra-gazettes/2025/8/2451-42_S.pdf	2451/42
lk_extraordinary_gazettes_2020s	2025-08-30-2025-08-30-2451-42-en	2025-08-30-2451-42-en	2025-08-30	Land Aquisition - Thissawewawaththa, Nuwaragampalatha Central D/S Division, Anuradhapura District Sec 33	https://documents.gov.lk/view/extra-gazettes/egz_2025.html	en	https://documents.gov.lk/view/extra-gazettes/2025/8/2451-42_E.pdf	2451/42
lk_extraordinary_gazettes_2020s	2025-08-30-2025-08-30-2451-41-ta	2025-08-30-2451-41-ta	2025-08-30	Land Aquisition - Thissawewawaththa, Nuwaragampalatha Central D/S Division, Anuradhapura District Sec 33	https://documents.gov.lk/view/extra-gazettes/egz_2025.html	ta	https://documents.gov.lk/view/extra-gazettes/2025/8/2451-41_T.pdf	2451/41
lk_extraordinary_gazettes_2020s	2025-08-30-2025-08-30-2451-41-si	2025-08-30-2451-41-si	2025-08-30	Land Aquisition - Thissawewawaththa, Nuwaragampalatha Central D/S Division, Anuradhapura District Sec 33	https://documents.gov.lk/view/extra-gazettes/egz_2025.html	si	https://documents.gov.lk/view/extra-gazettes/2025/8/2451-41_S.pdf	2451/41
lk_extraordinary_gazettes_2020s	2025-08-30-2025-08-30-2451-41-en	2025-08-30-2451-41-en	2025-08-30	Land Aquisition - Thissawewawaththa, Nuwaragampalatha Central D/S Division, Anuradhapura District Sec 33	https://documents.gov.lk/view/extra-gazettes/egz_2025.html	en	https://documents.gov.lk/view/extra-gazettes/2025/8/2451-41_E.pdf	2451/41
lk_extraordinary_gazettes_2020s	2025-08-29-2025-08-29-2451-39-si	2025-08-29-2451-39-si	2025-08-29	Haguranketha Pradeshiya Sabha- Imposing Miscellenous Charges- 2025	https://documents.gov.lk/view/extra-gazettes/egz_2025.html	si	https://documents.gov.lk/view/extra-gazettes/2025/8/2451-39_S.pdf	2451/39
lk_extraordinary_gazettes_2020s	2025-08-28-2025-08-28-2451-38-ta	2025-08-28-2451-38-ta	2025-08-28	Land Aquisition - Maramba, Akuressa D/S Division, Matara District Sec 38 (a)	https://documents.gov.lk/view/extra-gazettes/egz_2025.html	ta	https://documents.gov.lk/view/extra-gazettes/2025/8/2451-38_T.pdf	2451/38
lk_extraordinary_gazettes_2020s	2025-08-28-2025-08-28-2451-38-si	2025-08-28-2451-38-si	2025-08-28	Land Aquisition - Maramba, Akuressa D/S Division, Matara District Sec 38 (a)	https://documents.gov.lk/view/extra-gazettes/egz_2025.html	si	https://documents.gov.lk/view/extra-gazettes/2025/8/2451-38_S.pdf	2451/38
lk_extraordinary_gazettes_2020s	2025-08-28-2025-08-28-2451-38-en	2025-08-28-2451-38-en	2025-08-28	Land Aquisition - Maramba, Akuressa D/S Division, Matara District Sec 38 (a)	https://documents.gov.lk/view/extra-gazettes/egz_2025.html	en	https://documents.gov.lk/view/extra-gazettes/2025/8/2451-38_E.pdf	2451/38
lk_extraordinary_gazettes_2020s	2025-08-28-2025-08-28-2451-37-ta	2025-08-28-2451-37-ta	2025-08-28	Land Aquisition - Ganihimulla, Minuwangoda D/S Division, Gampaha District Land Aquisition - Bombuwala, Dodangoda D/S Division, Kalutara District Sec 38 (a)	https://documents.gov.lk/view/extra-gazettes/egz_2025.html	ta	https://documents.gov.lk/view/extra-gazettes/2025/8/2451-37_T.pdf	2451/37
lk_extraordinary_gazettes_2020s	2025-08-28-2025-08-28-2451-37-si	2025-08-28-2451-37-si	2025-08-28	Land Aquisition - Ganihimulla, Minuwangoda D/S Division, Gampaha District Land Aquisition - Bombuwala, Dodangoda D/S Division, Kalutara District Sec 38 (a)	https://documents.gov.lk/view/extra-gazettes/egz_2025.html	si	https://documents.gov.lk/view/extra-gazettes/2025/8/2451-37_S.pdf	2451/37
lk_extraordinary_gazettes_2020s	2025-08-28-2025-08-28-2451-37-en	2025-08-28-2451-37-en	2025-08-28	Land Aquisition - Ganihimulla, Minuwangoda D/S Division, Gampaha District Land Aquisition - Bombuwala, Dodangoda D/S Division, Kalutara District Sec 38 (a)	https://documents.gov.lk/view/extra-gazettes/egz_2025.html	en	https://documents.gov.lk/view/extra-gazettes/2025/8/2451-37_E.pdf	2451/37
lk_extraordinary_gazettes_2020s	2025-08-28-2025-08-28-2451-36-ta	2025-08-28-2451-36-ta	2025-08-28	Land Aquisition - Brahmanagama, Homagama D/S Division, Colombo District Sec 38 (a)	https://documents.gov.lk/view/extra-gazettes/egz_2025.html	ta	https://documents.gov.lk/view/extra-gazettes/2025/8/2451-36_T.pdf	2451/36
lk_extraordinary_gazettes_2020s	2025-08-28-2025-08-28-2451-36-si	2025-08-28-2451-36-si	2025-08-28	Land Aquisition - Brahmanagama, Homagama D/S Division, Colombo District Sec 38 (a)	https://documents.gov.lk/view/extra-gazettes/egz_2025.html	si	https://documents.gov.lk/view/extra-gazettes/2025/8/2451-36_S.pdf	2451/36
lk_extraordinary_gazettes_2020s	2025-08-28-2025-08-28-2451-36-en	2025-08-28-2451-36-en	2025-08-28	Land Aquisition - Brahmanagama, Homagama D/S Division, Colombo District Sec 38 (a)	https://documents.gov.lk/view/extra-gazettes/egz_2025.html	en	https://documents.gov.lk/view/extra-gazettes/2025/8/2451-36_E.pdf	2451/36
lk_extraordinary_gazettes_2020s	2025-08-28-2025-08-28-2451-35-ta	2025-08-28-2451-35-ta	2025-08-28	Land Aquisition - Mangoda, Medadumbara D/S Division, Kandy District Sec 38 (a)	https://documents.gov.lk/view/extra-gazettes/egz_2025.html	ta	https://documents.gov.lk/view/extra-gazettes/2025/8/2451-35_T.pdf	2451/35
lk_extraordinary_gazettes_2020s	2025-08-28-2025-08-28-2451-35-si	2025-08-28-2451-35-si	2025-08-28	Land Aquisition - Mangoda, Medadumbara D/S Division, Kandy District Sec 38 (a)	https://documents.gov.lk/view/extra-gazettes/egz_2025.html	si	https://documents.gov.lk/view/extra-gazettes/2025/8/2451-35_S.pdf	2451/35
lk_extraordinary_gazettes_2020s	2025-08-28-2025-08-28-2451-35-en	2025-08-28-2451-35-en	2025-08-28	Land Aquisition - Mangoda, Medadumbara D/S Division, Kandy District Sec 38 (a)	https://documents.gov.lk/view/extra-gazettes/egz_2025.html	en	https://documents.gov.lk/view/extra-gazettes/2025/8/2451-35_E.pdf	2451/35
lk_extraordinary_gazettes_2020s	2025-08-28-2025-08-28-2451-33-si	2025-08-28-2451-33-si	2025-08-28	Land Title Settlement Dept. - Wewathenna, Gangawatakorle D/S Division, Kandy District (7847)	https://documents.gov.lk/view/extra-gazettes/egz_2025.html	si	https://documents.gov.lk/view/extra-gazettes/2025/8/2451-33_S.pdf	2451/33
lk_extraordinary_gazettes_2020s	2025-08-28-2025-08-28-2451-33-en	2025-08-28-2451-33-en	2025-08-28	Land Title Settlement Dept. - Wewathenna, Gangawatakorle D/S Division, Kandy District (7847)	https://documents.gov.lk/view/extra-gazettes/egz_2025.html	en	https://documents.gov.lk/view/extra-gazettes/2025/8/2451-33_E.pdf	2451/33
lk_extraordinary_gazettes_2020s	2025-08-28-2025-08-28-2451-32-ta	2025-08-28-2451-32-ta	2025-08-28	Land Title Settlement Dept. - Magammana, Homagama D/S Division, Colombo District (25/5514134)	https://documents.gov.lk/view/extra-gazettes/egz_2025.html	ta	https://documents.gov.lk/view/extra-gazettes/2025/8/2451-32_T.pdf	2451/32
lk_extraordinary_gazettes_2020s	2025-08-28-2025-08-28-2451-32-si	2025-08-28-2451-32-si	2025-08-28	Land Title Settlement Dept. - Magammana, Homagama D/S Division, Colombo District (25/5514134)	https://documents.gov.lk/view/extra-gazettes/egz_2025.html	si	https://documents.gov.lk/view/extra-gazettes/2025/8/2451-32_S.pdf	2451/32
lk_extraordinary_gazettes_2020s	2025-08-28-2025-08-28-2451-32-en	2025-08-28-2451-32-en	2025-08-28	Land Title Settlement Dept. - Magammana, Homagama D/S Division, Colombo District (25/5514134)	https://documents.gov.lk/view/extra-gazettes/egz_2025.html	en	https://documents.gov.lk/view/extra-gazettes/2025/8/2451-32_E.pdf	2451/32
lk_extraordinary_gazettes_2020s	2025-08-28-2025-08-28-2451-31-si	2025-08-28-2451-31-si	2025-08-28	Land Title Settlement Dept. - Rambadagalla, Rideegama D/S Division, Kurunegala District (25/5514140)	https://documents.gov.lk/view/extra-gazettes/egz_2025.html	si	https://documents.gov.lk/view/extra-gazettes/2025/8/2451-31_S.pdf	2451/31
lk_extraordinary_gazettes_2020s	2025-08-28-2025-08-28-2451-31-en	2025-08-28-2451-31-en	2025-08-28	Land Title Settlement Dept. - Rambadagalla, Rideegama D/S Division, Kurunegala District (25/5514140)	https://documents.gov.lk/view/extra-gazettes/egz_2025.html	en	https://documents.gov.lk/view/extra-gazettes/2025/8/2451-31_E.pdf	2451/31
lk_extraordinary_gazettes_2020s	2025-08-28-2025-08-28-2451-30-si	2025-08-28-2451-30-si	2025-08-28	Land Title Settlement Dept. - Niwandama, Ja-ela D/S Division, Gampaha District (25/5514112)	https://documents.gov.lk/view/extra-gazettes/egz_2025.html	si	https://documents.gov.lk/view/extra-gazettes/2025/8/2451-30_S.pdf	2451/30
lk_extraordinary_gazettes_2020s	2025-08-28-2025-08-28-2451-30-en	2025-08-28-2451-30-en	2025-08-28	Land Title Settlement Dept. - Niwandama, Ja-ela D/S Division, Gampaha District (25/5514112)	https://documents.gov.lk/view/extra-gazettes/egz_2025.html	en	https://documents.gov.lk/view/extra-gazettes/2025/8/2451-30_E.pdf	2451/30
lk_extraordinary_gazettes_2020s	2025-08-28-2025-08-28-2451-29-ta	2025-08-28-2451-29-ta	2025-08-28	Land Title Settlement Dept. - Kukulnape, Meerigama D/S Division, Gampaha District (25/5514095)	https://documents.gov.lk/view/extra-gazettes/egz_2025.html	ta	https://documents.gov.lk/view/extra-gazettes/2025/8/2451-29_T.pdf	2451/29
lk_extraordinary_gazettes_2020s	2025-08-28-2025-08-28-2451-29-si	2025-08-28-2451-29-si	2025-08-28	Land Title Settlement Dept. - Kukulnape, Meerigama D/S Division, Gampaha District (25/5514095)	https://documents.gov.lk/view/extra-gazettes/egz_2025.html	si	https://documents.gov.lk/view/extra-gazettes/2025/8/2451-29_S.pdf	2451/29
lk_extraordinary_gazettes_2020s	2025-08-28-2025-08-28-2451-29-en	2025-08-28-2451-29-en	2025-08-28	Land Title Settlement Dept. - Kukulnape, Meerigama D/S Division, Gampaha District (25/5514095)	https://documents.gov.lk/view/extra-gazettes/egz_2025.html	en	https://documents.gov.lk/view/extra-gazettes/2025/8/2451-29_E.pdf	2451/29
lk_extraordinary_gazettes_2020s	2025-08-28-2025-08-28-2451-28-si	2025-08-28-2451-28-si	2025-08-28	Land Title Settlement Dept. - Kamburugamuwa, Weligama D/S Division, Matara District (25/5514144)	https://documents.gov.lk/view/extra-gazettes/egz_2025.html	si	https://documents.gov.lk/view/extra-gazettes/2025/8/2451-28_S.pdf	2451/28
lk_extraordinary_gazettes_2020s	2025-08-28-2025-08-28-2451-28-en	2025-08-28-2451-28-en	2025-08-28	Land Title Settlement Dept. - Kamburugamuwa, Weligama D/S Division, Matara District (25/5514144)	https://documents.gov.lk/view/extra-gazettes/egz_2025.html	en	https://documents.gov.lk/view/extra-gazettes/2025/8/2451-28_E.pdf	2451/28
lk_extraordinary_gazettes_2020s	2025-08-28-2025-08-28-2451-27-si	2025-08-28-2451-27-si	2025-08-28	M/of Youth Affairs and Sports Under Section 41 Read with section 31 of the Sports Law No. 25 of 1973 as amended	https://documents.gov.lk/view/extra-gazettes/egz_2025.html	si	https://documents.gov.lk/view/extra-gazettes/2025/8/2451-27_S.pdf	2451/27
lk_extraordinary_gazettes_2020s	2025-08-28-2025-08-28-2451-27-en	2025-08-28-2451-27-en	2025-08-28	M/of Youth Affairs and Sports Under Section 41 Read with section 31 of the Sports Law No. 25 of 1973 as amended	https://documents.gov.lk/view/extra-gazettes/egz_2025.html	en	https://documents.gov.lk/view/extra-gazettes/2025/8/2451-27_E.pdf	2451/27
lk_extraordinary_gazettes_2020s	2025-08-27-2025-08-27-2451-25-si	2025-08-27-2451-25-si	2025-08-27	M/of Youth Affairs and Sports- Appointed the Secretary to the Ministry of Youth Affairs and Sports as the Competent Authority	https://documents.gov.lk/view/extra-gazettes/egz_2025.html	si	https://documents.gov.lk/view/extra-gazettes/2025/8/2451-25_S.pdf	2451/25
lk_extraordinary_gazettes_2020s	2025-08-27-2025-08-27-2451-25-en	2025-08-27-2451-25-en	2025-08-27	M/of Youth Affairs and Sports- Appointed the Secretary to the Ministry of Youth Affairs and Sports as the Competent Authority	https://documents.gov.lk/view/extra-gazettes/egz_2025.html	en	https://documents.gov.lk/view/extra-gazettes/2025/8/2451-25_E.pdf	2451/25
lk_extraordinary_gazettes_2020s	2025-08-27-2025-08-27-2451-24-si	2025-08-27-2451-24-si	2025-08-27	M/of Youth Affairs and Sports- Under Section 32 and 33 of Sports Law No. 25 of 1973 Temporarily Suspend the registration of Karate and Appointed a Woring Task Force	https://documents.gov.lk/view/extra-gazettes/egz_2025.html	si	https://documents.gov.lk/view/extra-gazettes/2025/8/2451-24_S.pdf	2451/24
lk_extraordinary_gazettes_2020s	2025-08-27-2025-08-27-2451-24-en	2025-08-27-2451-24-en	2025-08-27	M/of Youth Affairs and Sports- Under Section 32 and 33 of Sports Law No. 25 of 1973 Temporarily Suspend the registration of Karate and Appointed a Woring Task Force	https://documents.gov.lk/view/extra-gazettes/egz_2025.html	en	https://documents.gov.lk/view/extra-gazettes/2025/8/2451-24_E.pdf	2451/24
lk_extraordinary_gazettes_2020s	2025-08-27-2025-08-27-2451-23-si	2025-08-27-2451-23-si	2025-08-27	Ministry of Labour 1) Industrial Dispute between C.J. Wijeweera and Mahaweli Authority of Sri Lanka. 2) Industrial Dispute between P.A.R Jayasinghe and State Ingineering Corporation of Sri Lanka. 3) Industrial Dispute between Susantha Wijesinghe and Lanka Fisheries Corporation	https://documents.gov.lk/view/extra-gazettes/egz_2025.html	si	https://documents.gov.lk/view/extra-gazettes/2025/8/2451-23_S.pdf	2451/23
lk_extraordinary_gazettes_2020s	2025-08-27-2025-08-27-2451-22-si	2025-08-27-2451-22-si	2025-08-27	Ministry of Labour 1) Industrial Dispute between B.A.S.C. Abeywardhana and National Housing Development Authority 2) Industrial Dispute between S. Maduweera and Bank of Ceylon	https://documents.gov.lk/view/extra-gazettes/egz_2025.html	si	https://documents.gov.lk/view/extra-gazettes/2025/8/2451-22_S.pdf	2451/22
lk_extraordinary_gazettes_2020s	2025-08-27-2025-08-27-2451-20-ta	2025-08-27-2451-20-ta	2025-08-27	Land Aquisition - Moragaswewa, Hingurakgoda D/S Division, Polonnaruwa District Sec 33	https://documents.gov.lk/view/extra-gazettes/egz_2025.html	ta	https://documents.gov.lk/view/extra-gazettes/2025/8/2451-20_T.pdf	2451/20
lk_extraordinary_gazettes_2020s	2025-08-27-2025-08-27-2451-20-si	2025-08-27-2451-20-si	2025-08-27	Land Aquisition - Moragaswewa, Hingurakgoda D/S Division, Polonnaruwa District Sec 33	https://documents.gov.lk/view/extra-gazettes/egz_2025.html	si	https://documents.gov.lk/view/extra-gazettes/2025/8/2451-20_S.pdf	2451/20
lk_extraordinary_gazettes_2020s	2025-08-27-2025-08-27-2451-20-en	2025-08-27-2451-20-en	2025-08-27	Land Aquisition - Moragaswewa, Hingurakgoda D/S Division, Polonnaruwa District Sec 33	https://documents.gov.lk/view/extra-gazettes/egz_2025.html	en	https://documents.gov.lk/view/extra-gazettes/2025/8/2451-20_E.pdf	2451/20
lk_extraordinary_gazettes_2020s	2025-08-27-2025-08-27-2451-19-ta	2025-08-27-2451-19-ta	2025-08-27	M/of Transport, Highways, Ports and Civil Aviation- Civil Aviation Authority of Sri Lanka Act, No. 34 of 2002. Order Under Section 9	https://documents.gov.lk/view/extra-gazettes/egz_2025.html	ta	https://documents.gov.lk/view/extra-gazettes/2025/8/2451-19_T.pdf	2451/19
lk_extraordinary_gazettes_2020s	2025-08-27-2025-08-27-2451-19-si	2025-08-27-2451-19-si	2025-08-27	M/of Transport, Highways, Ports and Civil Aviation- Civil Aviation Authority of Sri Lanka Act, No. 34 of 2002. Order Under Section 9	https://documents.gov.lk/view/extra-gazettes/egz_2025.html	si	https://documents.gov.lk/view/extra-gazettes/2025/8/2451-19_S.pdf	2451/19
lk_extraordinary_gazettes_2020s	2025-08-27-2025-08-27-2451-19-en	2025-08-27-2451-19-en	2025-08-27	M/of Transport, Highways, Ports and Civil Aviation- Civil Aviation Authority of Sri Lanka Act, No. 34 of 2002. Order Under Section 9	https://documents.gov.lk/view/extra-gazettes/egz_2025.html	en	https://documents.gov.lk/view/extra-gazettes/2025/8/2451-19_E.pdf	2451/19
lk_extraordinary_gazettes_2020s	2025-08-27-2025-08-27-2451-18-ta	2025-08-27-2451-18-ta	2025-08-27	M/of Urban Development- Notice Under Section 03 Expansion of Medawachchiya Urban Development	https://documents.gov.lk/view/extra-gazettes/egz_2025.html	ta	https://documents.gov.lk/view/extra-gazettes/2025/8/2451-18_T.pdf	2451/18
lk_extraordinary_gazettes_2020s	2025-08-27-2025-08-27-2451-18-si	2025-08-27-2451-18-si	2025-08-27	M/of Urban Development- Notice Under Section 03 Expansion of Medawachchiya Urban Development	https://documents.gov.lk/view/extra-gazettes/egz_2025.html	si	https://documents.gov.lk/view/extra-gazettes/2025/8/2451-18_S.pdf	2451/18
lk_extraordinary_gazettes_2020s	2025-08-27-2025-08-27-2451-18-en	2025-08-27-2451-18-en	2025-08-27	M/of Urban Development- Notice Under Section 03 Expansion of Medawachchiya Urban Development	https://documents.gov.lk/view/extra-gazettes/egz_2025.html	en	https://documents.gov.lk/view/extra-gazettes/2025/8/2451-18_E.pdf	2451/18
lk_extraordinary_gazettes_2020s	2025-08-27-2025-08-27-2451-17-ta	2025-08-27-2451-17-ta	2025-08-27	M/of Public Administration P.C and L.G - Appointments Under the Notaries Ordinance	https://documents.gov.lk/view/extra-gazettes/egz_2025.html	ta	https://documents.gov.lk/view/extra-gazettes/2025/8/2451-17_T.pdf	2451/17
lk_extraordinary_gazettes_2020s	2025-08-27-2025-08-27-2451-17-si	2025-08-27-2451-17-si	2025-08-27	M/of Public Administration P.C and L.G - Appointments Under the Notaries Ordinance	https://documents.gov.lk/view/extra-gazettes/egz_2025.html	si	https://documents.gov.lk/view/extra-gazettes/2025/8/2451-17_S.pdf	2451/17
lk_extraordinary_gazettes_2020s	2025-08-27-2025-08-27-2451-17-en	2025-08-27-2451-17-en	2025-08-27	M/of Public Administration P.C and L.G - Appointments Under the Notaries Ordinance	https://documents.gov.lk/view/extra-gazettes/egz_2025.html	en	https://documents.gov.lk/view/extra-gazettes/2025/8/2451-17_E.pdf	2451/17
lk_extraordinary_gazettes_2020s	2025-08-27-2025-08-27-2451-16-ta	2025-08-27-2451-16-ta	2025-08-27	Land Aquisition - Beragama South, Mulatiyana Central D/S Division, Matara District Sec 07	https://documents.gov.lk/view/extra-gazettes/egz_2025.html	ta	https://documents.gov.lk/view/extra-gazettes/2025/8/2451-16_T.pdf	2451/16
lk_extraordinary_gazettes_2020s	2025-08-27-2025-08-27-2451-16-si	2025-08-27-2451-16-si	2025-08-27	Land Aquisition - Beragama South, Mulatiyana Central D/S Division, Matara District Sec 07	https://documents.gov.lk/view/extra-gazettes/egz_2025.html	si	https://documents.gov.lk/view/extra-gazettes/2025/8/2451-16_S.pdf	2451/16
lk_extraordinary_gazettes_2020s	2025-08-27-2025-08-27-2451-16-en	2025-08-27-2451-16-en	2025-08-27	Land Aquisition - Beragama South, Mulatiyana Central D/S Division, Matara District Sec 07	https://documents.gov.lk/view/extra-gazettes/egz_2025.html	en	https://documents.gov.lk/view/extra-gazettes/2025/8/2451-16_E.pdf	2451/16
lk_extraordinary_gazettes_2020s	2025-08-27-2025-08-27-2451-15-ta	2025-08-27-2451-15-ta	2025-08-27	Presidential Secretariat - Public Security Ordinance (Chapter 40) Order	https://documents.gov.lk/view/extra-gazettes/egz_2025.html	ta	https://documents.gov.lk/view/extra-gazettes/2025/8/2451-15_T.pdf	2451/15
lk_extraordinary_gazettes_2020s	2025-08-27-2025-08-27-2451-15-si	2025-08-27-2451-15-si	2025-08-27	Presidential Secretariat - Public Security Ordinance (Chapter 40) Order	https://documents.gov.lk/view/extra-gazettes/egz_2025.html	si	https://documents.gov.lk/view/extra-gazettes/2025/8/2451-15_S.pdf	2451/15
lk_extraordinary_gazettes_2020s	2025-08-27-2025-08-27-2451-15-en	2025-08-27-2451-15-en	2025-08-27	Presidential Secretariat - Public Security Ordinance (Chapter 40) Order	https://documents.gov.lk/view/extra-gazettes/egz_2025.html	en	https://documents.gov.lk/view/extra-gazettes/2025/8/2451-15_E.pdf	2451/15
lk_extraordinary_gazettes_2020s	2025-08-26-2025-08-26-2451-14-si	2025-08-26-2451-14-si	2025-08-26	Public Utilities Sri Lanka Electricity Act, No. 20 of 2009 (Amended) issuance of Certificate of Exemption	https://documents.gov.lk/view/extra-gazettes/egz_2025.html	si	https://documents.gov.lk/view/extra-gazettes/2025/8/2451-14_S.pdf	2451/14
lk_extraordinary_gazettes_2020s	2025-08-26-2025-08-26-2451-14-en	2025-08-26-2451-14-en	2025-08-26	Public Utilities Sri Lanka Electricity Act, No. 20 of 2009 (Amended) issuance of Certificate of Exemption	https://documents.gov.lk/view/extra-gazettes/egz_2025.html	en	https://documents.gov.lk/view/extra-gazettes/2025/8/2451-14_E.pdf	2451/14
lk_extraordinary_gazettes_2020s	2025-08-26-2025-08-26-2451-13-ta	2025-08-26-2451-13-ta	2025-08-26	Election Commission Declare that L.B.N. Siripala was elected as the member of the Miniwangoda Pradeshiya Sabha	https://documents.gov.lk/view/extra-gazettes/egz_2025.html	ta	https://documents.gov.lk/view/extra-gazettes/2025/8/2451-13_T.pdf	2451/13
lk_extraordinary_gazettes_2020s	2025-08-26-2025-08-26-2451-13-si	2025-08-26-2451-13-si	2025-08-26	Election Commission Declare that L.B.N. Siripala was elected as the member of the Miniwangoda Pradeshiya Sabha	https://documents.gov.lk/view/extra-gazettes/egz_2025.html	si	https://documents.gov.lk/view/extra-gazettes/2025/8/2451-13_S.pdf	2451/13
lk_extraordinary_gazettes_2020s	2025-08-26-2025-08-26-2451-13-en	2025-08-26-2451-13-en	2025-08-26	Election Commission Declare that L.B.N. Siripala was elected as the member of the Miniwangoda Pradeshiya Sabha	https://documents.gov.lk/view/extra-gazettes/egz_2025.html	en	https://documents.gov.lk/view/extra-gazettes/2025/8/2451-13_E.pdf	2451/13
lk_extraordinary_gazettes_2020s	2025-08-26-2025-08-26-2451-12-ta	2025-08-26-2451-12-ta	2025-08-26	Coast Conservation and Coastal Resource Management Department- Environmental Impact Assessment Report Proposed Project on 220 Units of appartments	https://documents.gov.lk/view/extra-gazettes/egz_2025.html	ta	https://documents.gov.lk/view/extra-gazettes/2025/8/2451-12_T.pdf	2451/12
lk_extraordinary_gazettes_2020s	2025-08-26-2025-08-26-2451-12-si	2025-08-26-2451-12-si	2025-08-26	Coast Conservation and Coastal Resource Management Department- Environmental Impact Assessment Report Proposed Project on 220 Units of appartments	https://documents.gov.lk/view/extra-gazettes/egz_2025.html	si	https://documents.gov.lk/view/extra-gazettes/2025/8/2451-12_S.pdf	2451/12
lk_extraordinary_gazettes_2020s	2025-08-26-2025-08-26-2451-12-en	2025-08-26-2451-12-en	2025-08-26	Coast Conservation and Coastal Resource Management Department- Environmental Impact Assessment Report Proposed Project on 220 Units of appartments	https://documents.gov.lk/view/extra-gazettes/egz_2025.html	en	https://documents.gov.lk/view/extra-gazettes/2025/8/2451-12_E.pdf	2451/12
lk_extraordinary_gazettes_2020s	2025-08-26-2025-08-26-2451-11-ta	2025-08-26-2451-11-ta	2025-08-26	Ministry of Energy - Sri Lanka Electricity Act, no 36 of 2024 Regulation	https://documents.gov.lk/view/extra-gazettes/egz_2025.html	ta	https://documents.gov.lk/view/extra-gazettes/2025/8/2451-11_T.pdf	2451/11
lk_extraordinary_gazettes_2020s	2025-08-26-2025-08-26-2451-11-si	2025-08-26-2451-11-si	2025-08-26	Ministry of Energy - Sri Lanka Electricity Act, no 36 of 2024 Regulation	https://documents.gov.lk/view/extra-gazettes/egz_2025.html	si	https://documents.gov.lk/view/extra-gazettes/2025/8/2451-11_S.pdf	2451/11
lk_extraordinary_gazettes_2020s	2025-08-26-2025-08-26-2451-11-en	2025-08-26-2451-11-en	2025-08-26	Ministry of Energy - Sri Lanka Electricity Act, no 36 of 2024 Regulation	https://documents.gov.lk/view/extra-gazettes/egz_2025.html	en	https://documents.gov.lk/view/extra-gazettes/2025/8/2451-11_E.pdf	2451/11
lk_extraordinary_gazettes_2020s	2025-08-25-2025-08-25-2451-10-ta	2025-08-25-2451-10-ta	2025-08-25	Department of Trade and Investment Policy - Special Commodity Levy for the Potatoes and B' Onion with Effect from 26.08.2025	https://documents.gov.lk/view/extra-gazettes/egz_2025.html	ta	https://documents.gov.lk/view/extra-gazettes/2025/8/2451-10_T.pdf	2451/10
lk_extraordinary_gazettes_2020s	2025-08-25-2025-08-25-2451-10-si	2025-08-25-2451-10-si	2025-08-25	Department of Trade and Investment Policy - Special Commodity Levy for the Potatoes and B' Onion with Effect from 26.08.2025	https://documents.gov.lk/view/extra-gazettes/egz_2025.html	si	https://documents.gov.lk/view/extra-gazettes/2025/8/2451-10_S.pdf	2451/10
lk_extraordinary_gazettes_2020s	2025-08-25-2025-08-25-2451-10-en	2025-08-25-2451-10-en	2025-08-25	Department of Trade and Investment Policy - Special Commodity Levy for the Potatoes and B' Onion with Effect from 26.08.2025	https://documents.gov.lk/view/extra-gazettes/egz_2025.html	en	https://documents.gov.lk/view/extra-gazettes/2025/8/2451-10_E.pdf	2451/10
lk_extraordinary_gazettes_2020s	2025-08-25-2025-08-25-2451-09-si	2025-08-25-2451-09-si	2025-08-25	Ministry of Youth Affairs and Sports - Regulations Made by the Minister of Youth Affairs and Sports under Sections 32 & 33 of Sports Law No. 25 of 1973	https://documents.gov.lk/view/extra-gazettes/egz_2025.html	si	https://documents.gov.lk/view/extra-gazettes/2025/8/2451-09_S.pdf	2451/09
lk_extraordinary_gazettes_2020s	2025-08-25-2025-08-25-2451-09-en	2025-08-25-2451-09-en	2025-08-25	Ministry of Youth Affairs and Sports - Regulations Made by the Minister of Youth Affairs and Sports under Sections 32 & 33 of Sports Law No. 25 of 1973	https://documents.gov.lk/view/extra-gazettes/egz_2025.html	en	https://documents.gov.lk/view/extra-gazettes/2025/8/2451-09_E.pdf	2451/09
lk_extraordinary_gazettes_2020s	2025-08-25-2025-08-25-2451-08-ta	2025-08-25-2451-08-ta	2025-08-25	Land Title Settlement Dept. - Tahlangama, Balangoda D/S Division, Ratnapura District (25/5514143)	https://documents.gov.lk/view/extra-gazettes/egz_2025.html	ta	https://documents.gov.lk/view/extra-gazettes/2025/8/2451-08_T.pdf	2451/08
lk_extraordinary_gazettes_2020s	2025-08-25-2025-08-25-2451-08-si	2025-08-25-2451-08-si	2025-08-25	Land Title Settlement Dept. - Tahlangama, Balangoda D/S Division, Ratnapura District (25/5514143)	https://documents.gov.lk/view/extra-gazettes/egz_2025.html	si	https://documents.gov.lk/view/extra-gazettes/2025/8/2451-08_S.pdf	2451/08
lk_extraordinary_gazettes_2020s	2025-08-25-2025-08-25-2451-08-en	2025-08-25-2451-08-en	2025-08-25	Land Title Settlement Dept. - Tahlangama, Balangoda D/S Division, Ratnapura District (25/5514143)	https://documents.gov.lk/view/extra-gazettes/egz_2025.html	en	https://documents.gov.lk/view/extra-gazettes/2025/8/2451-08_E.pdf	2451/08
lk_extraordinary_gazettes_2020s	2025-08-25-2025-08-25-2451-07-ta	2025-08-25-2451-07-ta	2025-08-25	Land Title Settlement Dept. - Elhena, Mirigama D/S Division, Gampaha District (25/5514149)	https://documents.gov.lk/view/extra-gazettes/egz_2025.html	ta	https://documents.gov.lk/view/extra-gazettes/2025/8/2451-07_T.pdf	2451/07
lk_extraordinary_gazettes_2020s	2025-08-25-2025-08-25-2451-07-si	2025-08-25-2451-07-si	2025-08-25	Land Title Settlement Dept. - Elhena, Mirigama D/S Division, Gampaha District (25/5514149)	https://documents.gov.lk/view/extra-gazettes/egz_2025.html	si	https://documents.gov.lk/view/extra-gazettes/2025/8/2451-07_S.pdf	2451/07
lk_extraordinary_gazettes_2020s	2025-08-25-2025-08-25-2451-07-en	2025-08-25-2451-07-en	2025-08-25	Land Title Settlement Dept. - Elhena, Mirigama D/S Division, Gampaha District (25/5514149)	https://documents.gov.lk/view/extra-gazettes/egz_2025.html	en	https://documents.gov.lk/view/extra-gazettes/2025/8/2451-07_E.pdf	2451/07
lk_extraordinary_gazettes_2020s	2025-08-25-2025-08-25-2451-06-ta	2025-08-25-2451-06-ta	2025-08-25	Land Title Settlement Dept. - Part of Godagama, Udapalatha D/S Division, Kandy District (25/5514151)	https://documents.gov.lk/view/extra-gazettes/egz_2025.html	ta	https://documents.gov.lk/view/extra-gazettes/2025/8/2451-06_T.pdf	2451/06
lk_extraordinary_gazettes_2020s	2025-08-25-2025-08-25-2451-06-si	2025-08-25-2451-06-si	2025-08-25	Land Title Settlement Dept. - Part of Godagama, Udapalatha D/S Division, Kandy District (25/5514151)	https://documents.gov.lk/view/extra-gazettes/egz_2025.html	si	https://documents.gov.lk/view/extra-gazettes/2025/8/2451-06_S.pdf	2451/06
lk_extraordinary_gazettes_2020s	2025-08-25-2025-08-25-2451-06-en	2025-08-25-2451-06-en	2025-08-25	Land Title Settlement Dept. - Part of Godagama, Udapalatha D/S Division, Kandy District (25/5514151)	https://documents.gov.lk/view/extra-gazettes/egz_2025.html	en	https://documents.gov.lk/view/extra-gazettes/2025/8/2451-06_E.pdf	2451/06
lk_extraordinary_gazettes_2020s	2025-08-25-2025-08-25-2451-04-si	2025-08-25-2451-04-si	2025-08-25	Land Title Settlement Dept. - Panakawa, Galigamuwa D/S Division, Kegalle District (25/55045)	https://documents.gov.lk/view/extra-gazettes/egz_2025.html	si	https://documents.gov.lk/view/extra-gazettes/2025/8/2451-04_S.pdf	2451/04
lk_extraordinary_gazettes_2020s	2025-08-25-2025-08-25-2451-04-en	2025-08-25-2451-04-en	2025-08-25	Land Title Settlement Dept. - Panakawa, Galigamuwa D/S Division, Kegalle District (25/55045)	https://documents.gov.lk/view/extra-gazettes/egz_2025.html	en	https://documents.gov.lk/view/extra-gazettes/2025/8/2451-04_E.pdf	2451/04
lk_extraordinary_gazettes_2020s	2025-08-25-2025-08-25-2451-02-si	2025-08-25-2451-02-si	2025-08-25	Department of Local Government - Sabaragamuwa Provincial Amended the rules of Sabaragamuwa Provincial Council	https://documents.gov.lk/view/extra-gazettes/egz_2025.html	si	https://documents.gov.lk/view/extra-gazettes/2025/8/2451-02_S.pdf	2451/02
lk_extraordinary_gazettes_2020s	2025-08-25-2025-08-25-2451-01-si	2025-08-25-2451-01-si	2025-08-25	Sri Lanka Customs - Rates of Exchange with effect from 25.08.2025 to 31.08.2025	https://documents.gov.lk/view/extra-gazettes/egz_2025.html	si	https://documents.gov.lk/view/extra-gazettes/2025/8/2451-01_S.pdf	2451/01
lk_extraordinary_gazettes_2020s	2025-08-25-2025-08-25-2451-01-en	2025-08-25-2451-01-en	2025-08-25	Sri Lanka Customs - Rates of Exchange with effect from 25.08.2025 to 31.08.2025	https://documents.gov.lk/view/extra-gazettes/egz_2025.html	en	https://documents.gov.lk/view/extra-gazettes/2025/8/2451-01_E.pdf	2451/01
lk_extraordinary_gazettes_2020s	2025-08-23-2025-08-23-2450-71-ta	2025-08-23-2450-71-ta	2025-08-23	Land Title Settlement Dept. - Ballapana Udabage, Galigamuwa D/S Division, Kegalle District (25/0342)	https://documents.gov.lk/view/extra-gazettes/egz_2025.html	ta	https://documents.gov.lk/view/extra-gazettes/2025/8/2450-71_T.pdf	2450/71
lk_extraordinary_gazettes_2020s	2025-08-23-2025-08-23-2450-71-si	2025-08-23-2450-71-si	2025-08-23	Land Title Settlement Dept. - Ballapana Udabage, Galigamuwa D/S Division, Kegalle District (25/0342)	https://documents.gov.lk/view/extra-gazettes/egz_2025.html	si	https://documents.gov.lk/view/extra-gazettes/2025/8/2450-71_S.pdf	2450/71
lk_extraordinary_gazettes_2020s	2025-08-23-2025-08-23-2450-71-en	2025-08-23-2450-71-en	2025-08-23	Land Title Settlement Dept. - Ballapana Udabage, Galigamuwa D/S Division, Kegalle District (25/0342)	https://documents.gov.lk/view/extra-gazettes/egz_2025.html	en	https://documents.gov.lk/view/extra-gazettes/2025/8/2450-71_E.pdf	2450/71
lk_extraordinary_gazettes_2020s	2025-08-23-2025-08-23-2450-70-si	2025-08-23-2450-70-si	2025-08-23	Land Title Settlement Dept. - Weeravila, Lunugamwehera D/S Division, Hambantota District (25/0352)	https://documents.gov.lk/view/extra-gazettes/egz_2025.html	si	https://documents.gov.lk/view/extra-gazettes/2025/8/2450-70_S.pdf	2450/70
lk_extraordinary_gazettes_2020s	2025-08-23-2025-08-23-2450-70-en	2025-08-23-2450-70-en	2025-08-23	Land Title Settlement Dept. - Weeravila, Lunugamwehera D/S Division, Hambantota District (25/0352)	https://documents.gov.lk/view/extra-gazettes/egz_2025.html	en	https://documents.gov.lk/view/extra-gazettes/2025/8/2450-70_E.pdf	2450/70
lk_extraordinary_gazettes_2020s	2025-08-23-2025-08-23-2450-69-ta	2025-08-23-2450-69-ta	2025-08-23	Land Title Settlement Dept. - Hiththatiya Meda, Matara D/S Division, Matara District (25/0286)	https://documents.gov.lk/view/extra-gazettes/egz_2025.html	ta	https://documents.gov.lk/view/extra-gazettes/2025/8/2450-69_T.pdf	2450/69
lk_extraordinary_gazettes_2020s	2025-08-23-2025-08-23-2450-69-si	2025-08-23-2450-69-si	2025-08-23	Land Title Settlement Dept. - Hiththatiya Meda, Matara D/S Division, Matara District (25/0286)	https://documents.gov.lk/view/extra-gazettes/egz_2025.html	si	https://documents.gov.lk/view/extra-gazettes/2025/8/2450-69_S.pdf	2450/69
lk_extraordinary_gazettes_2020s	2025-08-23-2025-08-23-2450-69-en	2025-08-23-2450-69-en	2025-08-23	Land Title Settlement Dept. - Hiththatiya Meda, Matara D/S Division, Matara District (25/0286)	https://documents.gov.lk/view/extra-gazettes/egz_2025.html	en	https://documents.gov.lk/view/extra-gazettes/2025/8/2450-69_E.pdf	2450/69
lk_extraordinary_gazettes_2020s	2025-08-23-2025-08-23-2450-68-ta	2025-08-23-2450-68-ta	2025-08-23	Land Title Settlement Dept. - Rathnelumwalayaya, Thissamaharama D/S Division, Hambantota District (25/0351)	https://documents.gov.lk/view/extra-gazettes/egz_2025.html	ta	https://documents.gov.lk/view/extra-gazettes/2025/8/2450-68_T.pdf	2450/68
lk_extraordinary_gazettes_2020s	2025-08-23-2025-08-23-2450-68-si	2025-08-23-2450-68-si	2025-08-23	Land Title Settlement Dept. - Rathnelumwalayaya, Thissamaharama D/S Division, Hambantota District (25/0351)	https://documents.gov.lk/view/extra-gazettes/egz_2025.html	si	https://documents.gov.lk/view/extra-gazettes/2025/8/2450-68_S.pdf	2450/68
lk_extraordinary_gazettes_2020s	2025-08-23-2025-08-23-2450-68-en	2025-08-23-2450-68-en	2025-08-23	Land Title Settlement Dept. - Rathnelumwalayaya, Thissamaharama D/S Division, Hambantota District (25/0351)	https://documents.gov.lk/view/extra-gazettes/egz_2025.html	en	https://documents.gov.lk/view/extra-gazettes/2025/8/2450-68_E.pdf	2450/68
lk_extraordinary_gazettes_2020s	2025-08-23-2025-08-23-2450-67-ta	2025-08-23-2450-67-ta	2025-08-23	Land Title Settlement Dept. - Gampolawela, Ganga Ihala Korale D/S Division, Kandy District (25/0328)	https://documents.gov.lk/view/extra-gazettes/egz_2025.html	ta	https://documents.gov.lk/view/extra-gazettes/2025/8/2450-67_T.pdf	2450/67
lk_extraordinary_gazettes_2020s	2025-08-23-2025-08-23-2450-67-si	2025-08-23-2450-67-si	2025-08-23	Land Title Settlement Dept. - Gampolawela, Ganga Ihala Korale D/S Division, Kandy District (25/0328)	https://documents.gov.lk/view/extra-gazettes/egz_2025.html	si	https://documents.gov.lk/view/extra-gazettes/2025/8/2450-67_S.pdf	2450/67
lk_extraordinary_gazettes_2020s	2025-08-23-2025-08-23-2450-67-en	2025-08-23-2450-67-en	2025-08-23	Land Title Settlement Dept. - Gampolawela, Ganga Ihala Korale D/S Division, Kandy District (25/0328)	https://documents.gov.lk/view/extra-gazettes/egz_2025.html	en	https://documents.gov.lk/view/extra-gazettes/2025/8/2450-67_E.pdf	2450/67
lk_extraordinary_gazettes_2020s	2025-08-23-2025-08-23-2450-65-ta	2025-08-23-2450-65-ta	2025-08-23	Land Title Settlement Dept. - Homagama, Homagama D/S Division, Colombo District (25/0206)	https://documents.gov.lk/view/extra-gazettes/egz_2025.html	ta	https://documents.gov.lk/view/extra-gazettes/2025/8/2450-65_T.pdf	2450/65
lk_extraordinary_gazettes_2020s	2025-08-23-2025-08-23-2450-65-si	2025-08-23-2450-65-si	2025-08-23	Land Title Settlement Dept. - Homagama, Homagama D/S Division, Colombo District (25/0206)	https://documents.gov.lk/view/extra-gazettes/egz_2025.html	si	https://documents.gov.lk/view/extra-gazettes/2025/8/2450-65_S.pdf	2450/65
lk_extraordinary_gazettes_2020s	2025-08-23-2025-08-23-2450-65-en	2025-08-23-2450-65-en	2025-08-23	Land Title Settlement Dept. - Homagama, Homagama D/S Division, Colombo District (25/0206)	https://documents.gov.lk/view/extra-gazettes/egz_2025.html	en	https://documents.gov.lk/view/extra-gazettes/2025/8/2450-65_E.pdf	2450/65
lk_extraordinary_gazettes_2020s	2025-08-23-2025-08-23-2450-64-si	2025-08-23-2450-64-si	2025-08-23	Land Title Settlement Dept. - Nithulagama, Nochchiyagama D/S Division, Anuradhapura District (25/0322)	https://documents.gov.lk/view/extra-gazettes/egz_2025.html	si	https://documents.gov.lk/view/extra-gazettes/2025/8/2450-64_S.pdf	2450/64
lk_extraordinary_gazettes_2020s	2025-08-23-2025-08-23-2450-64-en	2025-08-23-2450-64-en	2025-08-23	Land Title Settlement Dept. - Nithulagama, Nochchiyagama D/S Division, Anuradhapura District (25/0322)	https://documents.gov.lk/view/extra-gazettes/egz_2025.html	en	https://documents.gov.lk/view/extra-gazettes/2025/8/2450-64_E.pdf	2450/64
lk_extraordinary_gazettes_2020s	2025-08-23-2025-08-23-2450-63-si	2025-08-23-2450-63-si	2025-08-23	Land Title Settlement Dept. - Udayogama, Dehiovita D/S Division, Kegalle District (25/0360)	https://documents.gov.lk/view/extra-gazettes/egz_2025.html	si	https://documents.gov.lk/view/extra-gazettes/2025/8/2450-63_S.pdf	2450/63
lk_extraordinary_gazettes_2020s	2025-08-23-2025-08-23-2450-63-en	2025-08-23-2450-63-en	2025-08-23	Land Title Settlement Dept. - Udayogama, Dehiovita D/S Division, Kegalle District (25/0360)	https://documents.gov.lk/view/extra-gazettes/egz_2025.html	en	https://documents.gov.lk/view/extra-gazettes/2025/8/2450-63_E.pdf	2450/63
lk_extraordinary_gazettes_2020s	2025-08-23-2025-08-23-2450-62-si	2025-08-23-2450-62-si	2025-08-23	Land Title Settlement Dept. - Iyanner Kovilady, Nallur D/S Division, Jaffna District (25/0600)	https://documents.gov.lk/view/extra-gazettes/egz_2025.html	si	https://documents.gov.lk/view/extra-gazettes/2025/8/2450-62_S.pdf	2450/62
lk_extraordinary_gazettes_2020s	2025-08-23-2025-08-23-2450-62-en	2025-08-23-2450-62-en	2025-08-23	Land Title Settlement Dept. - Iyanner Kovilady, Nallur D/S Division, Jaffna District (25/0600)	https://documents.gov.lk/view/extra-gazettes/egz_2025.html	en	https://documents.gov.lk/view/extra-gazettes/2025/8/2450-62_E.pdf	2450/62
lk_extraordinary_gazettes_2020s	2025-08-23-2025-08-23-2450-60-ta	2025-08-23-2450-60-ta	2025-08-23	Land Title Settlement Dept. - Pilikuttuwa, Mahara D/S Division, Gampaha District (25/0288)	https://documents.gov.lk/view/extra-gazettes/egz_2025.html	ta	https://documents.gov.lk/view/extra-gazettes/2025/8/2450-60_T.pdf	2450/60
lk_extraordinary_gazettes_2020s	2025-08-23-2025-08-23-2450-60-si	2025-08-23-2450-60-si	2025-08-23	Land Title Settlement Dept. - Pilikuttuwa, Mahara D/S Division, Gampaha District (25/0288)	https://documents.gov.lk/view/extra-gazettes/egz_2025.html	si	https://documents.gov.lk/view/extra-gazettes/2025/8/2450-60_S.pdf	2450/60
lk_extraordinary_gazettes_2020s	2025-08-23-2025-08-23-2450-60-en	2025-08-23-2450-60-en	2025-08-23	Land Title Settlement Dept. - Pilikuttuwa, Mahara D/S Division, Gampaha District (25/0288)	https://documents.gov.lk/view/extra-gazettes/egz_2025.html	en	https://documents.gov.lk/view/extra-gazettes/2025/8/2450-60_E.pdf	2450/60
lk_extraordinary_gazettes_2020s	2025-08-23-2025-08-23-2450-59-ta	2025-08-23-2450-59-ta	2025-08-23	Land Title Settlement Dept. - Kandawala, Rathmalana D/S Division, Colombo District (25/0425)	https://documents.gov.lk/view/extra-gazettes/egz_2025.html	ta	https://documents.gov.lk/view/extra-gazettes/2025/8/2450-59_T.pdf	2450/59
lk_extraordinary_gazettes_2020s	2025-08-23-2025-08-23-2450-59-si	2025-08-23-2450-59-si	2025-08-23	Land Title Settlement Dept. - Kandawala, Rathmalana D/S Division, Colombo District (25/0425)	https://documents.gov.lk/view/extra-gazettes/egz_2025.html	si	https://documents.gov.lk/view/extra-gazettes/2025/8/2450-59_S.pdf	2450/59
lk_extraordinary_gazettes_2020s	2025-08-23-2025-08-23-2450-59-en	2025-08-23-2450-59-en	2025-08-23	Land Title Settlement Dept. - Kandawala, Rathmalana D/S Division, Colombo District (25/0425)	https://documents.gov.lk/view/extra-gazettes/egz_2025.html	en	https://documents.gov.lk/view/extra-gazettes/2025/8/2450-59_E.pdf	2450/59
lk_extraordinary_gazettes_2020s	2025-08-23-2025-08-23-2450-58-si	2025-08-23-2450-58-si	2025-08-23	Land Title Settlement Dept. -New Town Polonnaruwa, Thamankaduwa D/S Division, Polonnaruwa District (25/1200090)	https://documents.gov.lk/view/extra-gazettes/egz_2025.html	si	https://documents.gov.lk/view/extra-gazettes/2025/8/2450-58_S.pdf	2450/58
lk_extraordinary_gazettes_2020s	2025-08-23-2025-08-23-2450-58-en	2025-08-23-2450-58-en	2025-08-23	Land Title Settlement Dept. -New Town Polonnaruwa, Thamankaduwa D/S Division, Polonnaruwa District (25/1200090)	https://documents.gov.lk/view/extra-gazettes/egz_2025.html	en	https://documents.gov.lk/view/extra-gazettes/2025/8/2450-58_E.pdf	2450/58
lk_extraordinary_gazettes_2020s	2025-08-22-2025-08-22-2450-57-ta	2025-08-22-2450-57-ta	2025-08-22	Election Commission - Notice under Section 66A (1) (a) Filling of a Vacancy in the Office of Member of the Nagoda Pradeshiya Sabha.	https://documents.gov.lk/view/extra-gazettes/egz_2025.html	ta	https://documents.gov.lk/view/extra-gazettes/2025/8/2450-57_T.pdf	2450/57
lk_extraordinary_gazettes_2020s	2025-08-22-2025-08-22-2450-57-si	2025-08-22-2450-57-si	2025-08-22	Election Commission - Notice under Section 66A (1) (a) Filling of a Vacancy in the Office of Member of the Nagoda Pradeshiya Sabha.	https://documents.gov.lk/view/extra-gazettes/egz_2025.html	si	https://documents.gov.lk/view/extra-gazettes/2025/8/2450-57_S.pdf	2450/57
lk_extraordinary_gazettes_2020s	2025-08-22-2025-08-22-2450-57-en	2025-08-22-2450-57-en	2025-08-22	Election Commission - Notice under Section 66A (1) (a) Filling of a Vacancy in the Office of Member of the Nagoda Pradeshiya Sabha.	https://documents.gov.lk/view/extra-gazettes/egz_2025.html	en	https://documents.gov.lk/view/extra-gazettes/2025/8/2450-57_E.pdf	2450/57
lk_extraordinary_gazettes_2020s	2025-08-22-2025-08-22-2450-56-si	2025-08-22-2450-56-si	2025-08-22	"Hambantota 









Hambantota D/S Pilgrimages Ordinance Binara Maha Perahera Festival Orders of Galvila Purana Rajamaha Viharaya"	https://documents.gov.lk/view/extra-gazettes/egz_2025.html	si	https://documents.gov.lk/view/extra-gazettes/2025/8/2450-56_S.pdf	2450/56
lk_extraordinary_gazettes_2020s	2025-08-22-2025-08-22-2450-56-en	2025-08-22-2450-56-en	2025-08-22	"Hambantota 









Hambantota D/S Pilgrimages Ordinance Binara Maha Perahera Festival Orders of Galvila Purana Rajamaha Viharaya"	https://documents.gov.lk/view/extra-gazettes/egz_2025.html	en	https://documents.gov.lk/view/extra-gazettes/2025/8/2450-56_E.pdf	2450/56
lk_extraordinary_gazettes_2020s	2025-08-22-2025-08-22-2450-55-ta	2025-08-22-2450-55-ta	2025-08-22	Land Aquisition - Sumanathissagama, Badulla D/S Division, Badulla District Sec 07	https://documents.gov.lk/view/extra-gazettes/egz_2025.html	ta	https://documents.gov.lk/view/extra-gazettes/2025/8/2450-55_T.pdf	2450/55
lk_extraordinary_gazettes_2020s	2025-08-22-2025-08-22-2450-55-si	2025-08-22-2450-55-si	2025-08-22	Land Aquisition - Sumanathissagama, Badulla D/S Division, Badulla District Sec 07	https://documents.gov.lk/view/extra-gazettes/egz_2025.html	si	https://documents.gov.lk/view/extra-gazettes/2025/8/2450-55_S.pdf	2450/55
lk_extraordinary_gazettes_2020s	2025-08-22-2025-08-22-2450-55-en	2025-08-22-2450-55-en	2025-08-22	Land Aquisition - Sumanathissagama, Badulla D/S Division, Badulla District Sec 07	https://documents.gov.lk/view/extra-gazettes/egz_2025.html	en	https://documents.gov.lk/view/extra-gazettes/2025/8/2450-55_E.pdf	2450/55
lk_extraordinary_gazettes_2020s	2025-08-22-2025-08-22-2450-54-si	2025-08-22-2450-54-si	2025-08-22	Land Title Settlement Dept. - Dehemigama, Hingurakgoda D/S Division, Polonnaruwa District (25/1200093)	https://documents.gov.lk/view/extra-gazettes/egz_2025.html	si	https://documents.gov.lk/view/extra-gazettes/2025/8/2450-54_S.pdf	2450/54
lk_extraordinary_gazettes_2020s	2025-08-22-2025-08-22-2450-54-en	2025-08-22-2450-54-en	2025-08-22	Land Title Settlement Dept. - Dehemigama, Hingurakgoda D/S Division, Polonnaruwa District (25/1200093)	https://documents.gov.lk/view/extra-gazettes/egz_2025.html	en	https://documents.gov.lk/view/extra-gazettes/2025/8/2450-54_E.pdf	2450/54
lk_extraordinary_gazettes_2020s	2025-08-22-2025-08-22-2450-53-si	2025-08-22-2450-53-si	2025-08-22	Land Title Settlement Dept. - Horuvila, Nochchiyagama D/S Division, Anuradhapura District (25/1200087)	https://documents.gov.lk/view/extra-gazettes/egz_2025.html	si	https://documents.gov.lk/view/extra-gazettes/2025/8/2450-53_S.pdf	2450/53
lk_extraordinary_gazettes_2020s	2025-08-22-2025-08-22-2450-53-en	2025-08-22-2450-53-en	2025-08-22	Land Title Settlement Dept. - Horuvila, Nochchiyagama D/S Division, Anuradhapura District (25/1200087)	https://documents.gov.lk/view/extra-gazettes/egz_2025.html	en	https://documents.gov.lk/view/extra-gazettes/2025/8/2450-53_E.pdf	2450/53
lk_extraordinary_gazettes_2020s	2025-08-22-2025-08-22-2450-52-si	2025-08-22-2450-52-si	2025-08-22	Land Title Settlement Dept. - Puthumurippu, Karachchi D/S Division, Kilinochchi District (25/1200092)	https://documents.gov.lk/view/extra-gazettes/egz_2025.html	si	https://documents.gov.lk/view/extra-gazettes/2025/8/2450-52_S.pdf	2450/52
lk_extraordinary_gazettes_2020s	2025-08-22-2025-08-22-2450-52-en	2025-08-22-2450-52-en	2025-08-22	Land Title Settlement Dept. - Puthumurippu, Karachchi D/S Division, Kilinochchi District (25/1200092)	https://documents.gov.lk/view/extra-gazettes/egz_2025.html	en	https://documents.gov.lk/view/extra-gazettes/2025/8/2450-52_E.pdf	2450/52
lk_extraordinary_gazettes_2020s	2025-08-22-2025-08-22-2450-51-ta	2025-08-22-2450-51-ta	2025-08-22	Land Title Settlement Dept. - Kirioya, Elahera D/S Division, Polonnaruwa District (25/1200086)	https://documents.gov.lk/view/extra-gazettes/egz_2025.html	ta	https://documents.gov.lk/view/extra-gazettes/2025/8/2450-51_T.pdf	2450/51
lk_extraordinary_gazettes_2020s	2025-08-22-2025-08-22-2450-51-si	2025-08-22-2450-51-si	2025-08-22	Land Title Settlement Dept. - Kirioya, Elahera D/S Division, Polonnaruwa District (25/1200086)	https://documents.gov.lk/view/extra-gazettes/egz_2025.html	si	https://documents.gov.lk/view/extra-gazettes/2025/8/2450-51_S.pdf	2450/51
lk_extraordinary_gazettes_2020s	2025-08-22-2025-08-22-2450-51-en	2025-08-22-2450-51-en	2025-08-22	Land Title Settlement Dept. - Kirioya, Elahera D/S Division, Polonnaruwa District (25/1200086)	https://documents.gov.lk/view/extra-gazettes/egz_2025.html	en	https://documents.gov.lk/view/extra-gazettes/2025/8/2450-51_E.pdf	2450/51
lk_extraordinary_gazettes_2020s	2025-08-22-2025-08-22-2450-49-si	2025-08-22-2450-49-si	2025-08-22	Land Title Settlement Dept. - Walantheluwewa, Nochchiyagama D/S Division, Anuradhapura District (25/1200088)	https://documents.gov.lk/view/extra-gazettes/egz_2025.html	si	https://documents.gov.lk/view/extra-gazettes/2025/8/2450-49_S.pdf	2450/49
lk_extraordinary_gazettes_2020s	2025-08-22-2025-08-22-2450-49-en	2025-08-22-2450-49-en	2025-08-22	Land Title Settlement Dept. - Walantheluwewa, Nochchiyagama D/S Division, Anuradhapura District (25/1200088)	https://documents.gov.lk/view/extra-gazettes/egz_2025.html	en	https://documents.gov.lk/view/extra-gazettes/2025/8/2450-49_E.pdf	2450/49
lk_extraordinary_gazettes_2020s	2025-08-22-2025-08-22-2450-48-ta	2025-08-22-2450-48-ta	2025-08-22	Land Title Settlement Dept. -Paranthan, Kandavalai D/S Division, Kilinochchi District (25/1200085)	https://documents.gov.lk/view/extra-gazettes/egz_2025.html	ta	https://documents.gov.lk/view/extra-gazettes/2025/8/2450-48_T.pdf	2450/48
lk_extraordinary_gazettes_2020s	2025-08-22-2025-08-22-2450-48-si	2025-08-22-2450-48-si	2025-08-22	Land Title Settlement Dept. -Paranthan, Kandavalai D/S Division, Kilinochchi District (25/1200085)	https://documents.gov.lk/view/extra-gazettes/egz_2025.html	si	https://documents.gov.lk/view/extra-gazettes/2025/8/2450-48_S.pdf	2450/48
lk_extraordinary_gazettes_2020s	2025-08-22-2025-08-22-2450-48-en	2025-08-22-2450-48-en	2025-08-22	Land Title Settlement Dept. -Paranthan, Kandavalai D/S Division, Kilinochchi District (25/1200085)	https://documents.gov.lk/view/extra-gazettes/egz_2025.html	en	https://documents.gov.lk/view/extra-gazettes/2025/8/2450-48_E.pdf	2450/48
lk_extraordinary_gazettes_2020s	2025-08-22-2025-08-22-2450-47-si	2025-08-22-2450-47-si	2025-08-22	Land Title Settlement Dept. - Kandakuliya Kudawa, Kalpitiya D/S Division, Puttalam District (25/12/00091)	https://documents.gov.lk/view/extra-gazettes/egz_2025.html	si	https://documents.gov.lk/view/extra-gazettes/2025/8/2450-47_S.pdf	2450/47
lk_extraordinary_gazettes_2020s	2025-08-22-2025-08-22-2450-47-en	2025-08-22-2450-47-en	2025-08-22	Land Title Settlement Dept. - Kandakuliya Kudawa, Kalpitiya D/S Division, Puttalam District (25/12/00091)	https://documents.gov.lk/view/extra-gazettes/egz_2025.html	en	https://documents.gov.lk/view/extra-gazettes/2025/8/2450-47_E.pdf	2450/47
lk_extraordinary_gazettes_2020s	2025-08-22-2025-08-22-2450-46-ta	2025-08-22-2450-46-ta	2025-08-22	Land Title Settlement Dept. - Homagama, Homagama D/S Division, Colombo District	https://documents.gov.lk/view/extra-gazettes/egz_2025.html	ta	https://documents.gov.lk/view/extra-gazettes/2025/8/2450-46_T.pdf	2450/46
lk_extraordinary_gazettes_2020s	2025-08-22-2025-08-22-2450-46-si	2025-08-22-2450-46-si	2025-08-22	Land Title Settlement Dept. - Homagama, Homagama D/S Division, Colombo District	https://documents.gov.lk/view/extra-gazettes/egz_2025.html	si	https://documents.gov.lk/view/extra-gazettes/2025/8/2450-46_S.pdf	2450/46
lk_extraordinary_gazettes_2020s	2025-08-22-2025-08-22-2450-46-en	2025-08-22-2450-46-en	2025-08-22	Land Title Settlement Dept. - Homagama, Homagama D/S Division, Colombo District	https://documents.gov.lk/view/extra-gazettes/egz_2025.html	en	https://documents.gov.lk/view/extra-gazettes/2025/8/2450-46_E.pdf	2450/46
lk_extraordinary_gazettes_2020s	2025-08-22-2025-08-22-2450-45-si	2025-08-22-2450-45-si	2025-08-22	M/of Public Administration- Pilgrimages Ordinance Annual Panadure Vesak Maha Perahera Ceremany of Sri Lanka Abinawarama Maha Viharasthanya	https://documents.gov.lk/view/extra-gazettes/egz_2025.html	si	https://documents.gov.lk/view/extra-gazettes/2025/8/2450-45_S.pdf	2450/45
lk_extraordinary_gazettes_2020s	2025-08-22-2025-08-22-2450-45-en	2025-08-22-2450-45-en	2025-08-22	M/of Public Administration- Pilgrimages Ordinance Annual Panadure Vesak Maha Perahera Ceremany of Sri Lanka Abinawarama Maha Viharasthanya	https://documents.gov.lk/view/extra-gazettes/egz_2025.html	en	https://documents.gov.lk/view/extra-gazettes/2025/8/2450-45_E.pdf	2450/45
lk_extraordinary_gazettes_2020s	2025-08-22-2025-08-22-2450-44-ta	2025-08-22-2450-44-ta	2025-08-22	Land Aquisition - Yongamulla, Mahara D/S Division, Gampaha District	https://documents.gov.lk/view/extra-gazettes/egz_2025.html	ta	https://documents.gov.lk/view/extra-gazettes/2025/8/2450-44_T.pdf	2450/44
lk_extraordinary_gazettes_2020s	2025-08-22-2025-08-22-2450-44-si	2025-08-22-2450-44-si	2025-08-22	Land Aquisition - Yongamulla, Mahara D/S Division, Gampaha District	https://documents.gov.lk/view/extra-gazettes/egz_2025.html	si	https://documents.gov.lk/view/extra-gazettes/2025/8/2450-44_S.pdf	2450/44
lk_extraordinary_gazettes_2020s	2025-08-22-2025-08-22-2450-44-en	2025-08-22-2450-44-en	2025-08-22	Land Aquisition - Yongamulla, Mahara D/S Division, Gampaha District	https://documents.gov.lk/view/extra-gazettes/egz_2025.html	en	https://documents.gov.lk/view/extra-gazettes/2025/8/2450-44_E.pdf	2450/44
lk_extraordinary_gazettes_2020s	2025-08-22-2025-08-22-2450-43-ta	2025-08-22-2450-43-ta	2025-08-22	Dept. of Census and Statistics- National Consumer Price Index- July 2025	https://documents.gov.lk/view/extra-gazettes/egz_2025.html	ta	https://documents.gov.lk/view/extra-gazettes/2025/8/2450-43_T.pdf	2450/43
lk_extraordinary_gazettes_2020s	2025-08-22-2025-08-22-2450-43-si	2025-08-22-2450-43-si	2025-08-22	Dept. of Census and Statistics- National Consumer Price Index- July 2025	https://documents.gov.lk/view/extra-gazettes/egz_2025.html	si	https://documents.gov.lk/view/extra-gazettes/2025/8/2450-43_S.pdf	2450/43
lk_extraordinary_gazettes_2020s	2025-08-22-2025-08-22-2450-43-en	2025-08-22-2450-43-en	2025-08-22	Dept. of Census and Statistics- National Consumer Price Index- July 2025	https://documents.gov.lk/view/extra-gazettes/egz_2025.html	en	https://documents.gov.lk/view/extra-gazettes/2025/8/2450-43_E.pdf	2450/43
lk_extraordinary_gazettes_2020s	2025-08-21-2025-08-21-2450-42-ta	2025-08-21-2450-42-ta	2025-08-21	M/ of Youth Affairs and Sports- Sports Act, No. 25 of 1973 Amended Extra Ordinary Gazette Notification	https://documents.gov.lk/view/extra-gazettes/egz_2025.html	ta	https://documents.gov.lk/view/extra-gazettes/2025/8/2450-42_T.pdf	2450/42
lk_extraordinary_gazettes_2020s	2025-08-21-2025-08-21-2450-42-si	2025-08-21-2450-42-si	2025-08-21	M/ of Youth Affairs and Sports- Sports Act, No. 25 of 1973 Amended Extra Ordinary Gazette Notification	https://documents.gov.lk/view/extra-gazettes/egz_2025.html	si	https://documents.gov.lk/view/extra-gazettes/2025/8/2450-42_S.pdf	2450/42
lk_extraordinary_gazettes_2020s	2025-08-21-2025-08-21-2450-42-en	2025-08-21-2450-42-en	2025-08-21	M/ of Youth Affairs and Sports- Sports Act, No. 25 of 1973 Amended Extra Ordinary Gazette Notification	https://documents.gov.lk/view/extra-gazettes/egz_2025.html	en	https://documents.gov.lk/view/extra-gazettes/2025/8/2450-42_E.pdf	2450/42
lk_extraordinary_gazettes_2020s	2025-08-21-2025-08-21-2450-41-ta	2025-08-21-2450-41-ta	2025-08-21	M/ of Education, Higher Education and Vocational Education- Universities Act, No. 16 of 1978 Sri Lanka Technology Campus (PVT) Limited	https://documents.gov.lk/view/extra-gazettes/egz_2025.html	ta	https://documents.gov.lk/view/extra-gazettes/2025/8/2450-41_T.pdf	2450/41
lk_extraordinary_gazettes_2020s	2025-08-21-2025-08-21-2450-41-si	2025-08-21-2450-41-si	2025-08-21	M/ of Education, Higher Education and Vocational Education- Universities Act, No. 16 of 1978 Sri Lanka Technology Campus (PVT) Limited	https://documents.gov.lk/view/extra-gazettes/egz_2025.html	si	https://documents.gov.lk/view/extra-gazettes/2025/8/2450-41_S.pdf	2450/41
lk_extraordinary_gazettes_2020s	2025-08-21-2025-08-21-2450-41-en	2025-08-21-2450-41-en	2025-08-21	M/ of Education, Higher Education and Vocational Education- Universities Act, No. 16 of 1978 Sri Lanka Technology Campus (PVT) Limited	https://documents.gov.lk/view/extra-gazettes/egz_2025.html	en	https://documents.gov.lk/view/extra-gazettes/2025/8/2450-41_E.pdf	2450/41
lk_extraordinary_gazettes_2020s	2025-08-21-2025-08-21-2450-40-ta	2025-08-21-2450-40-ta	2025-08-21	M/ of Education, Higher Education and Vocational Education- Universities Act, No. 16 of 1978 Degree Awarding Institute Order (SLIIT)	https://documents.gov.lk/view/extra-gazettes/egz_2025.html	ta	https://documents.gov.lk/view/extra-gazettes/2025/8/2450-40_T.pdf	2450/40
lk_extraordinary_gazettes_2020s	2025-08-21-2025-08-21-2450-40-si	2025-08-21-2450-40-si	2025-08-21	M/ of Education, Higher Education and Vocational Education- Universities Act, No. 16 of 1978 Degree Awarding Institute Order (SLIIT)	https://documents.gov.lk/view/extra-gazettes/egz_2025.html	si	https://documents.gov.lk/view/extra-gazettes/2025/8/2450-40_S.pdf	2450/40
lk_extraordinary_gazettes_2020s	2025-08-21-2025-08-21-2450-40-en	2025-08-21-2450-40-en	2025-08-21	M/ of Education, Higher Education and Vocational Education- Universities Act, No. 16 of 1978 Degree Awarding Institute Order (SLIIT)	https://documents.gov.lk/view/extra-gazettes/egz_2025.html	en	https://documents.gov.lk/view/extra-gazettes/2025/8/2450-40_E.pdf	2450/40
lk_extraordinary_gazettes_2020s	2025-08-21-2025-08-21-2450-39-ta	2025-08-21-2450-39-ta	2025-08-21	Ministry of Defence - Amendment to the Consolidated List under Regulation 4 (2) (B) United Nations Regulations No. 2 of 2012	https://documents.gov.lk/view/extra-gazettes/egz_2025.html	ta	https://documents.gov.lk/view/extra-gazettes/2025/8/2450-39_T.pdf	2450/39
lk_extraordinary_gazettes_2020s	2025-08-21-2025-08-21-2450-39-si	2025-08-21-2450-39-si	2025-08-21	Ministry of Defence - Amendment to the Consolidated List under Regulation 4 (2) (B) United Nations Regulations No. 2 of 2012	https://documents.gov.lk/view/extra-gazettes/egz_2025.html	si	https://documents.gov.lk/view/extra-gazettes/2025/8/2450-39_S.pdf	2450/39
lk_extraordinary_gazettes_2020s	2025-08-21-2025-08-21-2450-39-en	2025-08-21-2450-39-en	2025-08-21	Ministry of Defence - Amendment to the Consolidated List under Regulation 4 (2) (B) United Nations Regulations No. 2 of 2012	https://documents.gov.lk/view/extra-gazettes/egz_2025.html	en	https://documents.gov.lk/view/extra-gazettes/2025/8/2450-39_E.pdf	2450/39
lk_extraordinary_gazettes_2020s	2025-08-20-2025-08-20-2450-38-si	2025-08-20-2450-38-si	2025-08-20	Land Title Settlement Dept. - Sisilasagama and Chithragala, Hambantota D/S Division, Hambantota District (25/0350)	https://documents.gov.lk/view/extra-gazettes/egz_2025.html	si	https://documents.gov.lk/view/extra-gazettes/2025/8/2450-38_S.pdf	2450/38
lk_extraordinary_gazettes_2020s	2025-08-20-2025-08-20-2450-38-en	2025-08-20-2450-38-en	2025-08-20	Land Title Settlement Dept. - Sisilasagama and Chithragala, Hambantota D/S Division, Hambantota District (25/0350)	https://documents.gov.lk/view/extra-gazettes/egz_2025.html	en	https://documents.gov.lk/view/extra-gazettes/2025/8/2450-38_E.pdf	2450/38
lk_extraordinary_gazettes_2020s	2025-08-20-2025-08-20-2450-36-si	2025-08-20-2450-36-si	2025-08-20	Land Title Settlement Dept. - Oththapahuwa, Galnewa D/S Division, Anuradhapura District (25/0263)	https://documents.gov.lk/view/extra-gazettes/egz_2025.html	si	https://documents.gov.lk/view/extra-gazettes/2025/8/2450-36_S.pdf	2450/36
lk_extraordinary_gazettes_2020s	2025-08-20-2025-08-20-2450-36-en	2025-08-20-2450-36-en	2025-08-20	Land Title Settlement Dept. - Oththapahuwa, Galnewa D/S Division, Anuradhapura District (25/0263)	https://documents.gov.lk/view/extra-gazettes/egz_2025.html	en	https://documents.gov.lk/view/extra-gazettes/2025/8/2450-36_E.pdf	2450/36
lk_extraordinary_gazettes_2020s	2025-08-20-2025-08-20-2450-35-si	2025-08-20-2450-35-si	2025-08-20	Land Title Settlement Dept. - Kalupedigama, Balangoda D/S Division, Ratnapura District (25/0304)	https://documents.gov.lk/view/extra-gazettes/egz_2025.html	si	https://documents.gov.lk/view/extra-gazettes/2025/8/2450-35_S.pdf	2450/35
lk_extraordinary_gazettes_2020s	2025-08-20-2025-08-20-2450-35-en	2025-08-20-2450-35-en	2025-08-20	Land Title Settlement Dept. - Kalupedigama, Balangoda D/S Division, Ratnapura District (25/0304)	https://documents.gov.lk/view/extra-gazettes/egz_2025.html	en	https://documents.gov.lk/view/extra-gazettes/2025/8/2450-35_E.pdf	2450/35
lk_extraordinary_gazettes_2020s	2025-08-20-2025-08-20-2450-34-ta	2025-08-20-2450-34-ta	2025-08-20	Land Title Settlement Dept. - Batugammana, Monaragala D/S Division, Monaragala District (25/0272)	https://documents.gov.lk/view/extra-gazettes/egz_2025.html	ta	https://documents.gov.lk/view/extra-gazettes/2025/8/2450-34_T.pdf	2450/34
lk_extraordinary_gazettes_2020s	2025-08-20-2025-08-20-2450-34-si	2025-08-20-2450-34-si	2025-08-20	Land Title Settlement Dept. - Batugammana, Monaragala D/S Division, Monaragala District (25/0272)	https://documents.gov.lk/view/extra-gazettes/egz_2025.html	si	https://documents.gov.lk/view/extra-gazettes/2025/8/2450-34_S.pdf	2450/34
lk_extraordinary_gazettes_2020s	2025-08-20-2025-08-20-2450-34-en	2025-08-20-2450-34-en	2025-08-20	Land Title Settlement Dept. - Batugammana, Monaragala D/S Division, Monaragala District (25/0272)	https://documents.gov.lk/view/extra-gazettes/egz_2025.html	en	https://documents.gov.lk/view/extra-gazettes/2025/8/2450-34_E.pdf	2450/34
lk_extraordinary_gazettes_2020s	2025-08-20-2025-08-20-2450-33-ta	2025-08-20-2450-33-ta	2025-08-20	Land Title Settlement Dept. -Karuwalagahaagara, Kotavehera D/S Division, Kurunegala District (25/0256)	https://documents.gov.lk/view/extra-gazettes/egz_2025.html	ta	https://documents.gov.lk/view/extra-gazettes/2025/8/2450-33_T.pdf	2450/33
lk_extraordinary_gazettes_2020s	2025-08-20-2025-08-20-2450-33-si	2025-08-20-2450-33-si	2025-08-20	Land Title Settlement Dept. -Karuwalagahaagara, Kotavehera D/S Division, Kurunegala District (25/0256)	https://documents.gov.lk/view/extra-gazettes/egz_2025.html	si	https://documents.gov.lk/view/extra-gazettes/2025/8/2450-33_S.pdf	2450/33
lk_extraordinary_gazettes_2020s	2025-08-20-2025-08-20-2450-33-en	2025-08-20-2450-33-en	2025-08-20	Land Title Settlement Dept. -Karuwalagahaagara, Kotavehera D/S Division, Kurunegala District (25/0256)	https://documents.gov.lk/view/extra-gazettes/egz_2025.html	en	https://documents.gov.lk/view/extra-gazettes/2025/8/2450-33_E.pdf	2450/33
lk_extraordinary_gazettes_2020s	2025-08-20-2025-08-20-2450-32-ta	2025-08-20-2450-32-ta	2025-08-20	Land Title Settlement Dept. - Galayaya, Agara, Pannala D/S Division, Kurunegala District (25/0231)	https://documents.gov.lk/view/extra-gazettes/egz_2025.html	ta	https://documents.gov.lk/view/extra-gazettes/2025/8/2450-32_T.pdf	2450/32
lk_extraordinary_gazettes_2020s	2025-08-20-2025-08-20-2450-32-si	2025-08-20-2450-32-si	2025-08-20	Land Title Settlement Dept. - Galayaya, Agara, Pannala D/S Division, Kurunegala District (25/0231)	https://documents.gov.lk/view/extra-gazettes/egz_2025.html	si	https://documents.gov.lk/view/extra-gazettes/2025/8/2450-32_S.pdf	2450/32
lk_extraordinary_gazettes_2020s	2025-08-20-2025-08-20-2450-32-en	2025-08-20-2450-32-en	2025-08-20	Land Title Settlement Dept. - Galayaya, Agara, Pannala D/S Division, Kurunegala District (25/0231)	https://documents.gov.lk/view/extra-gazettes/egz_2025.html	en	https://documents.gov.lk/view/extra-gazettes/2025/8/2450-32_E.pdf	2450/32
lk_extraordinary_gazettes_2020s	2025-08-20-2025-08-20-2450-31-si	2025-08-20-2450-31-si	2025-08-20	Land Title Settlement Dept. - Katubadda, Moratuwa D/S Division, Colombo District (7845)	https://documents.gov.lk/view/extra-gazettes/egz_2025.html	si	https://documents.gov.lk/view/extra-gazettes/2025/8/2450-31_S.pdf	2450/31
lk_extraordinary_gazettes_2020s	2025-08-20-2025-08-20-2450-31-en	2025-08-20-2450-31-en	2025-08-20	Land Title Settlement Dept. - Katubadda, Moratuwa D/S Division, Colombo District (7845)	https://documents.gov.lk/view/extra-gazettes/egz_2025.html	en	https://documents.gov.lk/view/extra-gazettes/2025/8/2450-31_E.pdf	2450/31
lk_extraordinary_gazettes_2020s	2025-08-20-2025-08-20-2450-28-ta	2025-08-20-2450-28-ta	2025-08-20	Presidential- Appointed of the Inspector General of Police	https://documents.gov.lk/view/extra-gazettes/egz_2025.html	ta	https://documents.gov.lk/view/extra-gazettes/2025/8/2450-28_T.pdf	2450/28
lk_extraordinary_gazettes_2020s	2025-08-20-2025-08-20-2450-28-si	2025-08-20-2450-28-si	2025-08-20	Presidential- Appointed of the Inspector General of Police	https://documents.gov.lk/view/extra-gazettes/egz_2025.html	si	https://documents.gov.lk/view/extra-gazettes/2025/8/2450-28_S.pdf	2450/28
lk_extraordinary_gazettes_2020s	2025-08-20-2025-08-20-2450-28-en	2025-08-20-2450-28-en	2025-08-20	Presidential- Appointed of the Inspector General of Police	https://documents.gov.lk/view/extra-gazettes/egz_2025.html	en	https://documents.gov.lk/view/extra-gazettes/2025/8/2450-28_E.pdf	2450/28
lk_extraordinary_gazettes_2020s	2025-08-20-2025-08-20-2450-27-ta	2025-08-20-2450-27-ta	2025-08-20	Presidential Secretariat- Establishment of a Presidential Task Force for the Implementation of the Sri Lanka Tourism Development Programme	https://documents.gov.lk/view/extra-gazettes/egz_2025.html	ta	https://documents.gov.lk/view/extra-gazettes/2025/8/2450-27_T.pdf	2450/27
lk_extraordinary_gazettes_2020s	2025-08-20-2025-08-20-2450-27-si	2025-08-20-2450-27-si	2025-08-20	Presidential Secretariat- Establishment of a Presidential Task Force for the Implementation of the Sri Lanka Tourism Development Programme	https://documents.gov.lk/view/extra-gazettes/egz_2025.html	si	https://documents.gov.lk/view/extra-gazettes/2025/8/2450-27_S.pdf	2450/27
lk_extraordinary_gazettes_2020s	2025-08-20-2025-08-20-2450-27-en	2025-08-20-2450-27-en	2025-08-20	Presidential Secretariat- Establishment of a Presidential Task Force for the Implementation of the Sri Lanka Tourism Development Programme	https://documents.gov.lk/view/extra-gazettes/egz_2025.html	en	https://documents.gov.lk/view/extra-gazettes/2025/8/2450-27_E.pdf	2450/27
lk_extraordinary_gazettes_2020s	2025-08-19-2025-08-19-2450-26-ta	2025-08-19-2450-26-ta	2025-08-19	Land Title Settlement Dept. - Batugammana, Monaragala D/S Division, Monaragala District (25/0143)	https://documents.gov.lk/view/extra-gazettes/egz_2025.html	ta	https://documents.gov.lk/view/extra-gazettes/2025/8/2450-26_T.pdf	2450/26
lk_extraordinary_gazettes_2020s	2025-08-19-2025-08-19-2450-26-si	2025-08-19-2450-26-si	2025-08-19	Land Title Settlement Dept. - Batugammana, Monaragala D/S Division, Monaragala District (25/0143)	https://documents.gov.lk/view/extra-gazettes/egz_2025.html	si	https://documents.gov.lk/view/extra-gazettes/2025/8/2450-26_S.pdf	2450/26
lk_extraordinary_gazettes_2020s	2025-08-19-2025-08-19-2450-26-en	2025-08-19-2450-26-en	2025-08-19	Land Title Settlement Dept. - Batugammana, Monaragala D/S Division, Monaragala District (25/0143)	https://documents.gov.lk/view/extra-gazettes/egz_2025.html	en	https://documents.gov.lk/view/extra-gazettes/2025/8/2450-26_E.pdf	2450/26
lk_extraordinary_gazettes_2020s	2025-08-19-2025-08-19-2450-25-ta	2025-08-19-2450-25-ta	2025-08-19	Land Title Settlement Dept. - Nallapambukulam, Mininthale D/S Division, Anuradhapura District (24-14-4-00068)	https://documents.gov.lk/view/extra-gazettes/egz_2025.html	ta	https://documents.gov.lk/view/extra-gazettes/2025/8/2450-25_T.pdf	2450/25
lk_extraordinary_gazettes_2020s	2025-08-19-2025-08-19-2450-24-ta	2025-08-19-2450-24-ta	2025-08-19	Land Title Settlement Dept. - Mailawalana, Dompe D/S Division, Gampaha District (25/0265)	https://documents.gov.lk/view/extra-gazettes/egz_2025.html	ta	https://documents.gov.lk/view/extra-gazettes/2025/8/2450-24_T.pdf	2450/24
lk_extraordinary_gazettes_2020s	2025-08-19-2025-08-19-2450-24-si	2025-08-19-2450-24-si	2025-08-19	Land Title Settlement Dept. - Mailawalana, Dompe D/S Division, Gampaha District (25/0265)	https://documents.gov.lk/view/extra-gazettes/egz_2025.html	si	https://documents.gov.lk/view/extra-gazettes/2025/8/2450-24_S.pdf	2450/24
lk_extraordinary_gazettes_2020s	2025-08-19-2025-08-19-2450-24-en	2025-08-19-2450-24-en	2025-08-19	Land Title Settlement Dept. - Mailawalana, Dompe D/S Division, Gampaha District (25/0265)	https://documents.gov.lk/view/extra-gazettes/egz_2025.html	en	https://documents.gov.lk/view/extra-gazettes/2025/8/2450-24_E.pdf	2450/24
lk_extraordinary_gazettes_2020s	2025-08-19-2025-08-19-2450-23-ta	2025-08-19-2450-23-ta	2025-08-19	Land Title Settlement Dept. - Pahala Makandura, Pannala D/S Division, Kurunegala District (25/1199)	https://documents.gov.lk/view/extra-gazettes/egz_2025.html	ta	https://documents.gov.lk/view/extra-gazettes/2025/8/2450-23_T.pdf	2450/23
lk_extraordinary_gazettes_2020s	2025-08-19-2025-08-19-2450-23-si	2025-08-19-2450-23-si	2025-08-19	Land Title Settlement Dept. - Pahala Makandura, Pannala D/S Division, Kurunegala District (25/1199)	https://documents.gov.lk/view/extra-gazettes/egz_2025.html	si	https://documents.gov.lk/view/extra-gazettes/2025/8/2450-23_S.pdf	2450/23
lk_extraordinary_gazettes_2020s	2025-08-19-2025-08-19-2450-23-en	2025-08-19-2450-23-en	2025-08-19	Land Title Settlement Dept. - Pahala Makandura, Pannala D/S Division, Kurunegala District (25/1199)	https://documents.gov.lk/view/extra-gazettes/egz_2025.html	en	https://documents.gov.lk/view/extra-gazettes/2025/8/2450-23_E.pdf	2450/23
lk_extraordinary_gazettes_2020s	2025-08-19-2025-08-19-2450-21-ta	2025-08-19-2450-21-ta	2025-08-19	Land Title Settlement Dept. - Oththapahuwa, Galnewa D/S Division, Anuradhapura District (25/0314)	https://documents.gov.lk/view/extra-gazettes/egz_2025.html	ta	https://documents.gov.lk/view/extra-gazettes/2025/8/2450-21_T.pdf	2450/21
lk_extraordinary_gazettes_2020s	2025-08-19-2025-08-19-2450-21-si	2025-08-19-2450-21-si	2025-08-19	Land Title Settlement Dept. - Oththapahuwa, Galnewa D/S Division, Anuradhapura District (25/0314)	https://documents.gov.lk/view/extra-gazettes/egz_2025.html	si	https://documents.gov.lk/view/extra-gazettes/2025/8/2450-21_S.pdf	2450/21
lk_extraordinary_gazettes_2020s	2025-08-19-2025-08-19-2450-21-en	2025-08-19-2450-21-en	2025-08-19	Land Title Settlement Dept. - Oththapahuwa, Galnewa D/S Division, Anuradhapura District (25/0314)	https://documents.gov.lk/view/extra-gazettes/egz_2025.html	en	https://documents.gov.lk/view/extra-gazettes/2025/8/2450-21_E.pdf	2450/21
lk_extraordinary_gazettes_2020s	2025-08-19-2025-08-19-2450-20-ta	2025-08-19-2450-20-ta	2025-08-19	Land Title Settlement Dept. - Maligathanna, Kandy Four Gravets D/S Division, Kandy District (25/0290)	https://documents.gov.lk/view/extra-gazettes/egz_2025.html	ta	https://documents.gov.lk/view/extra-gazettes/2025/8/2450-20_T.pdf	2450/20
lk_extraordinary_gazettes_2020s	2025-08-19-2025-08-19-2450-20-si	2025-08-19-2450-20-si	2025-08-19	Land Title Settlement Dept. - Maligathanna, Kandy Four Gravets D/S Division, Kandy District (25/0290)	https://documents.gov.lk/view/extra-gazettes/egz_2025.html	si	https://documents.gov.lk/view/extra-gazettes/2025/8/2450-20_S.pdf	2450/20
lk_extraordinary_gazettes_2020s	2025-08-19-2025-08-19-2450-20-en	2025-08-19-2450-20-en	2025-08-19	Land Title Settlement Dept. - Maligathanna, Kandy Four Gravets D/S Division, Kandy District (25/0290)	https://documents.gov.lk/view/extra-gazettes/egz_2025.html	en	https://documents.gov.lk/view/extra-gazettes/2025/8/2450-20_E.pdf	2450/20
lk_extraordinary_gazettes_2020s	2025-08-19-2025-08-19-2450-19-ta	2025-08-19-2450-19-ta	2025-08-19	Land Title Settlement Dept. - Vilegoda, Kalutara D/S Division, Kalutara District (24-14-4-200018)	https://documents.gov.lk/view/extra-gazettes/egz_2025.html	ta	https://documents.gov.lk/view/extra-gazettes/2025/8/2450-19_T.pdf	2450/19
lk_extraordinary_gazettes_2020s	2025-08-19-2025-08-19-2450-19-si	2025-08-19-2450-19-si	2025-08-19	Land Title Settlement Dept. - Vilegoda, Kalutara D/S Division, Kalutara District (24-14-4-200018)	https://documents.gov.lk/view/extra-gazettes/egz_2025.html	si	https://documents.gov.lk/view/extra-gazettes/2025/8/2450-19_S.pdf	2450/19
lk_extraordinary_gazettes_2020s	2025-08-19-2025-08-19-2450-19-en	2025-08-19-2450-19-en	2025-08-19	Land Title Settlement Dept. - Vilegoda, Kalutara D/S Division, Kalutara District (24-14-4-200018)	https://documents.gov.lk/view/extra-gazettes/egz_2025.html	en	https://documents.gov.lk/view/extra-gazettes/2025/8/2450-19_E.pdf	2450/19
lk_extraordinary_gazettes_2020s	2025-08-19-2025-08-19-2450-18-ta	2025-08-19-2450-18-ta	2025-08-19	Land Title Settlement Dept. - Wanniyankulama, Nuwaragampalatha D/S Division, Anuradhapura District (24-14-4-200026)	https://documents.gov.lk/view/extra-gazettes/egz_2025.html	ta	https://documents.gov.lk/view/extra-gazettes/2025/8/2450-18_T.pdf	2450/18
lk_extraordinary_gazettes_2020s	2025-08-19-2025-08-19-2450-18-si	2025-08-19-2450-18-si	2025-08-19	Land Title Settlement Dept. - Wanniyankulama, Nuwaragampalatha D/S Division, Anuradhapura District (24-14-4-200026)	https://documents.gov.lk/view/extra-gazettes/egz_2025.html	si	https://documents.gov.lk/view/extra-gazettes/2025/8/2450-18_S.pdf	2450/18
lk_extraordinary_gazettes_2020s	2025-08-19-2025-08-19-2450-18-en	2025-08-19-2450-18-en	2025-08-19	Land Title Settlement Dept. - Wanniyankulama, Nuwaragampalatha D/S Division, Anuradhapura District (24-14-4-200026)	https://documents.gov.lk/view/extra-gazettes/egz_2025.html	en	https://documents.gov.lk/view/extra-gazettes/2025/8/2450-18_E.pdf	2450/18
lk_extraordinary_gazettes_2020s	2025-08-19-2025-08-19-2450-17-ta	2025-08-19-2450-17-ta	2025-08-19	Land Title Settlement Dept. -Kadihagama, Rideegama D/S Division, Kurunegala District (25/0276)	https://documents.gov.lk/view/extra-gazettes/egz_2025.html	ta	https://documents.gov.lk/view/extra-gazettes/2025/8/2450-17_T.pdf	2450/17
lk_extraordinary_gazettes_2020s	2025-08-19-2025-08-19-2450-17-si	2025-08-19-2450-17-si	2025-08-19	Land Title Settlement Dept. -Kadihagama, Rideegama D/S Division, Kurunegala District (25/0276)	https://documents.gov.lk/view/extra-gazettes/egz_2025.html	si	https://documents.gov.lk/view/extra-gazettes/2025/8/2450-17_S.pdf	2450/17
lk_extraordinary_gazettes_2020s	2025-08-19-2025-08-19-2450-17-en	2025-08-19-2450-17-en	2025-08-19	Land Title Settlement Dept. -Kadihagama, Rideegama D/S Division, Kurunegala District (25/0276)	https://documents.gov.lk/view/extra-gazettes/egz_2025.html	en	https://documents.gov.lk/view/extra-gazettes/2025/8/2450-17_E.pdf	2450/17
lk_extraordinary_gazettes_2020s	2025-08-19-2025-08-19-2450-16-ta	2025-08-19-2450-16-ta	2025-08-19	Land Title Settlement Dept. - Koswatta, Ridigama D/S Division, Kurunegala District (25/1200083)	https://documents.gov.lk/view/extra-gazettes/egz_2025.html	ta	https://documents.gov.lk/view/extra-gazettes/2025/8/2450-16_T.pdf	2450/16
lk_extraordinary_gazettes_2020s	2025-08-19-2025-08-19-2450-16-si	2025-08-19-2450-16-si	2025-08-19	Land Title Settlement Dept. - Koswatta, Ridigama D/S Division, Kurunegala District (25/1200083)	https://documents.gov.lk/view/extra-gazettes/egz_2025.html	si	https://documents.gov.lk/view/extra-gazettes/2025/8/2450-16_S.pdf	2450/16
lk_extraordinary_gazettes_2020s	2025-08-19-2025-08-19-2450-16-en	2025-08-19-2450-16-en	2025-08-19	Land Title Settlement Dept. - Koswatta, Ridigama D/S Division, Kurunegala District (25/1200083)	https://documents.gov.lk/view/extra-gazettes/egz_2025.html	en	https://documents.gov.lk/view/extra-gazettes/2025/8/2450-16_E.pdf	2450/16
lk_extraordinary_gazettes_2020s	2025-08-19-2025-08-19-2450-15-ta	2025-08-19-2450-15-ta	2025-08-19	Land Title Settlement Dept. - Mankumban, Poonakary D/S Division, Matale District (25/1200079)	https://documents.gov.lk/view/extra-gazettes/egz_2025.html	ta	https://documents.gov.lk/view/extra-gazettes/2025/8/2450-15_T.pdf	2450/15
lk_extraordinary_gazettes_2020s	2025-08-19-2025-08-19-2450-15-si	2025-08-19-2450-15-si	2025-08-19	Land Title Settlement Dept. - Mankumban, Poonakary D/S Division, Matale District (25/1200079)	https://documents.gov.lk/view/extra-gazettes/egz_2025.html	si	https://documents.gov.lk/view/extra-gazettes/2025/8/2450-15_S.pdf	2450/15
lk_extraordinary_gazettes_2020s	2025-08-19-2025-08-19-2450-15-en	2025-08-19-2450-15-en	2025-08-19	Land Title Settlement Dept. - Mankumban, Poonakary D/S Division, Matale District (25/1200079)	https://documents.gov.lk/view/extra-gazettes/egz_2025.html	en	https://documents.gov.lk/view/extra-gazettes/2025/8/2450-15_E.pdf	2450/15
lk_extraordinary_gazettes_2020s	2025-08-18-2025-08-18-2450-14-ta	2025-08-18-2450-14-ta	2025-08-18	Land Title Settlement Dept. - Aluth Wewa, Welikanda D/S Division, Polonnaruwa District (25/1200076)	https://documents.gov.lk/view/extra-gazettes/egz_2025.html	ta	https://documents.gov.lk/view/extra-gazettes/2025/8/2450-14_T.pdf	2450/14
lk_extraordinary_gazettes_2020s	2025-08-18-2025-08-18-2450-14-si	2025-08-18-2450-14-si	2025-08-18	Land Title Settlement Dept. - Aluth Wewa, Welikanda D/S Division, Polonnaruwa District (25/1200076)	https://documents.gov.lk/view/extra-gazettes/egz_2025.html	si	https://documents.gov.lk/view/extra-gazettes/2025/8/2450-14_S.pdf	2450/14
lk_extraordinary_gazettes_2020s	2025-08-18-2025-08-18-2450-14-en	2025-08-18-2450-14-en	2025-08-18	Land Title Settlement Dept. - Aluth Wewa, Welikanda D/S Division, Polonnaruwa District (25/1200076)	https://documents.gov.lk/view/extra-gazettes/egz_2025.html	en	https://documents.gov.lk/view/extra-gazettes/2025/8/2450-14_E.pdf	2450/14
lk_extraordinary_gazettes_2020s	2025-08-18-2025-08-18-2450-13-ta	2025-08-18-2450-13-ta	2025-08-18	Land Title Settlement Dept. - Gowtharimunai, Poonakary Udapalatha D/S Division, Kilinochchi District (25/1200078)	https://documents.gov.lk/view/extra-gazettes/egz_2025.html	ta	https://documents.gov.lk/view/extra-gazettes/2025/8/2450-13_T.pdf	2450/13
lk_extraordinary_gazettes_2020s	2025-08-18-2025-08-18-2450-13-si	2025-08-18-2450-13-si	2025-08-18	Land Title Settlement Dept. - Gowtharimunai, Poonakary Udapalatha D/S Division, Kilinochchi District (25/1200078)	https://documents.gov.lk/view/extra-gazettes/egz_2025.html	si	https://documents.gov.lk/view/extra-gazettes/2025/8/2450-13_S.pdf	2450/13
lk_extraordinary_gazettes_2020s	2025-08-18-2025-08-18-2450-13-en	2025-08-18-2450-13-en	2025-08-18	Land Title Settlement Dept. - Gowtharimunai, Poonakary Udapalatha D/S Division, Kilinochchi District (25/1200078)	https://documents.gov.lk/view/extra-gazettes/egz_2025.html	en	https://documents.gov.lk/view/extra-gazettes/2025/8/2450-13_E.pdf	2450/13
lk_extraordinary_gazettes_2020s	2025-08-18-2025-08-18-2450-12-ta	2025-08-18-2450-12-ta	2025-08-18	Land Title Settlement Dept. - Udawela, Thamankaduwa Udapalatha D/S Division, Polonnaruwa District (25/1200080)	https://documents.gov.lk/view/extra-gazettes/egz_2025.html	ta	https://documents.gov.lk/view/extra-gazettes/2025/8/2450-12_T.pdf	2450/12
lk_extraordinary_gazettes_2020s	2025-08-18-2025-08-18-2450-12-si	2025-08-18-2450-12-si	2025-08-18	Land Title Settlement Dept. - Udawela, Thamankaduwa Udapalatha D/S Division, Polonnaruwa District (25/1200080)	https://documents.gov.lk/view/extra-gazettes/egz_2025.html	si	https://documents.gov.lk/view/extra-gazettes/2025/8/2450-12_S.pdf	2450/12
lk_extraordinary_gazettes_2020s	2025-08-18-2025-08-18-2450-12-en	2025-08-18-2450-12-en	2025-08-18	Land Title Settlement Dept. - Udawela, Thamankaduwa Udapalatha D/S Division, Polonnaruwa District (25/1200080)	https://documents.gov.lk/view/extra-gazettes/egz_2025.html	en	https://documents.gov.lk/view/extra-gazettes/2025/8/2450-12_E.pdf	2450/12
lk_extraordinary_gazettes_2020s	2025-08-18-2025-08-18-2450-11-ta	2025-08-18-2450-11-ta	2025-08-18	Land Title Settlement Dept. - Hadabima Janapadaya, Udapalatha D/S Division, Kandy District (25/0329)	https://documents.gov.lk/view/extra-gazettes/egz_2025.html	ta	https://documents.gov.lk/view/extra-gazettes/2025/8/2450-11_T.pdf	2450/11
lk_extraordinary_gazettes_2020s	2025-08-18-2025-08-18-2450-11-si	2025-08-18-2450-11-si	2025-08-18	Land Title Settlement Dept. - Hadabima Janapadaya, Udapalatha D/S Division, Kandy District (25/0329)	https://documents.gov.lk/view/extra-gazettes/egz_2025.html	si	https://documents.gov.lk/view/extra-gazettes/2025/8/2450-11_S.pdf	2450/11
lk_extraordinary_gazettes_2020s	2025-08-18-2025-08-18-2450-11-en	2025-08-18-2450-11-en	2025-08-18	Land Title Settlement Dept. - Hadabima Janapadaya, Udapalatha D/S Division, Kandy District (25/0329)	https://documents.gov.lk/view/extra-gazettes/egz_2025.html	en	https://documents.gov.lk/view/extra-gazettes/2025/8/2450-11_E.pdf	2450/11
lk_extraordinary_gazettes_2020s	2025-08-18-2025-08-18-2450-10-ta	2025-08-18-2450-10-ta	2025-08-18	Land Title Settlement Dept. - Kokunnawa, Nochchiyagama D/S Division, Anuradhapura District (25/0257)	https://documents.gov.lk/view/extra-gazettes/egz_2025.html	ta	https://documents.gov.lk/view/extra-gazettes/2025/8/2450-10_T.pdf	2450/10
lk_extraordinary_gazettes_2020s	2025-08-18-2025-08-18-2450-09-ta	2025-08-18-2450-09-ta	2025-08-18	Land Title Settlement Dept. - Pitipana North, Homagama D/S Division, Colombo District (25/55048)	https://documents.gov.lk/view/extra-gazettes/egz_2025.html	ta	https://documents.gov.lk/view/extra-gazettes/2025/8/2450-09_T.pdf	2450/09
lk_extraordinary_gazettes_2020s	2025-08-18-2025-08-18-2450-09-si	2025-08-18-2450-09-si	2025-08-18	Land Title Settlement Dept. - Pitipana North, Homagama D/S Division, Colombo District (25/55048)	https://documents.gov.lk/view/extra-gazettes/egz_2025.html	si	https://documents.gov.lk/view/extra-gazettes/2025/8/2450-09_S.pdf	2450/09
lk_extraordinary_gazettes_2020s	2025-08-18-2025-08-18-2450-09-en	2025-08-18-2450-09-en	2025-08-18	Land Title Settlement Dept. - Pitipana North, Homagama D/S Division, Colombo District (25/55048)	https://documents.gov.lk/view/extra-gazettes/egz_2025.html	en	https://documents.gov.lk/view/extra-gazettes/2025/8/2450-09_E.pdf	2450/09
lk_extraordinary_gazettes_2020s	2025-08-18-2025-08-18-2450-08-ta	2025-08-18-2450-08-ta	2025-08-18	Land Title Settlement Dept. - Kendawalamadiththa, Kandy Four Gravets D/S Division, Kandy District (25/5514138)	https://documents.gov.lk/view/extra-gazettes/egz_2025.html	ta	https://documents.gov.lk/view/extra-gazettes/2025/8/2450-08_T.pdf	2450/08
lk_extraordinary_gazettes_2020s	2025-08-18-2025-08-18-2450-08-si	2025-08-18-2450-08-si	2025-08-18	Land Title Settlement Dept. - Kendawalamadiththa, Kandy Four Gravets D/S Division, Kandy District (25/5514138)	https://documents.gov.lk/view/extra-gazettes/egz_2025.html	si	https://documents.gov.lk/view/extra-gazettes/2025/8/2450-08_S.pdf	2450/08
lk_extraordinary_gazettes_2020s	2025-08-18-2025-08-18-2450-08-en	2025-08-18-2450-08-en	2025-08-18	Land Title Settlement Dept. - Kendawalamadiththa, Kandy Four Gravets D/S Division, Kandy District (25/5514138)	https://documents.gov.lk/view/extra-gazettes/egz_2025.html	en	https://documents.gov.lk/view/extra-gazettes/2025/8/2450-08_E.pdf	2450/08
lk_extraordinary_gazettes_2020s	2025-08-18-2025-08-18-2450-06-ta	2025-08-18-2450-06-ta	2025-08-18	Land Title Settlement Dept. - Radawana, Dompe D/S Division, Gampaha District (25/5514136)	https://documents.gov.lk/view/extra-gazettes/egz_2025.html	ta	https://documents.gov.lk/view/extra-gazettes/2025/8/2450-06_T.pdf	2450/06
lk_extraordinary_gazettes_2020s	2025-08-18-2025-08-18-2450-06-si	2025-08-18-2450-06-si	2025-08-18	Land Title Settlement Dept. - Radawana, Dompe D/S Division, Gampaha District (25/5514136)	https://documents.gov.lk/view/extra-gazettes/egz_2025.html	si	https://documents.gov.lk/view/extra-gazettes/2025/8/2450-06_S.pdf	2450/06
lk_extraordinary_gazettes_2020s	2025-08-18-2025-08-18-2450-06-en	2025-08-18-2450-06-en	2025-08-18	Land Title Settlement Dept. - Radawana, Dompe D/S Division, Gampaha District (25/5514136)	https://documents.gov.lk/view/extra-gazettes/egz_2025.html	en	https://documents.gov.lk/view/extra-gazettes/2025/8/2450-06_E.pdf	2450/06
lk_extraordinary_gazettes_2020s	2025-08-18-2025-08-18-2450-05-si	2025-08-18-2450-05-si	2025-08-18	Land Title Settlement Dept. - Bopitiya, Pannala D/S Division, Kurunegala District (25/5514132)	https://documents.gov.lk/view/extra-gazettes/egz_2025.html	si	https://documents.gov.lk/view/extra-gazettes/2025/8/2450-05_S.pdf	2450/05
lk_extraordinary_gazettes_2020s	2025-08-18-2025-08-18-2450-05-en	2025-08-18-2450-05-en	2025-08-18	Land Title Settlement Dept. - Bopitiya, Pannala D/S Division, Kurunegala District (25/5514132)	https://documents.gov.lk/view/extra-gazettes/egz_2025.html	en	https://documents.gov.lk/view/extra-gazettes/2025/8/2450-05_E.pdf	2450/05
lk_extraordinary_gazettes_2020s	2025-08-18-2025-08-18-2450-04-si	2025-08-18-2450-04-si	2025-08-18	Land Title Settlement Dept. - Wathurugama, Dompe D/S Division, Gampha District (25/55040)	https://documents.gov.lk/view/extra-gazettes/egz_2025.html	si	https://documents.gov.lk/view/extra-gazettes/2025/8/2450-04_S.pdf	2450/04
lk_extraordinary_gazettes_2020s	2025-08-18-2025-08-18-2450-04-en	2025-08-18-2450-04-en	2025-08-18	Land Title Settlement Dept. - Wathurugama, Dompe D/S Division, Gampha District (25/55040)	https://documents.gov.lk/view/extra-gazettes/egz_2025.html	en	https://documents.gov.lk/view/extra-gazettes/2025/8/2450-04_E.pdf	2450/04
lk_extraordinary_gazettes_2020s	2025-08-18-2025-08-18-2450-03-si	2025-08-18-2450-03-si	2025-08-18	Land Title Settlement Dept. - Meerigama,Meerigama D/S Division, Gampha District (25/5514137)	https://documents.gov.lk/view/extra-gazettes/egz_2025.html	si	https://documents.gov.lk/view/extra-gazettes/2025/8/2450-03_S.pdf	2450/03
lk_extraordinary_gazettes_2020s	2025-08-18-2025-08-18-2450-03-en	2025-08-18-2450-03-en	2025-08-18	Land Title Settlement Dept. - Meerigama,Meerigama D/S Division, Gampha District (25/5514137)	https://documents.gov.lk/view/extra-gazettes/egz_2025.html	en	https://documents.gov.lk/view/extra-gazettes/2025/8/2450-03_E.pdf	2450/03
lk_extraordinary_gazettes_2020s	2025-08-18-2025-08-18-2450-02-ta	2025-08-18-2450-02-ta	2025-08-18	2450/02	https://documents.gov.lk/view/extra-gazettes/egz_2025.html	ta	https://documents.gov.lk/view/extra-gazettes/2025/8/2450-02_T.pdf	2450/02
lk_extraordinary_gazettes_2020s	2025-08-18-2025-08-18-2450-02-si	2025-08-18-2450-02-si	2025-08-18	2450/02	https://documents.gov.lk/view/extra-gazettes/egz_2025.html	si	https://documents.gov.lk/view/extra-gazettes/2025/8/2450-02_S.pdf	2450/02
lk_extraordinary_gazettes_2020s	2025-08-18-2025-08-18-2450-02-en	2025-08-18-2450-02-en	2025-08-18	2450/02	https://documents.gov.lk/view/extra-gazettes/egz_2025.html	en	https://documents.gov.lk/view/extra-gazettes/2025/8/2450-02_E.pdf	2450/02
lk_extraordinary_gazettes_2020s	2025-08-18-2025-08-18-2450-01-ta	2025-08-18-2450-01-ta	2025-08-18	Sri Lanka Customs- Rates of Exchange with effect from 18.08.2025 to 24.05.2025	https://documents.gov.lk/view/extra-gazettes/egz_2025.html	ta	https://documents.gov.lk/view/extra-gazettes/2025/8/2450-01_T.pdf	2450/01
lk_extraordinary_gazettes_2020s	2025-08-18-2025-08-18-2450-01-si	2025-08-18-2450-01-si	2025-08-18	Sri Lanka Customs- Rates of Exchange with effect from 18.08.2025 to 24.05.2025	https://documents.gov.lk/view/extra-gazettes/egz_2025.html	si	https://documents.gov.lk/view/extra-gazettes/2025/8/2450-01_S.pdf	2450/01
lk_extraordinary_gazettes_2020s	2025-08-18-2025-08-18-2450-01-en	2025-08-18-2450-01-en	2025-08-18	Sri Lanka Customs- Rates of Exchange with effect from 18.08.2025 to 24.05.2025	https://documents.gov.lk/view/extra-gazettes/egz_2025.html	en	https://documents.gov.lk/view/extra-gazettes/2025/8/2450-01_E.pdf	2450/01
lk_extraordinary_gazettes_2020s	2025-08-16-2025-08-16-2449-79-ta	2025-08-16-2449-79-ta	2025-08-16	Land Title Settlement Dept. - Kohuwala, Dehiwala D/S Division, Colombo District (25/55046)	https://documents.gov.lk/view/extra-gazettes/egz_2025.html	ta	https://documents.gov.lk/view/extra-gazettes/2025/8/2449-79_T.pdf	2449/79
lk_extraordinary_gazettes_2020s	2025-08-16-2025-08-16-2449-79-si	2025-08-16-2449-79-si	2025-08-16	Land Title Settlement Dept. - Kohuwala, Dehiwala D/S Division, Colombo District (25/55046)	https://documents.gov.lk/view/extra-gazettes/egz_2025.html	si	https://documents.gov.lk/view/extra-gazettes/2025/8/2449-79_S.pdf	2449/79
lk_extraordinary_gazettes_2020s	2025-08-16-2025-08-16-2449-79-en	2025-08-16-2449-79-en	2025-08-16	Land Title Settlement Dept. - Kohuwala, Dehiwala D/S Division, Colombo District (25/55046)	https://documents.gov.lk/view/extra-gazettes/egz_2025.html	en	https://documents.gov.lk/view/extra-gazettes/2025/8/2449-79_E.pdf	2449/79
lk_extraordinary_gazettes_2020s	2025-08-16-2025-08-16-2449-78-ta	2025-08-16-2449-78-ta	2025-08-16	Land Title Settlement Dept. - Sooriyapaluwa, Mahara D/S Division, Gampaha District (25/5514142)	https://documents.gov.lk/view/extra-gazettes/egz_2025.html	ta	https://documents.gov.lk/view/extra-gazettes/2025/8/2449-78_T.pdf	2449/78
lk_extraordinary_gazettes_2020s	2025-08-16-2025-08-16-2449-78-si	2025-08-16-2449-78-si	2025-08-16	Land Title Settlement Dept. - Sooriyapaluwa, Mahara D/S Division, Gampaha District (25/5514142)	https://documents.gov.lk/view/extra-gazettes/egz_2025.html	si	https://documents.gov.lk/view/extra-gazettes/2025/8/2449-78_S.pdf	2449/78
lk_extraordinary_gazettes_2020s	2025-08-16-2025-08-16-2449-78-en	2025-08-16-2449-78-en	2025-08-16	Land Title Settlement Dept. - Sooriyapaluwa, Mahara D/S Division, Gampaha District (25/5514142)	https://documents.gov.lk/view/extra-gazettes/egz_2025.html	en	https://documents.gov.lk/view/extra-gazettes/2025/8/2449-78_E.pdf	2449/78
lk_extraordinary_gazettes_2020s	2025-08-16-2025-08-16-2449-77-si	2025-08-16-2449-77-si	2025-08-16	Land Title Settlement Dept. - Ellepola, Balangoda D/S Division, Ratnapura District (25/5514133)	https://documents.gov.lk/view/extra-gazettes/egz_2025.html	si	https://documents.gov.lk/view/extra-gazettes/2025/8/2449-77_S.pdf	2449/77
lk_extraordinary_gazettes_2020s	2025-08-16-2025-08-16-2449-77-en	2025-08-16-2449-77-en	2025-08-16	Land Title Settlement Dept. - Ellepola, Balangoda D/S Division, Ratnapura District (25/5514133)	https://documents.gov.lk/view/extra-gazettes/egz_2025.html	en	https://documents.gov.lk/view/extra-gazettes/2025/8/2449-77_E.pdf	2449/77
lk_extraordinary_gazettes_2020s	2025-08-16-2025-08-16-2449-76-ta	2025-08-16-2449-76-ta	2025-08-16	Land Title Settlement Dept. - Ihalayagoda, Gampaha D/S Division, Gampaha District (25/55049)	https://documents.gov.lk/view/extra-gazettes/egz_2025.html	ta	https://documents.gov.lk/view/extra-gazettes/2025/8/2449-76_T.pdf	2449/76
lk_extraordinary_gazettes_2020s	2025-08-16-2025-08-16-2449-76-si	2025-08-16-2449-76-si	2025-08-16	Land Title Settlement Dept. - Ihalayagoda, Gampaha D/S Division, Gampaha District (25/55049)	https://documents.gov.lk/view/extra-gazettes/egz_2025.html	si	https://documents.gov.lk/view/extra-gazettes/2025/8/2449-76_S.pdf	2449/76
lk_extraordinary_gazettes_2020s	2025-08-16-2025-08-16-2449-76-en	2025-08-16-2449-76-en	2025-08-16	Land Title Settlement Dept. - Ihalayagoda, Gampaha D/S Division, Gampaha District (25/55049)	https://documents.gov.lk/view/extra-gazettes/egz_2025.html	en	https://documents.gov.lk/view/extra-gazettes/2025/8/2449-76_E.pdf	2449/76
lk_extraordinary_gazettes_2020s	2025-08-16-2025-08-16-2449-75-ta	2025-08-16-2449-75-ta	2025-08-16	Land Title Settlement Dept. - Kudamake, Udapalatha D/S Division, Kandy District (25/5514139)	https://documents.gov.lk/view/extra-gazettes/egz_2025.html	ta	https://documents.gov.lk/view/extra-gazettes/2025/8/2449-75_T.pdf	2449/75
lk_extraordinary_gazettes_2020s	2025-08-16-2025-08-16-2449-75-si	2025-08-16-2449-75-si	2025-08-16	Land Title Settlement Dept. - Kudamake, Udapalatha D/S Division, Kandy District (25/5514139)	https://documents.gov.lk/view/extra-gazettes/egz_2025.html	si	https://documents.gov.lk/view/extra-gazettes/2025/8/2449-75_S.pdf	2449/75
lk_extraordinary_gazettes_2020s	2025-08-16-2025-08-16-2449-75-en	2025-08-16-2449-75-en	2025-08-16	Land Title Settlement Dept. - Kudamake, Udapalatha D/S Division, Kandy District (25/5514139)	https://documents.gov.lk/view/extra-gazettes/egz_2025.html	en	https://documents.gov.lk/view/extra-gazettes/2025/8/2449-75_E.pdf	2449/75
lk_extraordinary_gazettes_2020s	2025-08-16-2025-08-16-2449-74-ta	2025-08-16-2449-74-ta	2025-08-16	Land Aquisition - Bahirawakanda, Katukele, Kandy Four Gravets D/S Division,Kandy District  Sec 07	https://documents.gov.lk/view/extra-gazettes/egz_2025.html	ta	https://documents.gov.lk/view/extra-gazettes/2025/8/2449-74_T.pdf	2449/74
lk_extraordinary_gazettes_2020s	2025-08-16-2025-08-16-2449-74-si	2025-08-16-2449-74-si	2025-08-16	Land Aquisition - Bahirawakanda, Katukele, Kandy Four Gravets D/S Division,Kandy District  Sec 07	https://documents.gov.lk/view/extra-gazettes/egz_2025.html	si	https://documents.gov.lk/view/extra-gazettes/2025/8/2449-74_S.pdf	2449/74
lk_extraordinary_gazettes_2020s	2025-08-16-2025-08-16-2449-74-en	2025-08-16-2449-74-en	2025-08-16	Land Aquisition - Bahirawakanda, Katukele, Kandy Four Gravets D/S Division,Kandy District  Sec 07	https://documents.gov.lk/view/extra-gazettes/egz_2025.html	en	https://documents.gov.lk/view/extra-gazettes/2025/8/2449-74_E.pdf	2449/74
lk_extraordinary_gazettes_2020s	2025-08-16-2025-08-16-2449-73-ta	2025-08-16-2449-73-ta	2025-08-16	Land Aquisition - Ridiyagama, Ambalantota D/S Division,Hambantota District  Sec 07	https://documents.gov.lk/view/extra-gazettes/egz_2025.html	ta	https://documents.gov.lk/view/extra-gazettes/2025/8/2449-73_T.pdf	2449/73
lk_extraordinary_gazettes_2020s	2025-08-16-2025-08-16-2449-73-si	2025-08-16-2449-73-si	2025-08-16	Land Aquisition - Ridiyagama, Ambalantota D/S Division,Hambantota District  Sec 07	https://documents.gov.lk/view/extra-gazettes/egz_2025.html	si	https://documents.gov.lk/view/extra-gazettes/2025/8/2449-73_S.pdf	2449/73
lk_extraordinary_gazettes_2020s	2025-08-16-2025-08-16-2449-73-en	2025-08-16-2449-73-en	2025-08-16	Land Aquisition - Ridiyagama, Ambalantota D/S Division,Hambantota District  Sec 07	https://documents.gov.lk/view/extra-gazettes/egz_2025.html	en	https://documents.gov.lk/view/extra-gazettes/2025/8/2449-73_E.pdf	2449/73
lk_extraordinary_gazettes_2020s	2025-08-16-2025-08-16-2449-72-ta	2025-08-16-2449-72-ta	2025-08-16	M/of Public Administration- Appointments Under the Notaries Ordinance	https://documents.gov.lk/view/extra-gazettes/egz_2025.html	ta	https://documents.gov.lk/view/extra-gazettes/2025/8/2449-72_T.pdf	2449/72
lk_extraordinary_gazettes_2020s	2025-08-16-2025-08-16-2449-72-si	2025-08-16-2449-72-si	2025-08-16	M/of Public Administration- Appointments Under the Notaries Ordinance	https://documents.gov.lk/view/extra-gazettes/egz_2025.html	si	https://documents.gov.lk/view/extra-gazettes/2025/8/2449-72_S.pdf	2449/72
lk_extraordinary_gazettes_2020s	2025-08-16-2025-08-16-2449-72-en	2025-08-16-2449-72-en	2025-08-16	M/of Public Administration- Appointments Under the Notaries Ordinance	https://documents.gov.lk/view/extra-gazettes/egz_2025.html	en	https://documents.gov.lk/view/extra-gazettes/2025/8/2449-72_E.pdf	2449/72
lk_extraordinary_gazettes_2020s	2025-08-16-2025-08-16-2449-71-ta	2025-08-16-2449-71-ta	2025-08-16	M/ of Public Administration- Appointments Under the Notaries Ordinance	https://documents.gov.lk/view/extra-gazettes/egz_2025.html	ta	https://documents.gov.lk/view/extra-gazettes/2025/8/2449-71_T.pdf	2449/71
lk_extraordinary_gazettes_2020s	2025-08-16-2025-08-16-2449-71-si	2025-08-16-2449-71-si	2025-08-16	M/ of Public Administration- Appointments Under the Notaries Ordinance	https://documents.gov.lk/view/extra-gazettes/egz_2025.html	si	https://documents.gov.lk/view/extra-gazettes/2025/8/2449-71_S.pdf	2449/71
lk_extraordinary_gazettes_2020s	2025-08-16-2025-08-16-2449-71-en	2025-08-16-2449-71-en	2025-08-16	M/ of Public Administration- Appointments Under the Notaries Ordinance	https://documents.gov.lk/view/extra-gazettes/egz_2025.html	en	https://documents.gov.lk/view/extra-gazettes/2025/8/2449-71_E.pdf	2449/71
lk_extraordinary_gazettes_2020s	2025-08-15-2025-08-15-2449-70-ta	2025-08-15-2449-70-ta	2025-08-15	Land Aquisition - Gangodawila, Maharagama D/S Division,Colombo District  Sec 38 (a)	https://documents.gov.lk/view/extra-gazettes/egz_2025.html	ta	https://documents.gov.lk/view/extra-gazettes/2025/8/2449-70_T.pdf	2449/70
lk_extraordinary_gazettes_2020s	2025-08-15-2025-08-15-2449-70-si	2025-08-15-2449-70-si	2025-08-15	Land Aquisition - Gangodawila, Maharagama D/S Division,Colombo District  Sec 38 (a)	https://documents.gov.lk/view/extra-gazettes/egz_2025.html	si	https://documents.gov.lk/view/extra-gazettes/2025/8/2449-70_S.pdf	2449/70
lk_extraordinary_gazettes_2020s	2025-08-15-2025-08-15-2449-70-en	2025-08-15-2449-70-en	2025-08-15	Land Aquisition - Gangodawila, Maharagama D/S Division,Colombo District  Sec 38 (a)	https://documents.gov.lk/view/extra-gazettes/egz_2025.html	en	https://documents.gov.lk/view/extra-gazettes/2025/8/2449-70_E.pdf	2449/70
lk_extraordinary_gazettes_2020s	2025-08-15-2025-08-15-2449-69-ta	2025-08-15-2449-69-ta	2025-08-15	Land Aquisition - Walasmulla, Walasmulla D/S Division,Hambantota District  Sec 38 (1)	https://documents.gov.lk/view/extra-gazettes/egz_2025.html	ta	https://documents.gov.lk/view/extra-gazettes/2025/8/2449-69_T.pdf	2449/69
lk_extraordinary_gazettes_2020s	2025-08-15-2025-08-15-2449-69-si	2025-08-15-2449-69-si	2025-08-15	Land Aquisition - Walasmulla, Walasmulla D/S Division,Hambantota District  Sec 38 (1)	https://documents.gov.lk/view/extra-gazettes/egz_2025.html	si	https://documents.gov.lk/view/extra-gazettes/2025/8/2449-69_S.pdf	2449/69
lk_extraordinary_gazettes_2020s	2025-08-15-2025-08-15-2449-69-en	2025-08-15-2449-69-en	2025-08-15	Land Aquisition - Walasmulla, Walasmulla D/S Division,Hambantota District  Sec 38 (1)	https://documents.gov.lk/view/extra-gazettes/egz_2025.html	en	https://documents.gov.lk/view/extra-gazettes/2025/8/2449-69_E.pdf	2449/69
lk_extraordinary_gazettes_2020s	2025-08-15-2025-08-15-2449-68-ta	2025-08-15-2449-68-ta	2025-08-15	Land Aquisition - kaluganga, Laggala D/S Division, Matale District  Sec 38 (1)	https://documents.gov.lk/view/extra-gazettes/egz_2025.html	ta	https://documents.gov.lk/view/extra-gazettes/2025/8/2449-68_T.pdf	2449/68
lk_extraordinary_gazettes_2020s	2025-08-15-2025-08-15-2449-68-si	2025-08-15-2449-68-si	2025-08-15	Land Aquisition - kaluganga, Laggala D/S Division, Matale District  Sec 38 (1)	https://documents.gov.lk/view/extra-gazettes/egz_2025.html	si	https://documents.gov.lk/view/extra-gazettes/2025/8/2449-68_S.pdf	2449/68
lk_extraordinary_gazettes_2020s	2025-08-15-2025-08-15-2449-68-en	2025-08-15-2449-68-en	2025-08-15	Land Aquisition - kaluganga, Laggala D/S Division, Matale District  Sec 38 (1)	https://documents.gov.lk/view/extra-gazettes/egz_2025.html	en	https://documents.gov.lk/view/extra-gazettes/2025/8/2449-68_E.pdf	2449/68
lk_extraordinary_gazettes_2020s	2025-08-15-2025-08-15-2449-67-ta	2025-08-15-2449-67-ta	2025-08-15	Land Aquisition - Mangoda, Medadumbara D/S Division, Kandy District  Sec 38 (a)	https://documents.gov.lk/view/extra-gazettes/egz_2025.html	ta	https://documents.gov.lk/view/extra-gazettes/2025/8/2449-67_T.pdf	2449/67
lk_extraordinary_gazettes_2020s	2025-08-15-2025-08-15-2449-67-si	2025-08-15-2449-67-si	2025-08-15	Land Aquisition - Mangoda, Medadumbara D/S Division, Kandy District  Sec 38 (a)	https://documents.gov.lk/view/extra-gazettes/egz_2025.html	si	https://documents.gov.lk/view/extra-gazettes/2025/8/2449-67_S.pdf	2449/67
lk_extraordinary_gazettes_2020s	2025-08-15-2025-08-15-2449-67-en	2025-08-15-2449-67-en	2025-08-15	Land Aquisition - Mangoda, Medadumbara D/S Division, Kandy District  Sec 38 (a)	https://documents.gov.lk/view/extra-gazettes/egz_2025.html	en	https://documents.gov.lk/view/extra-gazettes/2025/8/2449-67_E.pdf	2449/67
lk_extraordinary_gazettes_2020s	2025-08-15-2025-08-15-2449-66-ta	2025-08-15-2449-66-ta	2025-08-15	Land Aquisition - Weliwita, Kaduwela D/S Division, Colombo District  Sec 38 (a)	https://documents.gov.lk/view/extra-gazettes/egz_2025.html	ta	https://documents.gov.lk/view/extra-gazettes/2025/8/2449-66_T.pdf	2449/66
lk_extraordinary_gazettes_2020s	2025-08-15-2025-08-15-2449-66-si	2025-08-15-2449-66-si	2025-08-15	Land Aquisition - Weliwita, Kaduwela D/S Division, Colombo District  Sec 38 (a)	https://documents.gov.lk/view/extra-gazettes/egz_2025.html	si	https://documents.gov.lk/view/extra-gazettes/2025/8/2449-66_S.pdf	2449/66
lk_extraordinary_gazettes_2020s	2025-08-15-2025-08-15-2449-66-en	2025-08-15-2449-66-en	2025-08-15	Land Aquisition - Weliwita, Kaduwela D/S Division, Colombo District  Sec 38 (a)	https://documents.gov.lk/view/extra-gazettes/egz_2025.html	en	https://documents.gov.lk/view/extra-gazettes/2025/8/2449-66_E.pdf	2449/66
lk_extraordinary_gazettes_2020s	2025-08-15-2025-08-15-2449-65-ta	2025-08-15-2449-65-ta	2025-08-15	Land Aquisition - Mangoda, Medadumbara D/S Division, Kandy District Land Aquisition - Rambukpotha, Medadumbara D/S Division, Kandy District Sec 38 (a)	https://documents.gov.lk/view/extra-gazettes/egz_2025.html	ta	https://documents.gov.lk/view/extra-gazettes/2025/8/2449-65_T.pdf	2449/65
lk_extraordinary_gazettes_2020s	2025-08-15-2025-08-15-2449-65-si	2025-08-15-2449-65-si	2025-08-15	Land Aquisition - Mangoda, Medadumbara D/S Division, Kandy District Land Aquisition - Rambukpotha, Medadumbara D/S Division, Kandy District Sec 38 (a)	https://documents.gov.lk/view/extra-gazettes/egz_2025.html	si	https://documents.gov.lk/view/extra-gazettes/2025/8/2449-65_S.pdf	2449/65
lk_extraordinary_gazettes_2020s	2025-08-15-2025-08-15-2449-65-en	2025-08-15-2449-65-en	2025-08-15	Land Aquisition - Mangoda, Medadumbara D/S Division, Kandy District Land Aquisition - Rambukpotha, Medadumbara D/S Division, Kandy District Sec 38 (a)	https://documents.gov.lk/view/extra-gazettes/egz_2025.html	en	https://documents.gov.lk/view/extra-gazettes/2025/8/2449-65_E.pdf	2449/65
lk_extraordinary_gazettes_2020s	2025-08-15-2025-08-15-2449-64-si	2025-08-15-2449-64-si	2025-08-15	Land Aquisition - Habaragahamada, Naula D/S Division, Matale District Sec 38 (b)	https://documents.gov.lk/view/extra-gazettes/egz_2025.html	si	https://documents.gov.lk/view/extra-gazettes/2025/8/2449-64_S.pdf	2449/64
lk_extraordinary_gazettes_2020s	2025-08-15-2025-08-15-2449-64-en	2025-08-15-2449-64-en	2025-08-15	Land Aquisition - Habaragahamada, Naula D/S Division, Matale District Sec 38 (b)	https://documents.gov.lk/view/extra-gazettes/egz_2025.html	en	https://documents.gov.lk/view/extra-gazettes/2025/8/2449-64_E.pdf	2449/64
lk_extraordinary_gazettes_2020s	2025-08-15-2025-08-15-2449-63-ta	2025-08-15-2449-63-ta	2025-08-15	Election Commission Notice Under Section 66A (1) (a) Filling of a Vacancy in the office of member of the Polonnaruwa Pradeshiya Sabha	https://documents.gov.lk/view/extra-gazettes/egz_2025.html	ta	https://documents.gov.lk/view/extra-gazettes/2025/8/2449-63_T.pdf	2449/63
lk_extraordinary_gazettes_2020s	2025-08-15-2025-08-15-2449-63-si	2025-08-15-2449-63-si	2025-08-15	Election Commission Notice Under Section 66A (1) (a) Filling of a Vacancy in the office of member of the Polonnaruwa Pradeshiya Sabha	https://documents.gov.lk/view/extra-gazettes/egz_2025.html	si	https://documents.gov.lk/view/extra-gazettes/2025/8/2449-63_S.pdf	2449/63
lk_extraordinary_gazettes_2020s	2025-08-15-2025-08-15-2449-63-en	2025-08-15-2449-63-en	2025-08-15	Election Commission Notice Under Section 66A (1) (a) Filling of a Vacancy in the office of member of the Polonnaruwa Pradeshiya Sabha	https://documents.gov.lk/view/extra-gazettes/egz_2025.html	en	https://documents.gov.lk/view/extra-gazettes/2025/8/2449-63_E.pdf	2449/63
lk_extraordinary_gazettes_2020s	2025-08-15-2025-08-15-2449-62-ta	2025-08-15-2449-62-ta	2025-08-15	Dept. of Local Government- Eastern Province Elected and declared New Chairman of Manmunaipatty Pradeshiya Sabha	https://documents.gov.lk/view/extra-gazettes/egz_2025.html	ta	https://documents.gov.lk/view/extra-gazettes/2025/8/2449-62_T.pdf	2449/62
lk_extraordinary_gazettes_2020s	2025-08-15-2025-08-15-2449-62-si	2025-08-15-2449-62-si	2025-08-15	Dept. of Local Government- Eastern Province Elected and declared New Chairman of Manmunaipatty Pradeshiya Sabha	https://documents.gov.lk/view/extra-gazettes/egz_2025.html	si	https://documents.gov.lk/view/extra-gazettes/2025/8/2449-62_S.pdf	2449/62
lk_extraordinary_gazettes_2020s	2025-08-15-2025-08-15-2449-62-en	2025-08-15-2449-62-en	2025-08-15	Dept. of Local Government- Eastern Province Elected and declared New Chairman of Manmunaipatty Pradeshiya Sabha	https://documents.gov.lk/view/extra-gazettes/egz_2025.html	en	https://documents.gov.lk/view/extra-gazettes/2025/8/2449-62_E.pdf	2449/62
lk_extraordinary_gazettes_2020s	2025-08-15-2025-08-15-2449-61-ta	2025-08-15-2449-61-ta	2025-08-15	Dept. of Local Government- Eastern Province Summon Meeting of Under the Local Authorities Elections (Amendment) Act, No. 22 of 2012	https://documents.gov.lk/view/extra-gazettes/egz_2025.html	ta	https://documents.gov.lk/view/extra-gazettes/2025/8/2449-61_T.pdf	2449/61
lk_extraordinary_gazettes_2020s	2025-08-15-2025-08-15-2449-61-si	2025-08-15-2449-61-si	2025-08-15	Dept. of Local Government- Eastern Province Summon Meeting of Under the Local Authorities Elections (Amendment) Act, No. 22 of 2012	https://documents.gov.lk/view/extra-gazettes/egz_2025.html	si	https://documents.gov.lk/view/extra-gazettes/2025/8/2449-61_S.pdf	2449/61
lk_extraordinary_gazettes_2020s	2025-08-15-2025-08-15-2449-61-en	2025-08-15-2449-61-en	2025-08-15	Dept. of Local Government- Eastern Province Summon Meeting of Under the Local Authorities Elections (Amendment) Act, No. 22 of 2012	https://documents.gov.lk/view/extra-gazettes/egz_2025.html	en	https://documents.gov.lk/view/extra-gazettes/2025/8/2449-61_E.pdf	2449/61
lk_extraordinary_gazettes_2020s	2025-08-15-2025-08-15-2449-60-ta	2025-08-15-2449-60-ta	2025-08-15	Imports and Exports Control Department - Imports and Exports Control Act, No. 01 of 1969	https://documents.gov.lk/view/extra-gazettes/egz_2025.html	ta	https://documents.gov.lk/view/extra-gazettes/2025/8/2449-60_T.pdf	2449/60
lk_extraordinary_gazettes_2020s	2025-08-15-2025-08-15-2449-60-si	2025-08-15-2449-60-si	2025-08-15	Imports and Exports Control Department - Imports and Exports Control Act, No. 01 of 1969	https://documents.gov.lk/view/extra-gazettes/egz_2025.html	si	https://documents.gov.lk/view/extra-gazettes/2025/8/2449-60_S.pdf	2449/60
lk_extraordinary_gazettes_2020s	2025-08-15-2025-08-15-2449-60-en	2025-08-15-2449-60-en	2025-08-15	Imports and Exports Control Department - Imports and Exports Control Act, No. 01 of 1969	https://documents.gov.lk/view/extra-gazettes/egz_2025.html	en	https://documents.gov.lk/view/extra-gazettes/2025/8/2449-60_E.pdf	2449/60
lk_extraordinary_gazettes_2020s	2025-08-15-2025-08-15-2449-59-ta	2025-08-15-2449-59-ta	2025-08-15	Land Title Settlement Dept. -Hadirawalana Ihalagama, Kurunegala D/S Division, Kurunegala District (25/0118)	https://documents.gov.lk/view/extra-gazettes/egz_2025.html	ta	https://documents.gov.lk/view/extra-gazettes/2025/8/2449-59_T.pdf	2449/59
lk_extraordinary_gazettes_2020s	2025-08-15-2025-08-15-2449-59-si	2025-08-15-2449-59-si	2025-08-15	Land Title Settlement Dept. -Hadirawalana Ihalagama, Kurunegala D/S Division, Kurunegala District (25/0118)	https://documents.gov.lk/view/extra-gazettes/egz_2025.html	si	https://documents.gov.lk/view/extra-gazettes/2025/8/2449-59_S.pdf	2449/59
lk_extraordinary_gazettes_2020s	2025-08-15-2025-08-15-2449-59-en	2025-08-15-2449-59-en	2025-08-15	Land Title Settlement Dept. -Hadirawalana Ihalagama, Kurunegala D/S Division, Kurunegala District (25/0118)	https://documents.gov.lk/view/extra-gazettes/egz_2025.html	en	https://documents.gov.lk/view/extra-gazettes/2025/8/2449-59_E.pdf	2449/59
lk_extraordinary_gazettes_2020s	2025-08-15-2025-08-15-2449-58-ta	2025-08-15-2449-58-ta	2025-08-15	Land Title Settlement Dept. - Katukithula Janapadaya, Pasbagekorale D/S Division, Kandy District (25/0331)	https://documents.gov.lk/view/extra-gazettes/egz_2025.html	ta	https://documents.gov.lk/view/extra-gazettes/2025/8/2449-58_T.pdf	2449/58
lk_extraordinary_gazettes_2020s	2025-08-15-2025-08-15-2449-58-si	2025-08-15-2449-58-si	2025-08-15	Land Title Settlement Dept. - Katukithula Janapadaya, Pasbagekorale D/S Division, Kandy District (25/0331)	https://documents.gov.lk/view/extra-gazettes/egz_2025.html	si	https://documents.gov.lk/view/extra-gazettes/2025/8/2449-58_S.pdf	2449/58
lk_extraordinary_gazettes_2020s	2025-08-15-2025-08-15-2449-58-en	2025-08-15-2449-58-en	2025-08-15	Land Title Settlement Dept. - Katukithula Janapadaya, Pasbagekorale D/S Division, Kandy District (25/0331)	https://documents.gov.lk/view/extra-gazettes/egz_2025.html	en	https://documents.gov.lk/view/extra-gazettes/2025/8/2449-58_E.pdf	2449/58
lk_extraordinary_gazettes_2020s	2025-08-15-2025-08-15-2449-57-ta	2025-08-15-2449-57-ta	2025-08-15	Land Title Settlement Dept. - Hadirawalana Pahalagama, Kurunegala D/S Division, Kurunegala District (25/0216)	https://documents.gov.lk/view/extra-gazettes/egz_2025.html	ta	https://documents.gov.lk/view/extra-gazettes/2025/8/2449-57_T.pdf	2449/57
lk_extraordinary_gazettes_2020s	2025-08-15-2025-08-15-2449-57-si	2025-08-15-2449-57-si	2025-08-15	Land Title Settlement Dept. - Hadirawalana Pahalagama, Kurunegala D/S Division, Kurunegala District (25/0216)	https://documents.gov.lk/view/extra-gazettes/egz_2025.html	si	https://documents.gov.lk/view/extra-gazettes/2025/8/2449-57_S.pdf	2449/57
lk_extraordinary_gazettes_2020s	2025-08-15-2025-08-15-2449-57-en	2025-08-15-2449-57-en	2025-08-15	Land Title Settlement Dept. - Hadirawalana Pahalagama, Kurunegala D/S Division, Kurunegala District (25/0216)	https://documents.gov.lk/view/extra-gazettes/egz_2025.html	en	https://documents.gov.lk/view/extra-gazettes/2025/8/2449-57_E.pdf	2449/57
lk_extraordinary_gazettes_2020s	2025-08-15-2025-08-15-2449-55-ta	2025-08-15-2449-55-ta	2025-08-15	Land Title Settlement Dept. - Habarakada, Homagama D/S Division, Colombo District (25/55047)	https://documents.gov.lk/view/extra-gazettes/egz_2025.html	ta	https://documents.gov.lk/view/extra-gazettes/2025/8/2449-55_T.pdf	2449/55
lk_extraordinary_gazettes_2020s	2025-08-15-2025-08-15-2449-55-si	2025-08-15-2449-55-si	2025-08-15	Land Title Settlement Dept. - Habarakada, Homagama D/S Division, Colombo District (25/55047)	https://documents.gov.lk/view/extra-gazettes/egz_2025.html	si	https://documents.gov.lk/view/extra-gazettes/2025/8/2449-55_S.pdf	2449/55
lk_extraordinary_gazettes_2020s	2025-08-15-2025-08-15-2449-55-en	2025-08-15-2449-55-en	2025-08-15	Land Title Settlement Dept. - Habarakada, Homagama D/S Division, Colombo District (25/55047)	https://documents.gov.lk/view/extra-gazettes/egz_2025.html	en	https://documents.gov.lk/view/extra-gazettes/2025/8/2449-55_E.pdf	2449/55
lk_extraordinary_gazettes_2020s	2025-08-15-2025-08-15-2449-54-ta	2025-08-15-2449-54-ta	2025-08-15	Land Title Settlement Dept. - Haloya Janapadaya, Doluwa D/S Division, Kandy District (25/0210)	https://documents.gov.lk/view/extra-gazettes/egz_2025.html	ta	https://documents.gov.lk/view/extra-gazettes/2025/8/2449-54_T.pdf	2449/54
lk_extraordinary_gazettes_2020s	2025-08-15-2025-08-15-2449-54-si	2025-08-15-2449-54-si	2025-08-15	Land Title Settlement Dept. - Haloya Janapadaya, Doluwa D/S Division, Kandy District (25/0210)	https://documents.gov.lk/view/extra-gazettes/egz_2025.html	si	https://documents.gov.lk/view/extra-gazettes/2025/8/2449-54_S.pdf	2449/54
lk_extraordinary_gazettes_2020s	2025-08-15-2025-08-15-2449-54-en	2025-08-15-2449-54-en	2025-08-15	Land Title Settlement Dept. - Haloya Janapadaya, Doluwa D/S Division, Kandy District (25/0210)	https://documents.gov.lk/view/extra-gazettes/egz_2025.html	en	https://documents.gov.lk/view/extra-gazettes/2025/8/2449-54_E.pdf	2449/54
lk_extraordinary_gazettes_2020s	2025-08-15-2025-08-15-2449-53-si	2025-08-15-2449-53-si	2025-08-15	Land Title Settlement Dept. - Balalla, Maho D/S Division, Kurunegala District (25/0229)	https://documents.gov.lk/view/extra-gazettes/egz_2025.html	si	https://documents.gov.lk/view/extra-gazettes/2025/8/2449-53_S.pdf	2449/53
lk_extraordinary_gazettes_2020s	2025-08-15-2025-08-15-2449-53-en	2025-08-15-2449-53-en	2025-08-15	Land Title Settlement Dept. - Balalla, Maho D/S Division, Kurunegala District (25/0229)	https://documents.gov.lk/view/extra-gazettes/egz_2025.html	en	https://documents.gov.lk/view/extra-gazettes/2025/8/2449-53_E.pdf	2449/53
lk_extraordinary_gazettes_2020s	2025-08-15-2025-08-15-2449-52-ta	2025-08-15-2449-52-ta	2025-08-15	Dept. of Fiscal Policy- The Inland Revenue Act, No. 24 of 2017 Notice Under Paragraph 1 (a) of Fifth Schedule	https://documents.gov.lk/view/extra-gazettes/egz_2025.html	ta	https://documents.gov.lk/view/extra-gazettes/2025/8/2449-52_T.pdf	2449/52
lk_extraordinary_gazettes_2020s	2025-08-15-2025-08-15-2449-52-si	2025-08-15-2449-52-si	2025-08-15	Dept. of Fiscal Policy- The Inland Revenue Act, No. 24 of 2017 Notice Under Paragraph 1 (a) of Fifth Schedule	https://documents.gov.lk/view/extra-gazettes/egz_2025.html	si	https://documents.gov.lk/view/extra-gazettes/2025/8/2449-52_S.pdf	2449/52
lk_extraordinary_gazettes_2020s	2025-08-15-2025-08-15-2449-52-en	2025-08-15-2449-52-en	2025-08-15	Dept. of Fiscal Policy- The Inland Revenue Act, No. 24 of 2017 Notice Under Paragraph 1 (a) of Fifth Schedule	https://documents.gov.lk/view/extra-gazettes/egz_2025.html	en	https://documents.gov.lk/view/extra-gazettes/2025/8/2449-52_E.pdf	2449/52
lk_extraordinary_gazettes_2020s	2025-08-15-2025-08-15-2449-51-ta	2025-08-15-2449-51-ta	2025-08-15	Land Title Settlement Dept. - Dediyawala, Kalutara D/S Division, Kalutara District (25/0291)	https://documents.gov.lk/view/extra-gazettes/egz_2025.html	ta	https://documents.gov.lk/view/extra-gazettes/2025/8/2449-51_T.pdf	2449/51
lk_extraordinary_gazettes_2020s	2025-08-15-2025-08-15-2449-51-si	2025-08-15-2449-51-si	2025-08-15	Land Title Settlement Dept. - Dediyawala, Kalutara D/S Division, Kalutara District (25/0291)	https://documents.gov.lk/view/extra-gazettes/egz_2025.html	si	https://documents.gov.lk/view/extra-gazettes/2025/8/2449-51_S.pdf	2449/51
lk_extraordinary_gazettes_2020s	2025-08-15-2025-08-15-2449-51-en	2025-08-15-2449-51-en	2025-08-15	Land Title Settlement Dept. - Dediyawala, Kalutara D/S Division, Kalutara District (25/0291)	https://documents.gov.lk/view/extra-gazettes/egz_2025.html	en	https://documents.gov.lk/view/extra-gazettes/2025/8/2449-51_E.pdf	2449/51
lk_extraordinary_gazettes_2020s	2025-08-15-2025-08-15-2449-50-ta	2025-08-15-2449-50-ta	2025-08-15	Land Title Settlement Dept. - Kumbuka, Horana D/S Division, Kalutara District (25/1194)	https://documents.gov.lk/view/extra-gazettes/egz_2025.html	ta	https://documents.gov.lk/view/extra-gazettes/2025/8/2449-50_T.pdf	2449/50
lk_extraordinary_gazettes_2020s	2025-08-15-2025-08-15-2449-50-si	2025-08-15-2449-50-si	2025-08-15	Land Title Settlement Dept. - Kumbuka, Horana D/S Division, Kalutara District (25/1194)	https://documents.gov.lk/view/extra-gazettes/egz_2025.html	si	https://documents.gov.lk/view/extra-gazettes/2025/8/2449-50_S.pdf	2449/50
lk_extraordinary_gazettes_2020s	2025-08-15-2025-08-15-2449-50-en	2025-08-15-2449-50-en	2025-08-15	Land Title Settlement Dept. - Kumbuka, Horana D/S Division, Kalutara District (25/1194)	https://documents.gov.lk/view/extra-gazettes/egz_2025.html	en	https://documents.gov.lk/view/extra-gazettes/2025/8/2449-50_E.pdf	2449/50
lk_extraordinary_gazettes_2020s	2025-08-15-2025-08-15-2449-48-ta	2025-08-15-2449-48-ta	2025-08-15	Land Title Settlement Dept. - Palayakulama, Nachchaduwa D/S Division, Anuradhapura District (25/0312)	https://documents.gov.lk/view/extra-gazettes/egz_2025.html	ta	https://documents.gov.lk/view/extra-gazettes/2025/8/2449-48_T.pdf	2449/48
lk_extraordinary_gazettes_2020s	2025-08-15-2025-08-15-2449-48-si	2025-08-15-2449-48-si	2025-08-15	Land Title Settlement Dept. - Palayakulama, Nachchaduwa D/S Division, Anuradhapura District (25/0312)	https://documents.gov.lk/view/extra-gazettes/egz_2025.html	si	https://documents.gov.lk/view/extra-gazettes/2025/8/2449-48_S.pdf	2449/48
lk_extraordinary_gazettes_2020s	2025-08-15-2025-08-15-2449-48-en	2025-08-15-2449-48-en	2025-08-15	Land Title Settlement Dept. - Palayakulama, Nachchaduwa D/S Division, Anuradhapura District (25/0312)	https://documents.gov.lk/view/extra-gazettes/egz_2025.html	en	https://documents.gov.lk/view/extra-gazettes/2025/8/2449-48_E.pdf	2449/48
lk_extraordinary_gazettes_2020s	2025-08-15-2025-08-15-2449-47-si	2025-08-15-2449-47-si	2025-08-15	Land Title Settlement Dept. - Niyangama, Godakawela D/S Division, Ratnapura District (25/0318)	https://documents.gov.lk/view/extra-gazettes/egz_2025.html	si	https://documents.gov.lk/view/extra-gazettes/2025/8/2449-47_S.pdf	2449/47
lk_extraordinary_gazettes_2020s	2025-08-15-2025-08-15-2449-47-en	2025-08-15-2449-47-en	2025-08-15	Land Title Settlement Dept. - Niyangama, Godakawela D/S Division, Ratnapura District (25/0318)	https://documents.gov.lk/view/extra-gazettes/egz_2025.html	en	https://documents.gov.lk/view/extra-gazettes/2025/8/2449-47_E.pdf	2449/47
lk_extraordinary_gazettes_2020s	2025-08-15-2025-08-15-2449-46-ta	2025-08-15-2449-46-ta	2025-08-15	Land Title Settlement Dept. - Ihala Makandura, Pannala D/S Division, Kurunegala District (25/0273)	https://documents.gov.lk/view/extra-gazettes/egz_2025.html	ta	https://documents.gov.lk/view/extra-gazettes/2025/8/2449-46_T.pdf	2449/46
lk_extraordinary_gazettes_2020s	2025-08-15-2025-08-15-2449-46-si	2025-08-15-2449-46-si	2025-08-15	Land Title Settlement Dept. - Ihala Makandura, Pannala D/S Division, Kurunegala District (25/0273)	https://documents.gov.lk/view/extra-gazettes/egz_2025.html	si	https://documents.gov.lk/view/extra-gazettes/2025/8/2449-46_S.pdf	2449/46
lk_extraordinary_gazettes_2020s	2025-08-15-2025-08-15-2449-46-en	2025-08-15-2449-46-en	2025-08-15	Land Title Settlement Dept. - Ihala Makandura, Pannala D/S Division, Kurunegala District (25/0273)	https://documents.gov.lk/view/extra-gazettes/egz_2025.html	en	https://documents.gov.lk/view/extra-gazettes/2025/8/2449-46_E.pdf	2449/46
lk_extraordinary_gazettes_2020s	2025-08-14-2025-08-14-2449-45-ta	2025-08-14-2449-45-ta	2025-08-14	Land Aquisition - Kovalam, Karainagar D/S Division, Jaffna District Sec 05	https://documents.gov.lk/view/extra-gazettes/egz_2025.html	ta	https://documents.gov.lk/view/extra-gazettes/2025/8/2449-45_T.pdf	2449/45
lk_extraordinary_gazettes_2020s	2025-08-14-2025-08-14-2449-44-ta	2025-08-14-2449-44-ta	2025-08-14	Land Aquisition - Maligawatta, Colombo D/S Division, Colombo District Sec 33	https://documents.gov.lk/view/extra-gazettes/egz_2025.html	ta	https://documents.gov.lk/view/extra-gazettes/2025/8/2449-44_T.pdf	2449/44
lk_extraordinary_gazettes_2020s	2025-08-14-2025-08-14-2449-44-si	2025-08-14-2449-44-si	2025-08-14	Land Aquisition - Maligawatta, Colombo D/S Division, Colombo District Sec 33	https://documents.gov.lk/view/extra-gazettes/egz_2025.html	si	https://documents.gov.lk/view/extra-gazettes/2025/8/2449-44_S.pdf	2449/44
lk_extraordinary_gazettes_2020s	2025-08-14-2025-08-14-2449-44-en	2025-08-14-2449-44-en	2025-08-14	Land Aquisition - Maligawatta, Colombo D/S Division, Colombo District Sec 33	https://documents.gov.lk/view/extra-gazettes/egz_2025.html	en	https://documents.gov.lk/view/extra-gazettes/2025/8/2449-44_E.pdf	2449/44
lk_extraordinary_gazettes_2020s	2025-08-14-2025-08-14-2449-43-ta	2025-08-14-2449-43-ta	2025-08-14	Land Aquisition - Thilinagama, Mirigama D/S Division, Gampaha District,  Sec 07	https://documents.gov.lk/view/extra-gazettes/egz_2025.html	ta	https://documents.gov.lk/view/extra-gazettes/2025/8/2449-43_T.pdf	2449/43
lk_extraordinary_gazettes_2020s	2025-08-14-2025-08-14-2449-42-ta	2025-08-14-2449-42-ta	2025-08-14	Land Aquisition - Galagama, Yatawatta D/S Division,Matale District, Land Aquisition - Correction Notice- Embilipitiya D/S Division, Land Aquisition - Correction Paper - BalapitiyaD/S Division Sec 07	https://documents.gov.lk/view/extra-gazettes/egz_2025.html	ta	https://documents.gov.lk/view/extra-gazettes/2025/8/2449-42_T.pdf	2449/42
lk_extraordinary_gazettes_2020s	2025-08-14-2025-08-14-2449-42-si	2025-08-14-2449-42-si	2025-08-14	Land Aquisition - Galagama, Yatawatta D/S Division,Matale District, Land Aquisition - Correction Notice- Embilipitiya D/S Division, Land Aquisition - Correction Paper - BalapitiyaD/S Division Sec 07	https://documents.gov.lk/view/extra-gazettes/egz_2025.html	si	https://documents.gov.lk/view/extra-gazettes/2025/8/2449-42_S.pdf	2449/42
lk_extraordinary_gazettes_2020s	2025-08-14-2025-08-14-2449-42-en	2025-08-14-2449-42-en	2025-08-14	Land Aquisition - Galagama, Yatawatta D/S Division,Matale District, Land Aquisition - Correction Notice- Embilipitiya D/S Division, Land Aquisition - Correction Paper - BalapitiyaD/S Division Sec 07	https://documents.gov.lk/view/extra-gazettes/egz_2025.html	en	https://documents.gov.lk/view/extra-gazettes/2025/8/2449-42_E.pdf	2449/42
lk_extraordinary_gazettes_2020s	2025-08-14-2025-08-14-2449-40-ta	2025-08-14-2449-40-ta	2025-08-14	Land Title Settlement Dept. - Muththettupita, Ratnapura D/S Division, Ratnapura District (25/0309)	https://documents.gov.lk/view/extra-gazettes/egz_2025.html	ta	https://documents.gov.lk/view/extra-gazettes/2025/8/2449-40_T.pdf	2449/40
lk_extraordinary_gazettes_2020s	2025-08-14-2025-08-14-2449-40-si	2025-08-14-2449-40-si	2025-08-14	Land Title Settlement Dept. - Muththettupita, Ratnapura D/S Division, Ratnapura District (25/0309)	https://documents.gov.lk/view/extra-gazettes/egz_2025.html	si	https://documents.gov.lk/view/extra-gazettes/2025/8/2449-40_S.pdf	2449/40
lk_extraordinary_gazettes_2020s	2025-08-14-2025-08-14-2449-40-en	2025-08-14-2449-40-en	2025-08-14	Land Title Settlement Dept. - Muththettupita, Ratnapura D/S Division, Ratnapura District (25/0309)	https://documents.gov.lk/view/extra-gazettes/egz_2025.html	en	https://documents.gov.lk/view/extra-gazettes/2025/8/2449-40_E.pdf	2449/40
lk_extraordinary_gazettes_2020s	2025-08-14-2025-08-14-2449-39-si	2025-08-14-2449-39-si	2025-08-14	Land Title Settlement Dept. - Mahasenpura, Thissamaharamaya D/S Division, Hambantota District (7843)	https://documents.gov.lk/view/extra-gazettes/egz_2025.html	si	https://documents.gov.lk/view/extra-gazettes/2025/8/2449-39_S.pdf	2449/39
lk_extraordinary_gazettes_2020s	2025-08-14-2025-08-14-2449-39-en	2025-08-14-2449-39-en	2025-08-14	Land Title Settlement Dept. - Mahasenpura, Thissamaharamaya D/S Division, Hambantota District (7843)	https://documents.gov.lk/view/extra-gazettes/egz_2025.html	en	https://documents.gov.lk/view/extra-gazettes/2025/8/2449-39_E.pdf	2449/39
lk_extraordinary_gazettes_2020s	2025-08-14-2025-08-14-2449-37-si	2025-08-14-2449-37-si	2025-08-14	Land Title Settlement Dept. - Vannarpannai, Nallur D/S Division, Jaffna District (25/0030)	https://documents.gov.lk/view/extra-gazettes/egz_2025.html	si	https://documents.gov.lk/view/extra-gazettes/2025/8/2449-37_S.pdf	2449/37
lk_extraordinary_gazettes_2020s	2025-08-14-2025-08-14-2449-37-en	2025-08-14-2449-37-en	2025-08-14	Land Title Settlement Dept. - Vannarpannai, Nallur D/S Division, Jaffna District (25/0030)	https://documents.gov.lk/view/extra-gazettes/egz_2025.html	en	https://documents.gov.lk/view/extra-gazettes/2025/8/2449-37_E.pdf	2449/37
lk_extraordinary_gazettes_2020s	2025-08-14-2025-08-14-2449-36-ta	2025-08-14-2449-36-ta	2025-08-14	Land Title Settlement Dept. - Millathe, Dompe D/S Division, Gampha District (7844)	https://documents.gov.lk/view/extra-gazettes/egz_2025.html	ta	https://documents.gov.lk/view/extra-gazettes/2025/8/2449-36_T.pdf	2449/36
lk_extraordinary_gazettes_2020s	2025-08-14-2025-08-14-2449-36-si	2025-08-14-2449-36-si	2025-08-14	Land Title Settlement Dept. - Millathe, Dompe D/S Division, Gampha District (7844)	https://documents.gov.lk/view/extra-gazettes/egz_2025.html	si	https://documents.gov.lk/view/extra-gazettes/2025/8/2449-36_S.pdf	2449/36
lk_extraordinary_gazettes_2020s	2025-08-14-2025-08-14-2449-36-en	2025-08-14-2449-36-en	2025-08-14	Land Title Settlement Dept. - Millathe, Dompe D/S Division, Gampha District (7844)	https://documents.gov.lk/view/extra-gazettes/egz_2025.html	en	https://documents.gov.lk/view/extra-gazettes/2025/8/2449-36_E.pdf	2449/36
lk_extraordinary_gazettes_2020s	2025-08-14-2025-08-14-2449-35-ta	2025-08-14-2449-35-ta	2025-08-14	Land Title Settlement Dept. - Parana Halpe, Divulapitiya D/S Division, Gampha District (25/0123)	https://documents.gov.lk/view/extra-gazettes/egz_2025.html	ta	https://documents.gov.lk/view/extra-gazettes/2025/8/2449-35_T.pdf	2449/35
lk_extraordinary_gazettes_2020s	2025-08-14-2025-08-14-2449-35-si	2025-08-14-2449-35-si	2025-08-14	Land Title Settlement Dept. - Parana Halpe, Divulapitiya D/S Division, Gampha District (25/0123)	https://documents.gov.lk/view/extra-gazettes/egz_2025.html	si	https://documents.gov.lk/view/extra-gazettes/2025/8/2449-35_S.pdf	2449/35
lk_extraordinary_gazettes_2020s	2025-08-14-2025-08-14-2449-35-en	2025-08-14-2449-35-en	2025-08-14	Land Title Settlement Dept. - Parana Halpe, Divulapitiya D/S Division, Gampha District (25/0123)	https://documents.gov.lk/view/extra-gazettes/egz_2025.html	en	https://documents.gov.lk/view/extra-gazettes/2025/8/2449-35_E.pdf	2449/35
lk_extraordinary_gazettes_2020s	2025-08-14-2025-08-14-2449-34-ta	2025-08-14-2449-34-ta	2025-08-14	Land Title Settlement Dept. - Mallawapitiya, Mallawapitiya D/S Division, Kurunegala District (25/0170)	https://documents.gov.lk/view/extra-gazettes/egz_2025.html	ta	https://documents.gov.lk/view/extra-gazettes/2025/8/2449-34_T.pdf	2449/34
lk_extraordinary_gazettes_2020s	2025-08-14-2025-08-14-2449-34-si	2025-08-14-2449-34-si	2025-08-14	Land Title Settlement Dept. - Mallawapitiya, Mallawapitiya D/S Division, Kurunegala District (25/0170)	https://documents.gov.lk/view/extra-gazettes/egz_2025.html	si	https://documents.gov.lk/view/extra-gazettes/2025/8/2449-34_S.pdf	2449/34
lk_extraordinary_gazettes_2020s	2025-08-14-2025-08-14-2449-34-en	2025-08-14-2449-34-en	2025-08-14	Land Title Settlement Dept. - Mallawapitiya, Mallawapitiya D/S Division, Kurunegala District (25/0170)	https://documents.gov.lk/view/extra-gazettes/egz_2025.html	en	https://documents.gov.lk/view/extra-gazettes/2025/8/2449-34_E.pdf	2449/34
lk_extraordinary_gazettes_2020s	2025-08-14-2025-08-14-2449-33-ta	2025-08-14-2449-33-ta	2025-08-14	Land Title Settlement Dept. - Kahengama, Kuruvita D/S Division, Ratnapura District (25/0234)	https://documents.gov.lk/view/extra-gazettes/egz_2025.html	ta	https://documents.gov.lk/view/extra-gazettes/2025/8/2449-33_T.pdf	2449/33
lk_extraordinary_gazettes_2020s	2025-08-14-2025-08-14-2449-33-si	2025-08-14-2449-33-si	2025-08-14	Land Title Settlement Dept. - Kahengama, Kuruvita D/S Division, Ratnapura District (25/0234)	https://documents.gov.lk/view/extra-gazettes/egz_2025.html	si	https://documents.gov.lk/view/extra-gazettes/2025/8/2449-33_S.pdf	2449/33
lk_extraordinary_gazettes_2020s	2025-08-14-2025-08-14-2449-33-en	2025-08-14-2449-33-en	2025-08-14	Land Title Settlement Dept. - Kahengama, Kuruvita D/S Division, Ratnapura District (25/0234)	https://documents.gov.lk/view/extra-gazettes/egz_2025.html	en	https://documents.gov.lk/view/extra-gazettes/2025/8/2449-33_E.pdf	2449/33
lk_extraordinary_gazettes_2020s	2025-08-14-2025-08-14-2449-32-ta	2025-08-14-2449-32-ta	2025-08-14	Land Title Settlement Dept. - Kumarapuram, Kandavalai D/S Division, Kilinochchi District (25/1200089)	https://documents.gov.lk/view/extra-gazettes/egz_2025.html	ta	https://documents.gov.lk/view/extra-gazettes/2025/8/2449-32_T.pdf	2449/32
lk_extraordinary_gazettes_2020s	2025-08-14-2025-08-14-2449-32-si	2025-08-14-2449-32-si	2025-08-14	Land Title Settlement Dept. - Kumarapuram, Kandavalai D/S Division, Kilinochchi District (25/1200089)	https://documents.gov.lk/view/extra-gazettes/egz_2025.html	si	https://documents.gov.lk/view/extra-gazettes/2025/8/2449-32_S.pdf	2449/32
lk_extraordinary_gazettes_2020s	2025-08-14-2025-08-14-2449-32-en	2025-08-14-2449-32-en	2025-08-14	Land Title Settlement Dept. - Kumarapuram, Kandavalai D/S Division, Kilinochchi District (25/1200089)	https://documents.gov.lk/view/extra-gazettes/egz_2025.html	en	https://documents.gov.lk/view/extra-gazettes/2025/8/2449-32_E.pdf	2449/32
lk_extraordinary_gazettes_2020s	2025-08-14-2025-08-14-2449-31-ta	2025-08-14-2449-31-ta	2025-08-14	Land Title Settlement Dept. - Homagama, Homagama D/S Division, Colombo District (25/0280)	https://documents.gov.lk/view/extra-gazettes/egz_2025.html	ta	https://documents.gov.lk/view/extra-gazettes/2025/8/2449-31_T.pdf	2449/31
lk_extraordinary_gazettes_2020s	2025-08-14-2025-08-14-2449-31-si	2025-08-14-2449-31-si	2025-08-14	Land Title Settlement Dept. - Homagama, Homagama D/S Division, Colombo District (25/0280)	https://documents.gov.lk/view/extra-gazettes/egz_2025.html	si	https://documents.gov.lk/view/extra-gazettes/2025/8/2449-31_S.pdf	2449/31
lk_extraordinary_gazettes_2020s	2025-08-14-2025-08-14-2449-31-en	2025-08-14-2449-31-en	2025-08-14	Land Title Settlement Dept. - Homagama, Homagama D/S Division, Colombo District (25/0280)	https://documents.gov.lk/view/extra-gazettes/egz_2025.html	en	https://documents.gov.lk/view/extra-gazettes/2025/8/2449-31_E.pdf	2449/31
lk_extraordinary_gazettes_2020s	2025-08-14-2025-08-14-2449-30-si	2025-08-14-2449-30-si	2025-08-14	Land Title Settlement Dept. - Meddegoda, Ja-ela D/S Division, Gampaha District (25/0358)	https://documents.gov.lk/view/extra-gazettes/egz_2025.html	si	https://documents.gov.lk/view/extra-gazettes/2025/8/2449-30_S.pdf	2449/30
lk_extraordinary_gazettes_2020s	2025-08-14-2025-08-14-2449-30-en	2025-08-14-2449-30-en	2025-08-14	Land Title Settlement Dept. - Meddegoda, Ja-ela D/S Division, Gampaha District (25/0358)	https://documents.gov.lk/view/extra-gazettes/egz_2025.html	en	https://documents.gov.lk/view/extra-gazettes/2025/8/2449-30_E.pdf	2449/30
lk_extraordinary_gazettes_2020s	2025-08-14-2025-08-14-2449-29-si	2025-08-14-2449-29-si	2025-08-14	Land Title Settlement Dept. -Wattala, Wattala D/S Division, Gampaha District (25/0294)	https://documents.gov.lk/view/extra-gazettes/egz_2025.html	si	https://documents.gov.lk/view/extra-gazettes/2025/8/2449-29_S.pdf	2449/29
lk_extraordinary_gazettes_2020s	2025-08-14-2025-08-14-2449-29-en	2025-08-14-2449-29-en	2025-08-14	Land Title Settlement Dept. -Wattala, Wattala D/S Division, Gampaha District (25/0294)	https://documents.gov.lk/view/extra-gazettes/egz_2025.html	en	https://documents.gov.lk/view/extra-gazettes/2025/8/2449-29_E.pdf	2449/29
lk_extraordinary_gazettes_2020s	2025-08-14-2025-08-14-2449-28-ta	2025-08-14-2449-28-ta	2025-08-14	Land Title Settlement Dept. - Kiribamunegama, Polpithigama D/S Division, Kurunegala District (25/0337)	https://documents.gov.lk/view/extra-gazettes/egz_2025.html	ta	https://documents.gov.lk/view/extra-gazettes/2025/8/2449-28_T.pdf	2449/28
lk_extraordinary_gazettes_2020s	2025-08-14-2025-08-14-2449-28-si	2025-08-14-2449-28-si	2025-08-14	Land Title Settlement Dept. - Kiribamunegama, Polpithigama D/S Division, Kurunegala District (25/0337)	https://documents.gov.lk/view/extra-gazettes/egz_2025.html	si	https://documents.gov.lk/view/extra-gazettes/2025/8/2449-28_S.pdf	2449/28
lk_extraordinary_gazettes_2020s	2025-08-14-2025-08-14-2449-28-en	2025-08-14-2449-28-en	2025-08-14	Land Title Settlement Dept. - Kiribamunegama, Polpithigama D/S Division, Kurunegala District (25/0337)	https://documents.gov.lk/view/extra-gazettes/egz_2025.html	en	https://documents.gov.lk/view/extra-gazettes/2025/8/2449-28_E.pdf	2449/28
lk_extraordinary_gazettes_2020s	2025-08-13-2025-08-13-2449-27-ta	2025-08-13-2449-27-ta	2025-08-13	Ministry of Defence - The Navy Act (Chapter 358) Order Under Section 21	https://documents.gov.lk/view/extra-gazettes/egz_2025.html	ta	https://documents.gov.lk/view/extra-gazettes/2025/8/2449-27_T.pdf	2449/27
lk_extraordinary_gazettes_2020s	2025-08-13-2025-08-13-2449-27-si	2025-08-13-2449-27-si	2025-08-13	Ministry of Defence - The Navy Act (Chapter 358) Order Under Section 21	https://documents.gov.lk/view/extra-gazettes/egz_2025.html	si	https://documents.gov.lk/view/extra-gazettes/2025/8/2449-27_S.pdf	2449/27
lk_extraordinary_gazettes_2020s	2025-08-13-2025-08-13-2449-27-en	2025-08-13-2449-27-en	2025-08-13	Ministry of Defence - The Navy Act (Chapter 358) Order Under Section 21	https://documents.gov.lk/view/extra-gazettes/egz_2025.html	en	https://documents.gov.lk/view/extra-gazettes/2025/8/2449-27_E.pdf	2449/27
lk_extraordinary_gazettes_2020s	2025-08-13-2025-08-13-2449-26-ta	2025-08-13-2449-26-ta	2025-08-13	National Physical Planning Department- The Town and Country Planning Ordinance (Chappter 269) Order Under Section 6(2)(b) and Section 21(2)(b)	https://documents.gov.lk/view/extra-gazettes/egz_2025.html	ta	https://documents.gov.lk/view/extra-gazettes/2025/8/2449-26_T.pdf	2449/26
lk_extraordinary_gazettes_2020s	2025-08-13-2025-08-13-2449-26-si	2025-08-13-2449-26-si	2025-08-13	National Physical Planning Department- The Town and Country Planning Ordinance (Chappter 269) Order Under Section 6(2)(b) and Section 21(2)(b)	https://documents.gov.lk/view/extra-gazettes/egz_2025.html	si	https://documents.gov.lk/view/extra-gazettes/2025/8/2449-26_S.pdf	2449/26
lk_extraordinary_gazettes_2020s	2025-08-13-2025-08-13-2449-26-en	2025-08-13-2449-26-en	2025-08-13	National Physical Planning Department- The Town and Country Planning Ordinance (Chappter 269) Order Under Section 6(2)(b) and Section 21(2)(b)	https://documents.gov.lk/view/extra-gazettes/egz_2025.html	en	https://documents.gov.lk/view/extra-gazettes/2025/8/2449-26_E.pdf	2449/26
lk_extraordinary_gazettes_2020s	2025-08-13-2025-08-13-2449-25-ta	2025-08-13-2449-25-ta	2025-08-13	Election Ã‡ommission - Notice Under Section 66 A (1) (a) Filling of a Vacancy in the office of member of the Matara Pradeshiya Sabha	https://documents.gov.lk/view/extra-gazettes/egz_2025.html	ta	https://documents.gov.lk/view/extra-gazettes/2025/8/2449-25_T.pdf	2449/25
lk_extraordinary_gazettes_2020s	2025-08-13-2025-08-13-2449-25-si	2025-08-13-2449-25-si	2025-08-13	Election Ã‡ommission - Notice Under Section 66 A (1) (a) Filling of a Vacancy in the office of member of the Matara Pradeshiya Sabha	https://documents.gov.lk/view/extra-gazettes/egz_2025.html	si	https://documents.gov.lk/view/extra-gazettes/2025/8/2449-25_S.pdf	2449/25
lk_extraordinary_gazettes_2020s	2025-08-13-2025-08-13-2449-25-en	2025-08-13-2449-25-en	2025-08-13	Election Ã‡ommission - Notice Under Section 66 A (1) (a) Filling of a Vacancy in the office of member of the Matara Pradeshiya Sabha	https://documents.gov.lk/view/extra-gazettes/egz_2025.html	en	https://documents.gov.lk/view/extra-gazettes/2025/8/2449-25_E.pdf	2449/25
lk_extraordinary_gazettes_2020s	2025-08-13-2025-08-13-2449-24-si	2025-08-13-2449-24-si	2025-08-13	M/of Labour- Industrial Dispute between Pathira Wanigasekara and Sri Lanka Transport Board	https://documents.gov.lk/view/extra-gazettes/egz_2025.html	si	https://documents.gov.lk/view/extra-gazettes/2025/8/2449-24_S.pdf	2449/24
lk_extraordinary_gazettes_2020s	2025-08-13-2025-08-13-2449-23-si	2025-08-13-2449-23-si	2025-08-13	2449/23	https://documents.gov.lk/view/extra-gazettes/egz_2025.html	si	https://documents.gov.lk/view/extra-gazettes/2025/8/2449-23_S.pdf	2449/23
lk_extraordinary_gazettes_2020s	2025-08-13-2025-08-13-2449-22-si	2025-08-13-2449-22-si	2025-08-13	Land Title Settlement Dept. - Idigaspothana, Thalawa North D/S Division, Anuradhapura District (25/0313)	https://documents.gov.lk/view/extra-gazettes/egz_2025.html	si	https://documents.gov.lk/view/extra-gazettes/2025/8/2449-22_S.pdf	2449/22
lk_extraordinary_gazettes_2020s	2025-08-13-2025-08-13-2449-22-en	2025-08-13-2449-22-en	2025-08-13	Land Title Settlement Dept. - Idigaspothana, Thalawa North D/S Division, Anuradhapura District (25/0313)	https://documents.gov.lk/view/extra-gazettes/egz_2025.html	en	https://documents.gov.lk/view/extra-gazettes/2025/8/2449-22_E.pdf	2449/22
lk_extraordinary_gazettes_2020s	2025-08-13-2025-08-13-2449-21-ta	2025-08-13-2449-21-ta	2025-08-13	Land Title Settlement Dept. - Kottapola, Galigamuwa North D/S Division, Kegalle District (25/0299)	https://documents.gov.lk/view/extra-gazettes/egz_2025.html	ta	https://documents.gov.lk/view/extra-gazettes/2025/8/2449-21_T.pdf	2449/21
lk_extraordinary_gazettes_2020s	2025-08-13-2025-08-13-2449-21-si	2025-08-13-2449-21-si	2025-08-13	Land Title Settlement Dept. - Kottapola, Galigamuwa North D/S Division, Kegalle District (25/0299)	https://documents.gov.lk/view/extra-gazettes/egz_2025.html	si	https://documents.gov.lk/view/extra-gazettes/2025/8/2449-21_S.pdf	2449/21
lk_extraordinary_gazettes_2020s	2025-08-13-2025-08-13-2449-21-en	2025-08-13-2449-21-en	2025-08-13	Land Title Settlement Dept. - Kottapola, Galigamuwa North D/S Division, Kegalle District (25/0299)	https://documents.gov.lk/view/extra-gazettes/egz_2025.html	en	https://documents.gov.lk/view/extra-gazettes/2025/8/2449-21_E.pdf	2449/21
lk_extraordinary_gazettes_2020s	2025-08-13-2025-08-13-2449-19-ta	2025-08-13-2449-19-ta	2025-08-13	Land Title Settlement Dept. - Ihalaambathale, Thirappane North D/S Division, Anuradahapura District (24-14-4-00025)	https://documents.gov.lk/view/extra-gazettes/egz_2025.html	ta	https://documents.gov.lk/view/extra-gazettes/2025/8/2449-19_T.pdf	2449/19
lk_extraordinary_gazettes_2020s	2025-08-13-2025-08-13-2449-19-si	2025-08-13-2449-19-si	2025-08-13	Land Title Settlement Dept. - Ihalaambathale, Thirappane North D/S Division, Anuradahapura District (24-14-4-00025)	https://documents.gov.lk/view/extra-gazettes/egz_2025.html	si	https://documents.gov.lk/view/extra-gazettes/2025/8/2449-19_S.pdf	2449/19
lk_extraordinary_gazettes_2020s	2025-08-13-2025-08-13-2449-19-en	2025-08-13-2449-19-en	2025-08-13	Land Title Settlement Dept. - Ihalaambathale, Thirappane North D/S Division, Anuradahapura District (24-14-4-00025)	https://documents.gov.lk/view/extra-gazettes/egz_2025.html	en	https://documents.gov.lk/view/extra-gazettes/2025/8/2449-19_E.pdf	2449/19
lk_extraordinary_gazettes_2020s	2025-08-13-2025-08-13-2449-18-ta	2025-08-13-2449-18-ta	2025-08-13	Land Title Settlement Dept. - Nochchimunai, Manmunai North D/S Division, Batticaloa District (25/0123)	https://documents.gov.lk/view/extra-gazettes/egz_2025.html	ta	https://documents.gov.lk/view/extra-gazettes/2025/8/2449-18_T.pdf	2449/18
lk_extraordinary_gazettes_2020s	2025-08-13-2025-08-13-2449-18-si	2025-08-13-2449-18-si	2025-08-13	Land Title Settlement Dept. - Nochchimunai, Manmunai North D/S Division, Batticaloa District (25/0123)	https://documents.gov.lk/view/extra-gazettes/egz_2025.html	si	https://documents.gov.lk/view/extra-gazettes/2025/8/2449-18_S.pdf	2449/18
lk_extraordinary_gazettes_2020s	2025-08-13-2025-08-13-2449-18-en	2025-08-13-2449-18-en	2025-08-13	Land Title Settlement Dept. - Nochchimunai, Manmunai North D/S Division, Batticaloa District (25/0123)	https://documents.gov.lk/view/extra-gazettes/egz_2025.html	en	https://documents.gov.lk/view/extra-gazettes/2025/8/2449-18_E.pdf	2449/18
lk_extraordinary_gazettes_2020s	2025-08-13-2025-08-13-2449-17-si	2025-08-13-2449-17-si	2025-08-13	Land Title Settlement Dept. - Kukulapola, Mahiyanganaya D/S Division, Badulla District (25/0340)	https://documents.gov.lk/view/extra-gazettes/egz_2025.html	si	https://documents.gov.lk/view/extra-gazettes/2025/8/2449-17_S.pdf	2449/17
lk_extraordinary_gazettes_2020s	2025-08-13-2025-08-13-2449-17-en	2025-08-13-2449-17-en	2025-08-13	Land Title Settlement Dept. - Kukulapola, Mahiyanganaya D/S Division, Badulla District (25/0340)	https://documents.gov.lk/view/extra-gazettes/egz_2025.html	en	https://documents.gov.lk/view/extra-gazettes/2025/8/2449-17_E.pdf	2449/17
lk_extraordinary_gazettes_2020s	2025-08-13-2025-08-13-2449-16-ta	2025-08-13-2449-16-ta	2025-08-13	Land Title Settlement Dept. - Haragama, Gangawatakoralaya D/S Division, Kandy District (7841)	https://documents.gov.lk/view/extra-gazettes/egz_2025.html	ta	https://documents.gov.lk/view/extra-gazettes/2025/8/2449-16_T.pdf	2449/16
lk_extraordinary_gazettes_2020s	2025-08-13-2025-08-13-2449-16-si	2025-08-13-2449-16-si	2025-08-13	Land Title Settlement Dept. - Haragama, Gangawatakoralaya D/S Division, Kandy District (7841)	https://documents.gov.lk/view/extra-gazettes/egz_2025.html	si	https://documents.gov.lk/view/extra-gazettes/2025/8/2449-16_S.pdf	2449/16
lk_extraordinary_gazettes_2020s	2025-08-13-2025-08-13-2449-16-en	2025-08-13-2449-16-en	2025-08-13	Land Title Settlement Dept. - Haragama, Gangawatakoralaya D/S Division, Kandy District (7841)	https://documents.gov.lk/view/extra-gazettes/egz_2025.html	en	https://documents.gov.lk/view/extra-gazettes/2025/8/2449-16_E.pdf	2449/16
lk_extraordinary_gazettes_2020s	2025-08-13-2025-08-13-2449-15-ta	2025-08-13-2449-15-ta	2025-08-13	Dept. of Local Government- North Central Province Pradeshiya Sabha Act, No. 15 of 1987 Notice of Roads and Lanes Owned by Pradeshiya Sabha	https://documents.gov.lk/view/extra-gazettes/egz_2025.html	ta	https://documents.gov.lk/view/extra-gazettes/2025/8/2449-15_T.pdf	2449/15
lk_extraordinary_gazettes_2020s	2025-08-13-2025-08-13-2449-15-si	2025-08-13-2449-15-si	2025-08-13	Dept. of Local Government- North Central Province Pradeshiya Sabha Act, No. 15 of 1987 Notice of Roads and Lanes Owned by Pradeshiya Sabha	https://documents.gov.lk/view/extra-gazettes/egz_2025.html	si	https://documents.gov.lk/view/extra-gazettes/2025/8/2449-15_S.pdf	2449/15
lk_extraordinary_gazettes_2020s	2025-08-13-2025-08-13-2449-15-en	2025-08-13-2449-15-en	2025-08-13	Dept. of Local Government- North Central Province Pradeshiya Sabha Act, No. 15 of 1987 Notice of Roads and Lanes Owned by Pradeshiya Sabha	https://documents.gov.lk/view/extra-gazettes/egz_2025.html	en	https://documents.gov.lk/view/extra-gazettes/2025/8/2449-15_E.pdf	2449/15
lk_extraordinary_gazettes_2020s	2025-08-13-2025-08-13-2449-14-ta	2025-08-13-2449-14-ta	2025-08-13	Dept. of Local Government- Southern Province - Notice Under Section 66 C (1) Elected Chairman and Vice Chairman Weligama Pradeshiya Sabha	https://documents.gov.lk/view/extra-gazettes/egz_2025.html	ta	https://documents.gov.lk/view/extra-gazettes/2025/8/2449-14_T.pdf	2449/14
lk_extraordinary_gazettes_2020s	2025-08-13-2025-08-13-2449-14-si	2025-08-13-2449-14-si	2025-08-13	Dept. of Local Government- Southern Province - Notice Under Section 66 C (1) Elected Chairman and Vice Chairman Weligama Pradeshiya Sabha	https://documents.gov.lk/view/extra-gazettes/egz_2025.html	si	https://documents.gov.lk/view/extra-gazettes/2025/8/2449-14_S.pdf	2449/14
lk_extraordinary_gazettes_2020s	2025-08-13-2025-08-13-2449-14-en	2025-08-13-2449-14-en	2025-08-13	Dept. of Local Government- Southern Province - Notice Under Section 66 C (1) Elected Chairman and Vice Chairman Weligama Pradeshiya Sabha	https://documents.gov.lk/view/extra-gazettes/egz_2025.html	en	https://documents.gov.lk/view/extra-gazettes/2025/8/2449-14_E.pdf	2449/14
lk_extraordinary_gazettes_2020s	2025-08-12-2025-08-12-2449-13-ta	2025-08-12-2449-13-ta	2025-08-12	District Secretariat- Ratnapura Pilgrimages Ordinance The Esala Festival of Sabaragamuwa Maha Saman Devalaya-2025	https://documents.gov.lk/view/extra-gazettes/egz_2025.html	ta	https://documents.gov.lk/view/extra-gazettes/2025/8/2449-13_T.pdf	2449/13
lk_extraordinary_gazettes_2020s	2025-08-12-2025-08-12-2449-13-si	2025-08-12-2449-13-si	2025-08-12	District Secretariat- Ratnapura Pilgrimages Ordinance The Esala Festival of Sabaragamuwa Maha Saman Devalaya-2025	https://documents.gov.lk/view/extra-gazettes/egz_2025.html	si	https://documents.gov.lk/view/extra-gazettes/2025/8/2449-13_S.pdf	2449/13
lk_extraordinary_gazettes_2020s	2025-08-12-2025-08-12-2449-13-en	2025-08-12-2449-13-en	2025-08-12	District Secretariat- Ratnapura Pilgrimages Ordinance The Esala Festival of Sabaragamuwa Maha Saman Devalaya-2025	https://documents.gov.lk/view/extra-gazettes/egz_2025.html	en	https://documents.gov.lk/view/extra-gazettes/2025/8/2449-13_E.pdf	2449/13
lk_extraordinary_gazettes_2020s	2025-08-12-2025-08-12-2449-12-ta	2025-08-12-2449-12-ta	2025-08-12	Mahiyanganaya D/S. Esala Festival of Mahiyanganaya - 2025	https://documents.gov.lk/view/extra-gazettes/egz_2025.html	ta	https://documents.gov.lk/view/extra-gazettes/2025/8/2449-12_T.pdf	2449/12
lk_extraordinary_gazettes_2020s	2025-08-12-2025-08-12-2449-12-si	2025-08-12-2449-12-si	2025-08-12	Mahiyanganaya D/S. Esala Festival of Mahiyanganaya - 2025	https://documents.gov.lk/view/extra-gazettes/egz_2025.html	si	https://documents.gov.lk/view/extra-gazettes/2025/8/2449-12_S.pdf	2449/12
lk_extraordinary_gazettes_2020s	2025-08-12-2025-08-12-2449-12-en	2025-08-12-2449-12-en	2025-08-12	Mahiyanganaya D/S. Esala Festival of Mahiyanganaya - 2025	https://documents.gov.lk/view/extra-gazettes/egz_2025.html	en	https://documents.gov.lk/view/extra-gazettes/2025/8/2449-12_E.pdf	2449/12
lk_extraordinary_gazettes_2020s	2025-08-12-2025-08-12-2449-09-ta	2025-08-12-2449-09-ta	2025-08-12	Land Aquisition - Galagedara Village, Thumpane D/S Division, Kandy District. Order No. 76 of 2025 Sec 38 (a)	https://documents.gov.lk/view/extra-gazettes/egz_2025.html	ta	https://documents.gov.lk/view/extra-gazettes/2025/8/2449-09_T.pdf	2449/09
lk_extraordinary_gazettes_2020s	2025-08-12-2025-08-12-2449-09-si	2025-08-12-2449-09-si	2025-08-12	Land Aquisition - Galagedara Village, Thumpane D/S Division, Kandy District. Order No. 76 of 2025 Sec 38 (a)	https://documents.gov.lk/view/extra-gazettes/egz_2025.html	si	https://documents.gov.lk/view/extra-gazettes/2025/8/2449-09_S.pdf	2449/09
lk_extraordinary_gazettes_2020s	2025-08-12-2025-08-12-2449-09-en	2025-08-12-2449-09-en	2025-08-12	Land Aquisition - Galagedara Village, Thumpane D/S Division, Kandy District. Order No. 76 of 2025 Sec 38 (a)	https://documents.gov.lk/view/extra-gazettes/egz_2025.html	en	https://documents.gov.lk/view/extra-gazettes/2025/8/2449-09_E.pdf	2449/09
lk_extraordinary_gazettes_2020s	2025-08-12-2025-08-12-2449-08-ta	2025-08-12-2449-08-ta	2025-08-12	Land Aquisition - Panideniya, Udunuwara D/S Division, Kandy District. Land Aquisition - Meevathura, Udunuwara D/S Division, Kandy District Sec. 05	https://documents.gov.lk/view/extra-gazettes/egz_2025.html	ta	https://documents.gov.lk/view/extra-gazettes/2025/8/2449-08_T.pdf	2449/08
lk_extraordinary_gazettes_2020s	2025-08-12-2025-08-12-2449-08-si	2025-08-12-2449-08-si	2025-08-12	Land Aquisition - Panideniya, Udunuwara D/S Division, Kandy District. Land Aquisition - Meevathura, Udunuwara D/S Division, Kandy District Sec. 05	https://documents.gov.lk/view/extra-gazettes/egz_2025.html	si	https://documents.gov.lk/view/extra-gazettes/2025/8/2449-08_S.pdf	2449/08
lk_extraordinary_gazettes_2020s	2025-08-12-2025-08-12-2449-08-en	2025-08-12-2449-08-en	2025-08-12	Land Aquisition - Panideniya, Udunuwara D/S Division, Kandy District. Land Aquisition - Meevathura, Udunuwara D/S Division, Kandy District Sec. 05	https://documents.gov.lk/view/extra-gazettes/egz_2025.html	en	https://documents.gov.lk/view/extra-gazettes/2025/8/2449-08_E.pdf	2449/08
lk_extraordinary_gazettes_2020s	2025-08-12-2025-08-12-2449-07-ta	2025-08-12-2449-07-ta	2025-08-12	Land Aquisition - Arukwatta, Padukka D/S Division, Colombo District. Land Aquisition - Meevathura, Udunuwara D/S Division, Kandy District Sec. 05	https://documents.gov.lk/view/extra-gazettes/egz_2025.html	ta	https://documents.gov.lk/view/extra-gazettes/2025/8/2449-07_T.pdf	2449/07
lk_extraordinary_gazettes_2020s	2025-08-12-2025-08-12-2449-07-si	2025-08-12-2449-07-si	2025-08-12	Land Aquisition - Arukwatta, Padukka D/S Division, Colombo District. Land Aquisition - Meevathura, Udunuwara D/S Division, Kandy District Sec. 05	https://documents.gov.lk/view/extra-gazettes/egz_2025.html	si	https://documents.gov.lk/view/extra-gazettes/2025/8/2449-07_S.pdf	2449/07
lk_extraordinary_gazettes_2020s	2025-08-12-2025-08-12-2449-07-en	2025-08-12-2449-07-en	2025-08-12	Land Aquisition - Arukwatta, Padukka D/S Division, Colombo District. Land Aquisition - Meevathura, Udunuwara D/S Division, Kandy District Sec. 05	https://documents.gov.lk/view/extra-gazettes/egz_2025.html	en	https://documents.gov.lk/view/extra-gazettes/2025/8/2449-07_E.pdf	2449/07
lk_extraordinary_gazettes_2020s	2025-08-12-2025-08-12-2449-06-ta	2025-08-12-2449-06-ta	2025-08-12	Dehiowita Pradeshiya Sabha - Roads and Paths	https://documents.gov.lk/view/extra-gazettes/egz_2025.html	ta	https://documents.gov.lk/view/extra-gazettes/2025/8/2449-06_T.pdf	2449/06
lk_extraordinary_gazettes_2020s	2025-08-12-2025-08-12-2449-06-si	2025-08-12-2449-06-si	2025-08-12	Dehiowita Pradeshiya Sabha - Roads and Paths	https://documents.gov.lk/view/extra-gazettes/egz_2025.html	si	https://documents.gov.lk/view/extra-gazettes/2025/8/2449-06_S.pdf	2449/06
lk_extraordinary_gazettes_2020s	2025-08-12-2025-08-12-2449-06-en	2025-08-12-2449-06-en	2025-08-12	Dehiowita Pradeshiya Sabha - Roads and Paths	https://documents.gov.lk/view/extra-gazettes/egz_2025.html	en	https://documents.gov.lk/view/extra-gazettes/2025/8/2449-06_E.pdf	2449/06
lk_extraordinary_gazettes_2020s	2025-08-12-2025-08-12-2449-05-ta	2025-08-12-2449-05-ta	2025-08-12	Land Aquisition - Ganga Ihala Korale D/S Division, Kandy District. Land Aquisition -Correction Paper, Kesbewa D/S Division, Colombo District. Land Aquisition -Correction Paper, Thumpane D/S Division, Land Aquisition- Errata- Pannala D/S Division, Land Aquisition - Amendment - Udadumbara Sec. 07	https://documents.gov.lk/view/extra-gazettes/egz_2025.html	ta	https://documents.gov.lk/view/extra-gazettes/2025/8/2449-05_T.pdf	2449/05
lk_extraordinary_gazettes_2020s	2025-08-12-2025-08-12-2449-05-si	2025-08-12-2449-05-si	2025-08-12	Land Aquisition - Ganga Ihala Korale D/S Division, Kandy District. Land Aquisition -Correction Paper, Kesbewa D/S Division, Colombo District. Land Aquisition -Correction Paper, Thumpane D/S Division, Land Aquisition- Errata- Pannala D/S Division, Land Aquisition - Amendment - Udadumbara Sec. 07	https://documents.gov.lk/view/extra-gazettes/egz_2025.html	si	https://documents.gov.lk/view/extra-gazettes/2025/8/2449-05_S.pdf	2449/05
lk_extraordinary_gazettes_2020s	2025-08-12-2025-08-12-2449-05-en	2025-08-12-2449-05-en	2025-08-12	Land Aquisition - Ganga Ihala Korale D/S Division, Kandy District. Land Aquisition -Correction Paper, Kesbewa D/S Division, Colombo District. Land Aquisition -Correction Paper, Thumpane D/S Division, Land Aquisition- Errata- Pannala D/S Division, Land Aquisition - Amendment - Udadumbara Sec. 07	https://documents.gov.lk/view/extra-gazettes/egz_2025.html	en	https://documents.gov.lk/view/extra-gazettes/2025/8/2449-05_E.pdf	2449/05
lk_extraordinary_gazettes_2020s	2025-08-12-2025-08-12-2449-04-si	2025-08-12-2449-04-si	2025-08-12	Dept. of Local Governtment- Sabaragamuwa P. C. Elected to the Post of Cairman and Vice Chairman for Pelmadulla Pradeshiya Sabha	https://documents.gov.lk/view/extra-gazettes/egz_2025.html	si	https://documents.gov.lk/view/extra-gazettes/2025/8/2449-04_S.pdf	2449/04
lk_extraordinary_gazettes_2020s	2025-08-12-2025-08-12-2449-04-en	2025-08-12-2449-04-en	2025-08-12	Dept. of Local Governtment- Sabaragamuwa P. C. Elected to the Post of Cairman and Vice Chairman for Pelmadulla Pradeshiya Sabha	https://documents.gov.lk/view/extra-gazettes/egz_2025.html	en	https://documents.gov.lk/view/extra-gazettes/2025/8/2449-04_E.pdf	2449/04
lk_extraordinary_gazettes_2020s	2025-08-11-2025-08-11-2449-03-ta	2025-08-11-2449-03-ta	2025-08-11	Dept. of L.G. Central Province - Notice Under Section 66 C (1) Elected Deputy Chairman of a Ukuwela Pradeshiya Sabha	https://documents.gov.lk/view/extra-gazettes/egz_2025.html	ta	https://documents.gov.lk/view/extra-gazettes/2025/8/2449-03_T.pdf	2449/03
lk_extraordinary_gazettes_2020s	2025-08-11-2025-08-11-2449-03-si	2025-08-11-2449-03-si	2025-08-11	Dept. of L.G. Central Province - Notice Under Section 66 C (1) Elected Deputy Chairman of a Ukuwela Pradeshiya Sabha	https://documents.gov.lk/view/extra-gazettes/egz_2025.html	si	https://documents.gov.lk/view/extra-gazettes/2025/8/2449-03_S.pdf	2449/03
lk_extraordinary_gazettes_2020s	2025-08-11-2025-08-11-2449-03-en	2025-08-11-2449-03-en	2025-08-11	Dept. of L.G. Central Province - Notice Under Section 66 C (1) Elected Deputy Chairman of a Ukuwela Pradeshiya Sabha	https://documents.gov.lk/view/extra-gazettes/egz_2025.html	en	https://documents.gov.lk/view/extra-gazettes/2025/8/2449-03_E.pdf	2449/03
lk_extraordinary_gazettes_2020s	2025-08-11-2025-08-11-2449-02-ta	2025-08-11-2449-02-ta	2025-08-11	Presidential Secretariat - Appointed Chief Secretary of the Uva Province	https://documents.gov.lk/view/extra-gazettes/egz_2025.html	ta	https://documents.gov.lk/view/extra-gazettes/2025/8/2449-02_T.pdf	2449/02
lk_extraordinary_gazettes_2020s	2025-08-11-2025-08-11-2449-02-si	2025-08-11-2449-02-si	2025-08-11	Presidential Secretariat - Appointed Chief Secretary of the Uva Province	https://documents.gov.lk/view/extra-gazettes/egz_2025.html	si	https://documents.gov.lk/view/extra-gazettes/2025/8/2449-02_S.pdf	2449/02
lk_extraordinary_gazettes_2020s	2025-08-11-2025-08-11-2449-02-en	2025-08-11-2449-02-en	2025-08-11	Presidential Secretariat - Appointed Chief Secretary of the Uva Province	https://documents.gov.lk/view/extra-gazettes/egz_2025.html	en	https://documents.gov.lk/view/extra-gazettes/2025/8/2449-02_E.pdf	2449/02
lk_extraordinary_gazettes_2020s	2025-08-11-2025-08-11-2449-01-ta	2025-08-11-2449-01-ta	2025-08-11	Sri Lanka Customs - Rates of Exchange with effect from 11.08.2025 to 17.08.2025	https://documents.gov.lk/view/extra-gazettes/egz_2025.html	ta	https://documents.gov.lk/view/extra-gazettes/2025/8/2449-01_T.pdf	2449/01
lk_extraordinary_gazettes_2020s	2025-08-11-2025-08-11-2449-01-si	2025-08-11-2449-01-si	2025-08-11	Sri Lanka Customs - Rates of Exchange with effect from 11.08.2025 to 17.08.2025	https://documents.gov.lk/view/extra-gazettes/egz_2025.html	si	https://documents.gov.lk/view/extra-gazettes/2025/8/2449-01_S.pdf	2449/01
lk_extraordinary_gazettes_2020s	2025-08-11-2025-08-11-2449-01-en	2025-08-11-2449-01-en	2025-08-11	Sri Lanka Customs - Rates of Exchange with effect from 11.08.2025 to 17.08.2025	https://documents.gov.lk/view/extra-gazettes/egz_2025.html	en	https://documents.gov.lk/view/extra-gazettes/2025/8/2449-01_E.pdf	2449/01
lk_extraordinary_gazettes_2020s	2025-08-07-2025-08-07-2448-53-ta	2025-08-07-2448-53-ta	2025-08-07	Land Title Settlement Dept. - Aluthgama Bogamuwa, Gampaha D/S Division, Gampaha District (25/55042)	https://documents.gov.lk/view/extra-gazettes/egz_2025.html	ta	https://documents.gov.lk/view/extra-gazettes/2025/8/2448-53_T.pdf	2448/53
lk_extraordinary_gazettes_2020s	2025-08-07-2025-08-07-2448-53-si	2025-08-07-2448-53-si	2025-08-07	Land Title Settlement Dept. - Aluthgama Bogamuwa, Gampaha D/S Division, Gampaha District (25/55042)	https://documents.gov.lk/view/extra-gazettes/egz_2025.html	si	https://documents.gov.lk/view/extra-gazettes/2025/8/2448-53_S.pdf	2448/53
lk_extraordinary_gazettes_2020s	2025-08-07-2025-08-07-2448-53-en	2025-08-07-2448-53-en	2025-08-07	Land Title Settlement Dept. - Aluthgama Bogamuwa, Gampaha D/S Division, Gampaha District (25/55042)	https://documents.gov.lk/view/extra-gazettes/egz_2025.html	en	https://documents.gov.lk/view/extra-gazettes/2025/8/2448-53_E.pdf	2448/53
lk_extraordinary_gazettes_2020s	2025-08-07-2025-08-07-2448-52-ta	2025-08-07-2448-52-ta	2025-08-07	Land Title Settlement Dept. - Sooriyapaluwa, Mahara D/S Division, Gampaha District (25/5514109)	https://documents.gov.lk/view/extra-gazettes/egz_2025.html	ta	https://documents.gov.lk/view/extra-gazettes/2025/8/2448-52_T.pdf	2448/52
lk_extraordinary_gazettes_2020s	2025-08-07-2025-08-07-2448-52-si	2025-08-07-2448-52-si	2025-08-07	Land Title Settlement Dept. - Sooriyapaluwa, Mahara D/S Division, Gampaha District (25/5514109)	https://documents.gov.lk/view/extra-gazettes/egz_2025.html	si	https://documents.gov.lk/view/extra-gazettes/2025/8/2448-52_S.pdf	2448/52
lk_extraordinary_gazettes_2020s	2025-08-07-2025-08-07-2448-52-en	2025-08-07-2448-52-en	2025-08-07	Land Title Settlement Dept. - Sooriyapaluwa, Mahara D/S Division, Gampaha District (25/5514109)	https://documents.gov.lk/view/extra-gazettes/egz_2025.html	en	https://documents.gov.lk/view/extra-gazettes/2025/8/2448-52_E.pdf	2448/52
lk_extraordinary_gazettes_2020s	2025-08-07-2025-08-07-2448-51-si	2025-08-07-2448-51-si	2025-08-07	Land Title Settlement Dept. - Kahathuduwa, Homagama D/S Division, Homagama District (25/5514120)	https://documents.gov.lk/view/extra-gazettes/egz_2025.html	si	https://documents.gov.lk/view/extra-gazettes/2025/8/2448-51_S.pdf	2448/51
lk_extraordinary_gazettes_2020s	2025-08-07-2025-08-07-2448-51-en	2025-08-07-2448-51-en	2025-08-07	Land Title Settlement Dept. - Kahathuduwa, Homagama D/S Division, Homagama District (25/5514120)	https://documents.gov.lk/view/extra-gazettes/egz_2025.html	en	https://documents.gov.lk/view/extra-gazettes/2025/8/2448-51_E.pdf	2448/51
lk_extraordinary_gazettes_2020s	2025-08-07-2025-08-07-2448-50-si	2025-08-07-2448-50-si	2025-08-07	Land Title Settlement Dept. - Pamburana, Matara D/S Division, Matara District (25/5514115)	https://documents.gov.lk/view/extra-gazettes/egz_2025.html	si	https://documents.gov.lk/view/extra-gazettes/2025/8/2448-50_S.pdf	2448/50
lk_extraordinary_gazettes_2020s	2025-08-07-2025-08-07-2448-50-en	2025-08-07-2448-50-en	2025-08-07	Land Title Settlement Dept. - Pamburana, Matara D/S Division, Matara District (25/5514115)	https://documents.gov.lk/view/extra-gazettes/egz_2025.html	en	https://documents.gov.lk/view/extra-gazettes/2025/8/2448-50_E.pdf	2448/50
lk_extraordinary_gazettes_2020s	2025-08-07-2025-08-07-2448-49-si	2025-08-07-2448-49-si	2025-08-07	Land Title Settlement Dept. - Dehipagoda, Udunuwara D/S Division, Kandy District (25/5514130)	https://documents.gov.lk/view/extra-gazettes/egz_2025.html	si	https://documents.gov.lk/view/extra-gazettes/2025/8/2448-49_S.pdf	2448/49
lk_extraordinary_gazettes_2020s	2025-08-07-2025-08-07-2448-49-en	2025-08-07-2448-49-en	2025-08-07	Land Title Settlement Dept. - Dehipagoda, Udunuwara D/S Division, Kandy District (25/5514130)	https://documents.gov.lk/view/extra-gazettes/egz_2025.html	en	https://documents.gov.lk/view/extra-gazettes/2025/8/2448-49_E.pdf	2448/49
lk_extraordinary_gazettes_2020s	2025-08-07-2025-08-07-2448-48-ta	2025-08-07-2448-48-ta	2025-08-07	Land Title Settlement Dept. - Wathurugama, Dompe D/S Division, Gampaha District (25/5514116)	https://documents.gov.lk/view/extra-gazettes/egz_2025.html	ta	https://documents.gov.lk/view/extra-gazettes/2025/8/2448-48_T.pdf	2448/48
lk_extraordinary_gazettes_2020s	2025-08-07-2025-08-07-2448-48-si	2025-08-07-2448-48-si	2025-08-07	Land Title Settlement Dept. - Wathurugama, Dompe D/S Division, Gampaha District (25/5514116)	https://documents.gov.lk/view/extra-gazettes/egz_2025.html	si	https://documents.gov.lk/view/extra-gazettes/2025/8/2448-48_S.pdf	2448/48
lk_extraordinary_gazettes_2020s	2025-08-07-2025-08-07-2448-48-en	2025-08-07-2448-48-en	2025-08-07	Land Title Settlement Dept. - Wathurugama, Dompe D/S Division, Gampaha District (25/5514116)	https://documents.gov.lk/view/extra-gazettes/egz_2025.html	en	https://documents.gov.lk/view/extra-gazettes/2025/8/2448-48_E.pdf	2448/48
lk_extraordinary_gazettes_2020s	2025-08-07-2025-08-07-2448-47-si	2025-08-07-2448-47-si	2025-08-07	Land Title Settlement Dept. - Aluththota, Wennappuwa D/S Division, Puttalam District (25/5514125)	https://documents.gov.lk/view/extra-gazettes/egz_2025.html	si	https://documents.gov.lk/view/extra-gazettes/2025/8/2448-47_S.pdf	2448/47
lk_extraordinary_gazettes_2020s	2025-08-07-2025-08-07-2448-47-en	2025-08-07-2448-47-en	2025-08-07	Land Title Settlement Dept. - Aluththota, Wennappuwa D/S Division, Puttalam District (25/5514125)	https://documents.gov.lk/view/extra-gazettes/egz_2025.html	en	https://documents.gov.lk/view/extra-gazettes/2025/8/2448-47_E.pdf	2448/47
lk_extraordinary_gazettes_2020s	2025-08-07-2025-08-07-2448-46-si	2025-08-07-2448-46-si	2025-08-07	Land Title Settlement Dept. - Kadawala, Katana D/S Division, Gampaha District (25/5514128)	https://documents.gov.lk/view/extra-gazettes/egz_2025.html	si	https://documents.gov.lk/view/extra-gazettes/2025/8/2448-46_S.pdf	2448/46
lk_extraordinary_gazettes_2020s	2025-08-07-2025-08-07-2448-46-en	2025-08-07-2448-46-en	2025-08-07	Land Title Settlement Dept. - Kadawala, Katana D/S Division, Gampaha District (25/5514128)	https://documents.gov.lk/view/extra-gazettes/egz_2025.html	en	https://documents.gov.lk/view/extra-gazettes/2025/8/2448-46_E.pdf	2448/46
lk_extraordinary_gazettes_2020s	2025-08-07-2025-08-07-2448-45-si	2025-08-07-2448-45-si	2025-08-07	Land Title Settlement Dept. - Sadagiripura, Thissamaharama D/S Division, Hambantota District (25/5514122)	https://documents.gov.lk/view/extra-gazettes/egz_2025.html	si	https://documents.gov.lk/view/extra-gazettes/2025/8/2448-45_S.pdf	2448/45
lk_extraordinary_gazettes_2020s	2025-08-07-2025-08-07-2448-45-en	2025-08-07-2448-45-en	2025-08-07	Land Title Settlement Dept. - Sadagiripura, Thissamaharama D/S Division, Hambantota District (25/5514122)	https://documents.gov.lk/view/extra-gazettes/egz_2025.html	en	https://documents.gov.lk/view/extra-gazettes/2025/8/2448-45_E.pdf	2448/45
lk_extraordinary_gazettes_2020s	2025-08-07-2025-08-07-2448-44-si	2025-08-07-2448-44-si	2025-08-07	Land Title Settlement Dept. - Elpitiya, Udapalatha D/S Division, Kandy District (25/5514129)	https://documents.gov.lk/view/extra-gazettes/egz_2025.html	si	https://documents.gov.lk/view/extra-gazettes/2025/8/2448-44_S.pdf	2448/44
lk_extraordinary_gazettes_2020s	2025-08-07-2025-08-07-2448-44-en	2025-08-07-2448-44-en	2025-08-07	Land Title Settlement Dept. - Elpitiya, Udapalatha D/S Division, Kandy District (25/5514129)	https://documents.gov.lk/view/extra-gazettes/egz_2025.html	en	https://documents.gov.lk/view/extra-gazettes/2025/8/2448-44_E.pdf	2448/44
lk_extraordinary_gazettes_2020s	2025-08-07-2025-08-07-2448-43-ta	2025-08-07-2448-43-ta	2025-08-07	Land Title Settlement Dept. - Bamunawela, Kurunegla D/S Division, Kurunegala District (25/55037)	https://documents.gov.lk/view/extra-gazettes/egz_2025.html	ta	https://documents.gov.lk/view/extra-gazettes/2025/8/2448-43_T.pdf	2448/43
lk_extraordinary_gazettes_2020s	2025-08-07-2025-08-07-2448-43-si	2025-08-07-2448-43-si	2025-08-07	Land Title Settlement Dept. - Bamunawela, Kurunegla D/S Division, Kurunegala District (25/55037)	https://documents.gov.lk/view/extra-gazettes/egz_2025.html	si	https://documents.gov.lk/view/extra-gazettes/2025/8/2448-43_S.pdf	2448/43
lk_extraordinary_gazettes_2020s	2025-08-07-2025-08-07-2448-43-en	2025-08-07-2448-43-en	2025-08-07	Land Title Settlement Dept. - Bamunawela, Kurunegla D/S Division, Kurunegala District (25/55037)	https://documents.gov.lk/view/extra-gazettes/egz_2025.html	en	https://documents.gov.lk/view/extra-gazettes/2025/8/2448-43_E.pdf	2448/43
lk_extraordinary_gazettes_2020s	2025-08-07-2025-08-07-2448-42-ta	2025-08-07-2448-42-ta	2025-08-07	Land Title Settlement Dept. - Thiththapajjala, Harispaththuwa D/S Division, Kandy District (25/55043)	https://documents.gov.lk/view/extra-gazettes/egz_2025.html	ta	https://documents.gov.lk/view/extra-gazettes/2025/8/2448-42_T.pdf	2448/42
lk_extraordinary_gazettes_2020s	2025-08-07-2025-08-07-2448-42-si	2025-08-07-2448-42-si	2025-08-07	Land Title Settlement Dept. - Thiththapajjala, Harispaththuwa D/S Division, Kandy District (25/55043)	https://documents.gov.lk/view/extra-gazettes/egz_2025.html	si	https://documents.gov.lk/view/extra-gazettes/2025/8/2448-42_S.pdf	2448/42
lk_extraordinary_gazettes_2020s	2025-08-07-2025-08-07-2448-42-en	2025-08-07-2448-42-en	2025-08-07	Land Title Settlement Dept. - Thiththapajjala, Harispaththuwa D/S Division, Kandy District (25/55043)	https://documents.gov.lk/view/extra-gazettes/egz_2025.html	en	https://documents.gov.lk/view/extra-gazettes/2025/8/2448-42_E.pdf	2448/42
lk_extraordinary_gazettes_2020s	2025-08-07-2025-08-07-2448-40-ta	2025-08-07-2448-40-ta	2025-08-07	Land Aquisition - Siyabalakele,Wariyapola D/S Division, Kurunegala District Sec. 05. Land Aquisition -Mudannapola,Wariyapola D/S Division, Kurunegala District Sec. 05. Land Aquisition -Thissawa,Wariyapola D/S Division, Kurunegala District Sec. 05	https://documents.gov.lk/view/extra-gazettes/egz_2025.html	ta	https://documents.gov.lk/view/extra-gazettes/2025/8/2448-40_T.pdf	2448/40
lk_extraordinary_gazettes_2020s	2025-08-07-2025-08-07-2448-40-si	2025-08-07-2448-40-si	2025-08-07	Land Aquisition - Siyabalakele,Wariyapola D/S Division, Kurunegala District Sec. 05. Land Aquisition -Mudannapola,Wariyapola D/S Division, Kurunegala District Sec. 05. Land Aquisition -Thissawa,Wariyapola D/S Division, Kurunegala District Sec. 05	https://documents.gov.lk/view/extra-gazettes/egz_2025.html	si	https://documents.gov.lk/view/extra-gazettes/2025/8/2448-40_S.pdf	2448/40
lk_extraordinary_gazettes_2020s	2025-08-07-2025-08-07-2448-40-en	2025-08-07-2448-40-en	2025-08-07	Land Aquisition - Siyabalakele,Wariyapola D/S Division, Kurunegala District Sec. 05. Land Aquisition -Mudannapola,Wariyapola D/S Division, Kurunegala District Sec. 05. Land Aquisition -Thissawa,Wariyapola D/S Division, Kurunegala District Sec. 05	https://documents.gov.lk/view/extra-gazettes/egz_2025.html	en	https://documents.gov.lk/view/extra-gazettes/2025/8/2448-40_E.pdf	2448/40
lk_extraordinary_gazettes_2020s	2025-08-07-2025-08-07-2448-39-ta	2025-08-07-2448-39-ta	2025-08-07	Land Aquisition - Kengalla, Kundasale D/S Division, Kandy District Sec. 05	https://documents.gov.lk/view/extra-gazettes/egz_2025.html	ta	https://documents.gov.lk/view/extra-gazettes/2025/8/2448-39_T.pdf	2448/39
lk_extraordinary_gazettes_2020s	2025-08-07-2025-08-07-2448-39-si	2025-08-07-2448-39-si	2025-08-07	Land Aquisition - Kengalla, Kundasale D/S Division, Kandy District Sec. 05	https://documents.gov.lk/view/extra-gazettes/egz_2025.html	si	https://documents.gov.lk/view/extra-gazettes/2025/8/2448-39_S.pdf	2448/39
lk_extraordinary_gazettes_2020s	2025-08-07-2025-08-07-2448-39-en	2025-08-07-2448-39-en	2025-08-07	Land Aquisition - Kengalla, Kundasale D/S Division, Kandy District Sec. 05	https://documents.gov.lk/view/extra-gazettes/egz_2025.html	en	https://documents.gov.lk/view/extra-gazettes/2025/8/2448-39_E.pdf	2448/39
lk_extraordinary_gazettes_2020s	2025-08-07-2025-08-07-2448-38-ta	2025-08-07-2448-38-ta	2025-08-07	Dept. of Census and Statistics- The Census Ordinance (Chapter 143) Appointed Census Superintendants and Census Commissioners	https://documents.gov.lk/view/extra-gazettes/egz_2025.html	ta	https://documents.gov.lk/view/extra-gazettes/2025/8/2448-38_T.pdf	2448/38
lk_extraordinary_gazettes_2020s	2025-08-07-2025-08-07-2448-38-si	2025-08-07-2448-38-si	2025-08-07	Dept. of Census and Statistics- The Census Ordinance (Chapter 143) Appointed Census Superintendants and Census Commissioners	https://documents.gov.lk/view/extra-gazettes/egz_2025.html	si	https://documents.gov.lk/view/extra-gazettes/2025/8/2448-38_S.pdf	2448/38
lk_extraordinary_gazettes_2020s	2025-08-07-2025-08-07-2448-38-en	2025-08-07-2448-38-en	2025-08-07	Dept. of Census and Statistics- The Census Ordinance (Chapter 143) Appointed Census Superintendants and Census Commissioners	https://documents.gov.lk/view/extra-gazettes/egz_2025.html	en	https://documents.gov.lk/view/extra-gazettes/2025/8/2448-38_E.pdf	2448/38
lk_extraordinary_gazettes_2020s	2025-08-06-2025-08-06-2448-37-ta	2025-08-06-2448-37-ta	2025-08-06	Land Title Settlement Dept. - Koralewatta, Pannala D/S Division, Kurunegala District (25/5514124)	https://documents.gov.lk/view/extra-gazettes/egz_2025.html	ta	https://documents.gov.lk/view/extra-gazettes/2025/8/2448-37_T.pdf	2448/37
lk_extraordinary_gazettes_2020s	2025-08-06-2025-08-06-2448-37-si	2025-08-06-2448-37-si	2025-08-06	Land Title Settlement Dept. - Koralewatta, Pannala D/S Division, Kurunegala District (25/5514124)	https://documents.gov.lk/view/extra-gazettes/egz_2025.html	si	https://documents.gov.lk/view/extra-gazettes/2025/8/2448-37_S.pdf	2448/37
lk_extraordinary_gazettes_2020s	2025-08-06-2025-08-06-2448-37-en	2025-08-06-2448-37-en	2025-08-06	Land Title Settlement Dept. - Koralewatta, Pannala D/S Division, Kurunegala District (25/5514124)	https://documents.gov.lk/view/extra-gazettes/egz_2025.html	en	https://documents.gov.lk/view/extra-gazettes/2025/8/2448-37_E.pdf	2448/37
lk_extraordinary_gazettes_2020s	2025-08-06-2025-08-06-2448-36-ta	2025-08-06-2448-36-ta	2025-08-06	Land Title Settlement Dept. - Katukenda, Divulapitiya D/S Division, Gampaha District (25/5514118)	https://documents.gov.lk/view/extra-gazettes/egz_2025.html	ta	https://documents.gov.lk/view/extra-gazettes/2025/8/2448-36_T.pdf	2448/36
lk_extraordinary_gazettes_2020s	2025-08-06-2025-08-06-2448-36-si	2025-08-06-2448-36-si	2025-08-06	Land Title Settlement Dept. - Katukenda, Divulapitiya D/S Division, Gampaha District (25/5514118)	https://documents.gov.lk/view/extra-gazettes/egz_2025.html	si	https://documents.gov.lk/view/extra-gazettes/2025/8/2448-36_S.pdf	2448/36
lk_extraordinary_gazettes_2020s	2025-08-06-2025-08-06-2448-36-en	2025-08-06-2448-36-en	2025-08-06	Land Title Settlement Dept. - Katukenda, Divulapitiya D/S Division, Gampaha District (25/5514118)	https://documents.gov.lk/view/extra-gazettes/egz_2025.html	en	https://documents.gov.lk/view/extra-gazettes/2025/8/2448-36_E.pdf	2448/36
lk_extraordinary_gazettes_2020s	2025-08-06-2025-08-06-2448-35-ta	2025-08-06-2448-35-ta	2025-08-06	Land Title Settlement Dept. - Erawwala, Kesbewa D/S Division, Colombo District (25/5514127)	https://documents.gov.lk/view/extra-gazettes/egz_2025.html	ta	https://documents.gov.lk/view/extra-gazettes/2025/8/2448-35_T.pdf	2448/35
lk_extraordinary_gazettes_2020s	2025-08-06-2025-08-06-2448-35-si	2025-08-06-2448-35-si	2025-08-06	Land Title Settlement Dept. - Erawwala, Kesbewa D/S Division, Colombo District (25/5514127)	https://documents.gov.lk/view/extra-gazettes/egz_2025.html	si	https://documents.gov.lk/view/extra-gazettes/2025/8/2448-35_S.pdf	2448/35
lk_extraordinary_gazettes_2020s	2025-08-06-2025-08-06-2448-35-en	2025-08-06-2448-35-en	2025-08-06	Land Title Settlement Dept. - Erawwala, Kesbewa D/S Division, Colombo District (25/5514127)	https://documents.gov.lk/view/extra-gazettes/egz_2025.html	en	https://documents.gov.lk/view/extra-gazettes/2025/8/2448-35_E.pdf	2448/35
lk_extraordinary_gazettes_2020s	2025-08-06-2025-08-06-2448-34-ta	2025-08-06-2448-34-ta	2025-08-06	Land Title Settlement Dept. - Aluthgama Bogamuwa D/S Division, Gampaha District (25/55041)	https://documents.gov.lk/view/extra-gazettes/egz_2025.html	ta	https://documents.gov.lk/view/extra-gazettes/2025/8/2448-34_T.pdf	2448/34
lk_extraordinary_gazettes_2020s	2025-08-06-2025-08-06-2448-34-si	2025-08-06-2448-34-si	2025-08-06	Land Title Settlement Dept. - Aluthgama Bogamuwa D/S Division, Gampaha District (25/55041)	https://documents.gov.lk/view/extra-gazettes/egz_2025.html	si	https://documents.gov.lk/view/extra-gazettes/2025/8/2448-34_S.pdf	2448/34
lk_extraordinary_gazettes_2020s	2025-08-06-2025-08-06-2448-34-en	2025-08-06-2448-34-en	2025-08-06	Land Title Settlement Dept. - Aluthgama Bogamuwa D/S Division, Gampaha District (25/55041)	https://documents.gov.lk/view/extra-gazettes/egz_2025.html	en	https://documents.gov.lk/view/extra-gazettes/2025/8/2448-34_E.pdf	2448/34
lk_extraordinary_gazettes_2020s	2025-08-06-2025-08-06-2448-33-ta	2025-08-06-2448-33-ta	2025-08-06	Land Title Settlement Dept. - Palliyapitiya, Divulapitiya D/S Division, Gampaha District (25/5514119)	https://documents.gov.lk/view/extra-gazettes/egz_2025.html	ta	https://documents.gov.lk/view/extra-gazettes/2025/8/2448-33_T.pdf	2448/33
lk_extraordinary_gazettes_2020s	2025-08-06-2025-08-06-2448-33-si	2025-08-06-2448-33-si	2025-08-06	Land Title Settlement Dept. - Palliyapitiya, Divulapitiya D/S Division, Gampaha District (25/5514119)	https://documents.gov.lk/view/extra-gazettes/egz_2025.html	si	https://documents.gov.lk/view/extra-gazettes/2025/8/2448-33_S.pdf	2448/33
lk_extraordinary_gazettes_2020s	2025-08-06-2025-08-06-2448-33-en	2025-08-06-2448-33-en	2025-08-06	Land Title Settlement Dept. - Palliyapitiya, Divulapitiya D/S Division, Gampaha District (25/5514119)	https://documents.gov.lk/view/extra-gazettes/egz_2025.html	en	https://documents.gov.lk/view/extra-gazettes/2025/8/2448-33_E.pdf	2448/33
lk_extraordinary_gazettes_2020s	2025-08-06-2025-08-06-2448-32-ta	2025-08-06-2448-32-ta	2025-08-06	Land Title Settlement Dept. - Ampitiya Pallegama, Gangawatakorale D/S Division, Kandy District (7834)	https://documents.gov.lk/view/extra-gazettes/egz_2025.html	ta	https://documents.gov.lk/view/extra-gazettes/2025/8/2448-32_T.pdf	2448/32
lk_extraordinary_gazettes_2020s	2025-08-06-2025-08-06-2448-32-si	2025-08-06-2448-32-si	2025-08-06	Land Title Settlement Dept. - Ampitiya Pallegama, Gangawatakorale D/S Division, Kandy District (7834)	https://documents.gov.lk/view/extra-gazettes/egz_2025.html	si	https://documents.gov.lk/view/extra-gazettes/2025/8/2448-32_S.pdf	2448/32
lk_extraordinary_gazettes_2020s	2025-08-06-2025-08-06-2448-32-en	2025-08-06-2448-32-en	2025-08-06	Land Title Settlement Dept. - Ampitiya Pallegama, Gangawatakorale D/S Division, Kandy District (7834)	https://documents.gov.lk/view/extra-gazettes/egz_2025.html	en	https://documents.gov.lk/view/extra-gazettes/2025/8/2448-32_E.pdf	2448/32
lk_extraordinary_gazettes_2020s	2025-08-06-2025-08-06-2448-31-ta	2025-08-06-2448-31-ta	2025-08-06	Land Title Settlement Dept. - Aththidiya North, Ratmalana D/S Division, Colombo District (7842)	https://documents.gov.lk/view/extra-gazettes/egz_2025.html	ta	https://documents.gov.lk/view/extra-gazettes/2025/8/2448-31_T.pdf	2448/31
lk_extraordinary_gazettes_2020s	2025-08-06-2025-08-06-2448-31-si	2025-08-06-2448-31-si	2025-08-06	Land Title Settlement Dept. - Aththidiya North, Ratmalana D/S Division, Colombo District (7842)	https://documents.gov.lk/view/extra-gazettes/egz_2025.html	si	https://documents.gov.lk/view/extra-gazettes/2025/8/2448-31_S.pdf	2448/31
lk_extraordinary_gazettes_2020s	2025-08-06-2025-08-06-2448-31-en	2025-08-06-2448-31-en	2025-08-06	Land Title Settlement Dept. - Aththidiya North, Ratmalana D/S Division, Colombo District (7842)	https://documents.gov.lk/view/extra-gazettes/egz_2025.html	en	https://documents.gov.lk/view/extra-gazettes/2025/8/2448-31_E.pdf	2448/31
lk_extraordinary_gazettes_2020s	2025-08-06-2025-08-06-2448-30-ta	2025-08-06-2448-30-ta	2025-08-06	Land Title Settlement Dept. - Uyandana, Mallawapitiya D/S Division, Kurunegala District (7839)	https://documents.gov.lk/view/extra-gazettes/egz_2025.html	ta	https://documents.gov.lk/view/extra-gazettes/2025/8/2448-30_T.pdf	2448/30
lk_extraordinary_gazettes_2020s	2025-08-06-2025-08-06-2448-30-si	2025-08-06-2448-30-si	2025-08-06	Land Title Settlement Dept. - Uyandana, Mallawapitiya D/S Division, Kurunegala District (7839)	https://documents.gov.lk/view/extra-gazettes/egz_2025.html	si	https://documents.gov.lk/view/extra-gazettes/2025/8/2448-30_S.pdf	2448/30
lk_extraordinary_gazettes_2020s	2025-08-06-2025-08-06-2448-30-en	2025-08-06-2448-30-en	2025-08-06	Land Title Settlement Dept. - Uyandana, Mallawapitiya D/S Division, Kurunegala District (7839)	https://documents.gov.lk/view/extra-gazettes/egz_2025.html	en	https://documents.gov.lk/view/extra-gazettes/2025/8/2448-30_E.pdf	2448/30
lk_extraordinary_gazettes_2020s	2025-08-06-2025-08-06-2448-29-ta	2025-08-06-2448-29-ta	2025-08-06	Land Title Settlement Dept. - Kiribathkumbura, Yatinuwara D/S Division, Kandy District (25/0139)	https://documents.gov.lk/view/extra-gazettes/egz_2025.html	ta	https://documents.gov.lk/view/extra-gazettes/2025/8/2448-29_T.pdf	2448/29
lk_extraordinary_gazettes_2020s	2025-08-06-2025-08-06-2448-29-si	2025-08-06-2448-29-si	2025-08-06	Land Title Settlement Dept. - Kiribathkumbura, Yatinuwara D/S Division, Kandy District (25/0139)	https://documents.gov.lk/view/extra-gazettes/egz_2025.html	si	https://documents.gov.lk/view/extra-gazettes/2025/8/2448-29_S.pdf	2448/29
lk_extraordinary_gazettes_2020s	2025-08-06-2025-08-06-2448-29-en	2025-08-06-2448-29-en	2025-08-06	Land Title Settlement Dept. - Kiribathkumbura, Yatinuwara D/S Division, Kandy District (25/0139)	https://documents.gov.lk/view/extra-gazettes/egz_2025.html	en	https://documents.gov.lk/view/extra-gazettes/2025/8/2448-29_E.pdf	2448/29
lk_extraordinary_gazettes_2020s	2025-08-06-2025-08-06-2448-28-ta	2025-08-06-2448-28-ta	2025-08-06	Land Title Settlement Dept. - Kalalpitiya, Attanagalla D/S Division, Gampaha District (25/0066)	https://documents.gov.lk/view/extra-gazettes/egz_2025.html	ta	https://documents.gov.lk/view/extra-gazettes/2025/8/2448-28_T.pdf	2448/28
lk_extraordinary_gazettes_2020s	2025-08-06-2025-08-06-2448-28-si	2025-08-06-2448-28-si	2025-08-06	Land Title Settlement Dept. - Kalalpitiya, Attanagalla D/S Division, Gampaha District (25/0066)	https://documents.gov.lk/view/extra-gazettes/egz_2025.html	si	https://documents.gov.lk/view/extra-gazettes/2025/8/2448-28_S.pdf	2448/28
lk_extraordinary_gazettes_2020s	2025-08-06-2025-08-06-2448-28-en	2025-08-06-2448-28-en	2025-08-06	Land Title Settlement Dept. - Kalalpitiya, Attanagalla D/S Division, Gampaha District (25/0066)	https://documents.gov.lk/view/extra-gazettes/egz_2025.html	en	https://documents.gov.lk/view/extra-gazettes/2025/8/2448-28_E.pdf	2448/28
lk_extraordinary_gazettes_2020s	2025-08-06-2025-08-06-2448-27-si	2025-08-06-2448-27-si	2025-08-06	Land Title Settlement Dept. - Hunupolagama, Galnewa D/S Division, Anuradhapura District (25/0264)	https://documents.gov.lk/view/extra-gazettes/egz_2025.html	si	https://documents.gov.lk/view/extra-gazettes/2025/8/2448-27_S.pdf	2448/27
lk_extraordinary_gazettes_2020s	2025-08-06-2025-08-06-2448-27-en	2025-08-06-2448-27-en	2025-08-06	Land Title Settlement Dept. - Hunupolagama, Galnewa D/S Division, Anuradhapura District (25/0264)	https://documents.gov.lk/view/extra-gazettes/egz_2025.html	en	https://documents.gov.lk/view/extra-gazettes/2025/8/2448-27_E.pdf	2448/27
lk_extraordinary_gazettes_2020s	2025-08-06-2025-08-06-2448-26-ta	2025-08-06-2448-26-ta	2025-08-06	Land Title Settlement Dept. -Kandawala Ratmalana D/S Division, Colombo District (25/0147)	https://documents.gov.lk/view/extra-gazettes/egz_2025.html	ta	https://documents.gov.lk/view/extra-gazettes/2025/8/2448-26_T.pdf	2448/26
lk_extraordinary_gazettes_2020s	2025-08-06-2025-08-06-2448-26-si	2025-08-06-2448-26-si	2025-08-06	Land Title Settlement Dept. -Kandawala Ratmalana D/S Division, Colombo District (25/0147)	https://documents.gov.lk/view/extra-gazettes/egz_2025.html	si	https://documents.gov.lk/view/extra-gazettes/2025/8/2448-26_S.pdf	2448/26
lk_extraordinary_gazettes_2020s	2025-08-06-2025-08-06-2448-26-en	2025-08-06-2448-26-en	2025-08-06	Land Title Settlement Dept. -Kandawala Ratmalana D/S Division, Colombo District (25/0147)	https://documents.gov.lk/view/extra-gazettes/egz_2025.html	en	https://documents.gov.lk/view/extra-gazettes/2025/8/2448-26_E.pdf	2448/26
lk_extraordinary_gazettes_2020s	2025-08-06-2025-08-06-2448-25-si	2025-08-06-2448-25-si	2025-08-06	Land Title Settlement Dept. -Gunuvai, Vengalacheddikulam D/S Division, Vavuniya District (25/0131)	https://documents.gov.lk/view/extra-gazettes/egz_2025.html	si	https://documents.gov.lk/view/extra-gazettes/2025/8/2448-25_S.pdf	2448/25
lk_extraordinary_gazettes_2020s	2025-08-06-2025-08-06-2448-25-en	2025-08-06-2448-25-en	2025-08-06	Land Title Settlement Dept. -Gunuvai, Vengalacheddikulam D/S Division, Vavuniya District (25/0131)	https://documents.gov.lk/view/extra-gazettes/egz_2025.html	en	https://documents.gov.lk/view/extra-gazettes/2025/8/2448-25_E.pdf	2448/25
lk_extraordinary_gazettes_2020s	2025-08-05-2025-08-05-2448-23-ta	2025-08-05-2448-23-ta	2025-08-05	Office of the District Secretary- Gampaha. Pilgrimage Ordinance The Annual Festal of the National Basilica Shrine of Our Lady of Lanka, Tewatta, Ragama-2025	https://documents.gov.lk/view/extra-gazettes/egz_2025.html	ta	https://documents.gov.lk/view/extra-gazettes/2025/8/2448-23_T.pdf	2448/23
lk_extraordinary_gazettes_2020s	2025-08-05-2025-08-05-2448-23-si	2025-08-05-2448-23-si	2025-08-05	Office of the District Secretary- Gampaha. Pilgrimage Ordinance The Annual Festal of the National Basilica Shrine of Our Lady of Lanka, Tewatta, Ragama-2025	https://documents.gov.lk/view/extra-gazettes/egz_2025.html	si	https://documents.gov.lk/view/extra-gazettes/2025/8/2448-23_S.pdf	2448/23
lk_extraordinary_gazettes_2020s	2025-08-05-2025-08-05-2448-23-en	2025-08-05-2448-23-en	2025-08-05	Office of the District Secretary- Gampaha. Pilgrimage Ordinance The Annual Festal of the National Basilica Shrine of Our Lady of Lanka, Tewatta, Ragama-2025	https://documents.gov.lk/view/extra-gazettes/egz_2025.html	en	https://documents.gov.lk/view/extra-gazettes/2025/8/2448-23_E.pdf	2448/23
lk_extraordinary_gazettes_2020s	2025-08-05-2025-08-05-2448-22-si	2025-08-05-2448-22-si	2025-08-05	Ministry of Labour - Industrial Dispute between G.Y. Gnanapala and University of Colombo. 2. Industrial Dispute between D.P.N.H. Monatti and Vocational Training Authority of Sri Lanka.	https://documents.gov.lk/view/extra-gazettes/egz_2025.html	si	https://documents.gov.lk/view/extra-gazettes/2025/8/2448-22_S.pdf	2448/22
lk_extraordinary_gazettes_2020s	2025-08-05-2025-08-05-2448-22-en	2025-08-05-2448-22-en	2025-08-05	Ministry of Labour - Industrial Dispute between G.Y. Gnanapala and University of Colombo. 2. Industrial Dispute between D.P.N.H. Monatti and Vocational Training Authority of Sri Lanka.	https://documents.gov.lk/view/extra-gazettes/egz_2025.html	en	https://documents.gov.lk/view/extra-gazettes/2025/8/2448-22_E.pdf	2448/22
lk_extraordinary_gazettes_2020s	2025-08-05-2025-08-05-2448-21-si	2025-08-05-2448-21-si	2025-08-05	Ministry of Labour - Industrial Dispute between Chitra Weerakkody and Sri Lanka Transport Board. 2. Industrial Dispute between H. G. Rathnayaka and Sri Lanka Transport Board.	https://documents.gov.lk/view/extra-gazettes/egz_2025.html	si	https://documents.gov.lk/view/extra-gazettes/2025/8/2448-21_S.pdf	2448/21
lk_extraordinary_gazettes_2020s	2025-08-05-2025-08-05-2448-21-en	2025-08-05-2448-21-en	2025-08-05	Ministry of Labour - Industrial Dispute between Chitra Weerakkody and Sri Lanka Transport Board. 2. Industrial Dispute between H. G. Rathnayaka and Sri Lanka Transport Board.	https://documents.gov.lk/view/extra-gazettes/egz_2025.html	en	https://documents.gov.lk/view/extra-gazettes/2025/8/2448-21_E.pdf	2448/21
lk_extraordinary_gazettes_2020s	2025-08-05-2025-08-05-2448-20-si	2025-08-05-2448-20-si	2025-08-05	Ministry of Labour - Industrial Dispute between The Ceylon Mercantile Industrial and General Workers Union and Share to Share Private Limited. 2. Industrial Dispute between T. A. Roshan Ashroff and Sri Lanka Bureau of Foreingn Employment.	https://documents.gov.lk/view/extra-gazettes/egz_2025.html	si	https://documents.gov.lk/view/extra-gazettes/2025/8/2448-20_S.pdf	2448/20
lk_extraordinary_gazettes_2020s	2025-08-05-2025-08-05-2448-20-en	2025-08-05-2448-20-en	2025-08-05	Ministry of Labour - Industrial Dispute between The Ceylon Mercantile Industrial and General Workers Union and Share to Share Private Limited. 2. Industrial Dispute between T. A. Roshan Ashroff and Sri Lanka Bureau of Foreingn Employment.	https://documents.gov.lk/view/extra-gazettes/egz_2025.html	en	https://documents.gov.lk/view/extra-gazettes/2025/8/2448-20_E.pdf	2448/20
lk_extraordinary_gazettes_2020s	2025-08-05-2025-08-05-2448-19-ta	2025-08-05-2448-19-ta	2025-08-05	Dept. of Government- Eastern Province Declared Vice Chairman of Lahugala Pradeshiya Sabha	https://documents.gov.lk/view/extra-gazettes/egz_2025.html	ta	https://documents.gov.lk/view/extra-gazettes/2025/8/2448-19_T.pdf	2448/19
lk_extraordinary_gazettes_2020s	2025-08-05-2025-08-05-2448-19-si	2025-08-05-2448-19-si	2025-08-05	Dept. of Government- Eastern Province Declared Vice Chairman of Lahugala Pradeshiya Sabha	https://documents.gov.lk/view/extra-gazettes/egz_2025.html	si	https://documents.gov.lk/view/extra-gazettes/2025/8/2448-19_S.pdf	2448/19
lk_extraordinary_gazettes_2020s	2025-08-05-2025-08-05-2448-19-en	2025-08-05-2448-19-en	2025-08-05	Dept. of Government- Eastern Province Declared Vice Chairman of Lahugala Pradeshiya Sabha	https://documents.gov.lk/view/extra-gazettes/egz_2025.html	en	https://documents.gov.lk/view/extra-gazettes/2025/8/2448-19_E.pdf	2448/19
lk_extraordinary_gazettes_2020s	2025-08-05-2025-08-05-2448-18-ta	2025-08-05-2448-18-ta	2025-08-05	Election Commission- Notice Under Section 66A (1) (a) Filling of a vacancy in the office of member of the Valikaman South West Pradeshiya Sabha	https://documents.gov.lk/view/extra-gazettes/egz_2025.html	ta	https://documents.gov.lk/view/extra-gazettes/2025/8/2448-18_T.pdf	2448/18
lk_extraordinary_gazettes_2020s	2025-08-05-2025-08-05-2448-18-si	2025-08-05-2448-18-si	2025-08-05	Election Commission- Notice Under Section 66A (1) (a) Filling of a vacancy in the office of member of the Valikaman South West Pradeshiya Sabha	https://documents.gov.lk/view/extra-gazettes/egz_2025.html	si	https://documents.gov.lk/view/extra-gazettes/2025/8/2448-18_S.pdf	2448/18
lk_extraordinary_gazettes_2020s	2025-08-05-2025-08-05-2448-18-en	2025-08-05-2448-18-en	2025-08-05	Election Commission- Notice Under Section 66A (1) (a) Filling of a vacancy in the office of member of the Valikaman South West Pradeshiya Sabha	https://documents.gov.lk/view/extra-gazettes/egz_2025.html	en	https://documents.gov.lk/view/extra-gazettes/2025/8/2448-18_E.pdf	2448/18
lk_extraordinary_gazettes_2020s	2025-08-05-2025-08-05-2448-17-ta	2025-08-05-2448-17-ta	2025-08-05	Elections Commission - Notice under Section 66 A(1) (a) Filling of a vacancy in the Office of  Member of the Manmunai Pattu Pradeshiya Sabha.	https://documents.gov.lk/view/extra-gazettes/egz_2025.html	ta	https://documents.gov.lk/view/extra-gazettes/2025/8/2448-17_T.pdf	2448/17
lk_extraordinary_gazettes_2020s	2025-08-05-2025-08-05-2448-17-si	2025-08-05-2448-17-si	2025-08-05	Elections Commission - Notice under Section 66 A(1) (a) Filling of a vacancy in the Office of  Member of the Manmunai Pattu Pradeshiya Sabha.	https://documents.gov.lk/view/extra-gazettes/egz_2025.html	si	https://documents.gov.lk/view/extra-gazettes/2025/8/2448-17_S.pdf	2448/17
lk_extraordinary_gazettes_2020s	2025-08-05-2025-08-05-2448-17-en	2025-08-05-2448-17-en	2025-08-05	Elections Commission - Notice under Section 66 A(1) (a) Filling of a vacancy in the Office of  Member of the Manmunai Pattu Pradeshiya Sabha.	https://documents.gov.lk/view/extra-gazettes/egz_2025.html	en	https://documents.gov.lk/view/extra-gazettes/2025/8/2448-17_E.pdf	2448/17
lk_extraordinary_gazettes_2020s	2025-08-05-2025-08-05-2448-16-si	2025-08-05-2448-16-si	2025-08-05	Ministry of Labour - Industrial Dispute between A.M. Upali Attanayake and Tea Small Holdings Development Authority. 2. Industrial Dispute between C,W.A. Liyanaarachchige and Ceylon Fishery Harbours Corporation.	https://documents.gov.lk/view/extra-gazettes/egz_2025.html	si	https://documents.gov.lk/view/extra-gazettes/2025/8/2448-16_S.pdf	2448/16
lk_extraordinary_gazettes_2020s	2025-08-05-2025-08-05-2448-16-en	2025-08-05-2448-16-en	2025-08-05	Ministry of Labour - Industrial Dispute between A.M. Upali Attanayake and Tea Small Holdings Development Authority. 2. Industrial Dispute between C,W.A. Liyanaarachchige and Ceylon Fishery Harbours Corporation.	https://documents.gov.lk/view/extra-gazettes/egz_2025.html	en	https://documents.gov.lk/view/extra-gazettes/2025/8/2448-16_E.pdf	2448/16
lk_extraordinary_gazettes_2020s	2025-08-05-2025-08-05-2448-15-ta	2025-08-05-2448-15-ta	2025-08-05	Land Aquisition - Polpitiya, Ambagamuwa Korale D/S Division, Nuwara Eliya District Sec. 05	https://documents.gov.lk/view/extra-gazettes/egz_2025.html	ta	https://documents.gov.lk/view/extra-gazettes/2025/8/2448-15_T.pdf	2448/15
lk_extraordinary_gazettes_2020s	2025-08-05-2025-08-05-2448-15-si	2025-08-05-2448-15-si	2025-08-05	Land Aquisition - Polpitiya, Ambagamuwa Korale D/S Division, Nuwara Eliya District Sec. 05	https://documents.gov.lk/view/extra-gazettes/egz_2025.html	si	https://documents.gov.lk/view/extra-gazettes/2025/8/2448-15_S.pdf	2448/15
lk_extraordinary_gazettes_2020s	2025-08-05-2025-08-05-2448-15-en	2025-08-05-2448-15-en	2025-08-05	Land Aquisition - Polpitiya, Ambagamuwa Korale D/S Division, Nuwara Eliya District Sec. 05	https://documents.gov.lk/view/extra-gazettes/egz_2025.html	en	https://documents.gov.lk/view/extra-gazettes/2025/8/2448-15_E.pdf	2448/15
lk_extraordinary_gazettes_2020s	2025-08-05-2025-08-05-2448-14-ta	2025-08-05-2448-14-ta	2025-08-05	Land Aquisition - Wadugoda, Beruwala D/S Division, Kalutara District Sec. 07. Land Aquisition - Wadugoda, Beruwala D/S Division, Kalutara District Sec. 07	https://documents.gov.lk/view/extra-gazettes/egz_2025.html	ta	https://documents.gov.lk/view/extra-gazettes/2025/8/2448-14_T.pdf	2448/14
lk_extraordinary_gazettes_2020s	2025-08-05-2025-08-05-2448-14-si	2025-08-05-2448-14-si	2025-08-05	Land Aquisition - Wadugoda, Beruwala D/S Division, Kalutara District Sec. 07. Land Aquisition - Wadugoda, Beruwala D/S Division, Kalutara District Sec. 07	https://documents.gov.lk/view/extra-gazettes/egz_2025.html	si	https://documents.gov.lk/view/extra-gazettes/2025/8/2448-14_S.pdf	2448/14
lk_extraordinary_gazettes_2020s	2025-08-05-2025-08-05-2448-14-en	2025-08-05-2448-14-en	2025-08-05	Land Aquisition - Wadugoda, Beruwala D/S Division, Kalutara District Sec. 07. Land Aquisition - Wadugoda, Beruwala D/S Division, Kalutara District Sec. 07	https://documents.gov.lk/view/extra-gazettes/egz_2025.html	en	https://documents.gov.lk/view/extra-gazettes/2025/8/2448-14_E.pdf	2448/14
lk_extraordinary_gazettes_2020s	2025-08-04-2025-08-04-2448-13-ta	2025-08-04-2448-13-ta	2025-08-04	Land Title Settlement Dept. - Daigala, Dehiovita D/S Division, Kegalle District (241440047)	https://documents.gov.lk/view/extra-gazettes/egz_2025.html	ta	https://documents.gov.lk/view/extra-gazettes/2025/8/2448-13_T.pdf	2448/13
lk_extraordinary_gazettes_2020s	2025-08-04-2025-08-04-2448-13-si	2025-08-04-2448-13-si	2025-08-04	Land Title Settlement Dept. - Daigala, Dehiovita D/S Division, Kegalle District (241440047)	https://documents.gov.lk/view/extra-gazettes/egz_2025.html	si	https://documents.gov.lk/view/extra-gazettes/2025/8/2448-13_S.pdf	2448/13
lk_extraordinary_gazettes_2020s	2025-08-04-2025-08-04-2448-13-en	2025-08-04-2448-13-en	2025-08-04	Land Title Settlement Dept. - Daigala, Dehiovita D/S Division, Kegalle District (241440047)	https://documents.gov.lk/view/extra-gazettes/egz_2025.html	en	https://documents.gov.lk/view/extra-gazettes/2025/8/2448-13_E.pdf	2448/13
lk_extraordinary_gazettes_2020s	2025-08-04-2025-08-04-2448-12-si	2025-08-04-2448-12-si	2025-08-04	Land Title Settlement Dept. - Koswatta, Katana D/S Division, Gampaha District (25/0088)	https://documents.gov.lk/view/extra-gazettes/egz_2025.html	si	https://documents.gov.lk/view/extra-gazettes/2025/8/2448-12_S.pdf	2448/12
lk_extraordinary_gazettes_2020s	2025-08-04-2025-08-04-2448-12-en	2025-08-04-2448-12-en	2025-08-04	Land Title Settlement Dept. - Koswatta, Katana D/S Division, Gampaha District (25/0088)	https://documents.gov.lk/view/extra-gazettes/egz_2025.html	en	https://documents.gov.lk/view/extra-gazettes/2025/8/2448-12_E.pdf	2448/12
lk_extraordinary_gazettes_2020s	2025-08-04-2025-08-04-2448-11-ta	2025-08-04-2448-11-ta	2025-08-04	Land Title Settlement Dept. - Etamurungagoda, Harispattuwa D/S Division, Kandy District (25/0201)	https://documents.gov.lk/view/extra-gazettes/egz_2025.html	ta	https://documents.gov.lk/view/extra-gazettes/2025/8/2448-11_T.pdf	2448/11
lk_extraordinary_gazettes_2020s	2025-08-04-2025-08-04-2448-11-si	2025-08-04-2448-11-si	2025-08-04	Land Title Settlement Dept. - Etamurungagoda, Harispattuwa D/S Division, Kandy District (25/0201)	https://documents.gov.lk/view/extra-gazettes/egz_2025.html	si	https://documents.gov.lk/view/extra-gazettes/2025/8/2448-11_S.pdf	2448/11
lk_extraordinary_gazettes_2020s	2025-08-04-2025-08-04-2448-11-en	2025-08-04-2448-11-en	2025-08-04	Land Title Settlement Dept. - Etamurungagoda, Harispattuwa D/S Division, Kandy District (25/0201)	https://documents.gov.lk/view/extra-gazettes/egz_2025.html	en	https://documents.gov.lk/view/extra-gazettes/2025/8/2448-11_E.pdf	2448/11
lk_extraordinary_gazettes_2020s	2025-08-04-2025-08-04-2448-10-si	2025-08-04-2448-10-si	2025-08-04	Land Title Settlement Dept. - Wadurassegama, Nochchaduwa D/S Division, Anuradhapura District (25/0261)	https://documents.gov.lk/view/extra-gazettes/egz_2025.html	si	https://documents.gov.lk/view/extra-gazettes/2025/8/2448-10_S.pdf	2448/10
lk_extraordinary_gazettes_2020s	2025-08-04-2025-08-04-2448-10-en	2025-08-04-2448-10-en	2025-08-04	Land Title Settlement Dept. - Wadurassegama, Nochchaduwa D/S Division, Anuradhapura District (25/0261)	https://documents.gov.lk/view/extra-gazettes/egz_2025.html	en	https://documents.gov.lk/view/extra-gazettes/2025/8/2448-10_E.pdf	2448/10
lk_extraordinary_gazettes_2020s	2025-08-04-2025-08-04-2448-09-ta	2025-08-04-2448-09-ta	2025-08-04	Land Title Settlement Dept. - Kokawalamulla, Naththandiya D/S Division, Puttalam District (25-14-204-00004)	https://documents.gov.lk/view/extra-gazettes/egz_2025.html	ta	https://documents.gov.lk/view/extra-gazettes/2025/8/2448-09_T.pdf	2448/09
lk_extraordinary_gazettes_2020s	2025-08-04-2025-08-04-2448-09-si	2025-08-04-2448-09-si	2025-08-04	Land Title Settlement Dept. - Kokawalamulla, Naththandiya D/S Division, Puttalam District (25-14-204-00004)	https://documents.gov.lk/view/extra-gazettes/egz_2025.html	si	https://documents.gov.lk/view/extra-gazettes/2025/8/2448-09_S.pdf	2448/09
lk_extraordinary_gazettes_2020s	2025-08-04-2025-08-04-2448-09-en	2025-08-04-2448-09-en	2025-08-04	Land Title Settlement Dept. - Kokawalamulla, Naththandiya D/S Division, Puttalam District (25-14-204-00004)	https://documents.gov.lk/view/extra-gazettes/egz_2025.html	en	https://documents.gov.lk/view/extra-gazettes/2025/8/2448-09_E.pdf	2448/09
lk_extraordinary_gazettes_2020s	2025-08-04-2025-08-04-2448-08-si	2025-08-04-2448-08-si	2025-08-04	Land Aquisition - Kollupitiya Village, D/S Division, Colombo District, Land Aquisition - Amendment the Ex.Gazette No. 2435/11. Land Aquisition - Amendment the Ex.Gazette No. 2435/11.	https://documents.gov.lk/view/extra-gazettes/egz_2025.html	si	https://documents.gov.lk/view/extra-gazettes/2025/8/2448-08_S.pdf	2448/08
lk_extraordinary_gazettes_2020s	2025-08-04-2025-08-04-2448-08-en	2025-08-04-2448-08-en	2025-08-04	Land Aquisition - Kollupitiya Village, D/S Division, Colombo District, Land Aquisition - Amendment the Ex.Gazette No. 2435/11. Land Aquisition - Amendment the Ex.Gazette No. 2435/11.	https://documents.gov.lk/view/extra-gazettes/egz_2025.html	en	https://documents.gov.lk/view/extra-gazettes/2025/8/2448-08_E.pdf	2448/08
lk_extraordinary_gazettes_2020s	2025-08-04-2025-08-04-2448-07-ta	2025-08-04-2448-07-ta	2025-08-04	Land Title Settlement Dept. - Wedehapura, Medirigiriya D/S Division,Polonnaruwa District (25/0073)	https://documents.gov.lk/view/extra-gazettes/egz_2025.html	ta	https://documents.gov.lk/view/extra-gazettes/2025/8/2448-07_T.pdf	2448/07
lk_extraordinary_gazettes_2020s	2025-08-04-2025-08-04-2448-07-si	2025-08-04-2448-07-si	2025-08-04	Land Title Settlement Dept. - Wedehapura, Medirigiriya D/S Division,Polonnaruwa District (25/0073)	https://documents.gov.lk/view/extra-gazettes/egz_2025.html	si	https://documents.gov.lk/view/extra-gazettes/2025/8/2448-07_S.pdf	2448/07
lk_extraordinary_gazettes_2020s	2025-08-04-2025-08-04-2448-07-en	2025-08-04-2448-07-en	2025-08-04	Land Title Settlement Dept. - Wedehapura, Medirigiriya D/S Division,Polonnaruwa District (25/0073)	https://documents.gov.lk/view/extra-gazettes/egz_2025.html	en	https://documents.gov.lk/view/extra-gazettes/2025/8/2448-07_E.pdf	2448/07
lk_extraordinary_gazettes_2020s	2025-08-04-2025-08-04-2448-06-ta	2025-08-04-2448-06-ta	2025-08-04	Land Title Settlement Dept. - Siribopura, Hambantota D/S Division,Hambantota District (25/0283)	https://documents.gov.lk/view/extra-gazettes/egz_2025.html	ta	https://documents.gov.lk/view/extra-gazettes/2025/8/2448-06_T.pdf	2448/06
lk_extraordinary_gazettes_2020s	2025-08-04-2025-08-04-2448-06-si	2025-08-04-2448-06-si	2025-08-04	Land Title Settlement Dept. - Siribopura, Hambantota D/S Division,Hambantota District (25/0283)	https://documents.gov.lk/view/extra-gazettes/egz_2025.html	si	https://documents.gov.lk/view/extra-gazettes/2025/8/2448-06_S.pdf	2448/06
lk_extraordinary_gazettes_2020s	2025-08-04-2025-08-04-2448-06-en	2025-08-04-2448-06-en	2025-08-04	Land Title Settlement Dept. - Siribopura, Hambantota D/S Division,Hambantota District (25/0283)	https://documents.gov.lk/view/extra-gazettes/egz_2025.html	en	https://documents.gov.lk/view/extra-gazettes/2025/8/2448-06_E.pdf	2448/06
lk_extraordinary_gazettes_2020s	2025-08-04-2025-08-04-2448-05-si	2025-08-04-2448-05-si	2025-08-04	Election Commission - Notice under Section 66A (1) Filling of a Vacancy in the office of members of the Panadura Pradeshiya Sabha	https://documents.gov.lk/view/extra-gazettes/egz_2025.html	si	https://documents.gov.lk/view/extra-gazettes/2025/8/2448-05_S.pdf	2448/05
lk_extraordinary_gazettes_2020s	2025-08-04-2025-08-04-2448-05-en	2025-08-04-2448-05-en	2025-08-04	Election Commission - Notice under Section 66A (1) Filling of a Vacancy in the office of members of the Panadura Pradeshiya Sabha	https://documents.gov.lk/view/extra-gazettes/egz_2025.html	en	https://documents.gov.lk/view/extra-gazettes/2025/8/2448-05_E.pdf	2448/05
lk_extraordinary_gazettes_2020s	2025-08-04-2025-08-04-2448-04-si	2025-08-04-2448-04-si	2025-08-04	Makuluwa, Galle Four Gravets D/S Division, Galle District (25/0185)	https://documents.gov.lk/view/extra-gazettes/egz_2025.html	si	https://documents.gov.lk/view/extra-gazettes/2025/8/2448-04_S.pdf	2448/04
lk_extraordinary_gazettes_2020s	2025-08-04-2025-08-04-2448-04-en	2025-08-04-2448-04-en	2025-08-04	Makuluwa, Galle Four Gravets D/S Division, Galle District (25/0185)	https://documents.gov.lk/view/extra-gazettes/egz_2025.html	en	https://documents.gov.lk/view/extra-gazettes/2025/8/2448-04_E.pdf	2448/04
lk_extraordinary_gazettes_2020s	2025-08-04-2025-08-04-2448-02-ta	2025-08-04-2448-02-ta	2025-08-04	Land Title Settlement Dept. - Enamaluwa, Dambulla D/S Division,Matale District (25/0128)	https://documents.gov.lk/view/extra-gazettes/egz_2025.html	ta	https://documents.gov.lk/view/extra-gazettes/2025/8/2448-02_T.pdf	2448/02
lk_extraordinary_gazettes_2020s	2025-08-04-2025-08-04-2448-02-si	2025-08-04-2448-02-si	2025-08-04	Land Title Settlement Dept. - Enamaluwa, Dambulla D/S Division,Matale District (25/0128)	https://documents.gov.lk/view/extra-gazettes/egz_2025.html	si	https://documents.gov.lk/view/extra-gazettes/2025/8/2448-02_S.pdf	2448/02
lk_extraordinary_gazettes_2020s	2025-08-04-2025-08-04-2448-02-en	2025-08-04-2448-02-en	2025-08-04	Land Title Settlement Dept. - Enamaluwa, Dambulla D/S Division,Matale District (25/0128)	https://documents.gov.lk/view/extra-gazettes/egz_2025.html	en	https://documents.gov.lk/view/extra-gazettes/2025/8/2448-02_E.pdf	2448/02
lk_extraordinary_gazettes_2020s	2025-08-04-2025-08-04-2448-01-ta	2025-08-04-2448-01-ta	2025-08-04	Sri Lanka Customs- Rates of Exchange with effect from 04.08.2025 to 10.08.2025	https://documents.gov.lk/view/extra-gazettes/egz_2025.html	ta	https://documents.gov.lk/view/extra-gazettes/2025/8/2448-01_T.pdf	2448/01
lk_extraordinary_gazettes_2020s	2025-08-04-2025-08-04-2448-01-si	2025-08-04-2448-01-si	2025-08-04	Sri Lanka Customs- Rates of Exchange with effect from 04.08.2025 to 10.08.2025	https://documents.gov.lk/view/extra-gazettes/egz_2025.html	si	https://documents.gov.lk/view/extra-gazettes/2025/8/2448-01_S.pdf	2448/01
lk_extraordinary_gazettes_2020s	2025-08-04-2025-08-04-2448-01-en	2025-08-04-2448-01-en	2025-08-04	Sri Lanka Customs- Rates of Exchange with effect from 04.08.2025 to 10.08.2025	https://documents.gov.lk/view/extra-gazettes/egz_2025.html	en	https://documents.gov.lk/view/extra-gazettes/2025/8/2448-01_E.pdf	2448/01
lk_extraordinary_gazettes_2020s	2025-08-02-2025-08-02-2447-83-ta	2025-08-02-2447-83-ta	2025-08-02	Land Title Settlement Dept. - Hevanpola, Rideegama D/S Division,Kurunegala District (25/0135)	https://documents.gov.lk/view/extra-gazettes/egz_2025.html	ta	https://documents.gov.lk/view/extra-gazettes/2025/8/2447-83_T.pdf	2447/83
lk_extraordinary_gazettes_2020s	2025-08-02-2025-08-02-2447-83-si	2025-08-02-2447-83-si	2025-08-02	Land Title Settlement Dept. - Hevanpola, Rideegama D/S Division,Kurunegala District (25/0135)	https://documents.gov.lk/view/extra-gazettes/egz_2025.html	si	https://documents.gov.lk/view/extra-gazettes/2025/8/2447-83_S.pdf	2447/83
lk_extraordinary_gazettes_2020s	2025-08-02-2025-08-02-2447-83-en	2025-08-02-2447-83-en	2025-08-02	Land Title Settlement Dept. - Hevanpola, Rideegama D/S Division,Kurunegala District (25/0135)	https://documents.gov.lk/view/extra-gazettes/egz_2025.html	en	https://documents.gov.lk/view/extra-gazettes/2025/8/2447-83_E.pdf	2447/83
lk_extraordinary_gazettes_2020s	2025-08-02-2025-08-02-2447-82-ta	2025-08-02-2447-82-ta	2025-08-02	Land Title Settlement Dept. - Enamaluwa, Dambulla D/S Division,Matale District (25/0247)	https://documents.gov.lk/view/extra-gazettes/egz_2025.html	ta	https://documents.gov.lk/view/extra-gazettes/2025/8/2447-82_T.pdf	2447/82
lk_extraordinary_gazettes_2020s	2025-08-02-2025-08-02-2447-82-si	2025-08-02-2447-82-si	2025-08-02	Land Title Settlement Dept. - Enamaluwa, Dambulla D/S Division,Matale District (25/0247)	https://documents.gov.lk/view/extra-gazettes/egz_2025.html	si	https://documents.gov.lk/view/extra-gazettes/2025/8/2447-82_S.pdf	2447/82
lk_extraordinary_gazettes_2020s	2025-08-02-2025-08-02-2447-82-en	2025-08-02-2447-82-en	2025-08-02	Land Title Settlement Dept. - Enamaluwa, Dambulla D/S Division,Matale District (25/0247)	https://documents.gov.lk/view/extra-gazettes/egz_2025.html	en	https://documents.gov.lk/view/extra-gazettes/2025/8/2447-82_E.pdf	2447/82
lk_extraordinary_gazettes_2020s	2025-08-02-2025-08-02-2447-81-ta	2025-08-02-2447-81-ta	2025-08-02	Election Commission - Notice under Section 66A (1) Filling of a Vacancy in the office of member of the Horana Urban Council	https://documents.gov.lk/view/extra-gazettes/egz_2025.html	ta	https://documents.gov.lk/view/extra-gazettes/2025/8/2447-81_T.pdf	2447/81
lk_extraordinary_gazettes_2020s	2025-08-02-2025-08-02-2447-81-si	2025-08-02-2447-81-si	2025-08-02	Election Commission - Notice under Section 66A (1) Filling of a Vacancy in the office of member of the Horana Urban Council	https://documents.gov.lk/view/extra-gazettes/egz_2025.html	si	https://documents.gov.lk/view/extra-gazettes/2025/8/2447-81_S.pdf	2447/81
lk_extraordinary_gazettes_2020s	2025-08-02-2025-08-02-2447-81-en	2025-08-02-2447-81-en	2025-08-02	Election Commission - Notice under Section 66A (1) Filling of a Vacancy in the office of member of the Horana Urban Council	https://documents.gov.lk/view/extra-gazettes/egz_2025.html	en	https://documents.gov.lk/view/extra-gazettes/2025/8/2447-81_E.pdf	2447/81
lk_extraordinary_gazettes_2020s	2025-08-02-2025-08-02-2447-80-ta	2025-08-02-2447-80-ta	2025-08-02	Land Title Settlement Dept. - Hiththatiya Central, Matara D/S Division,Matara District (25/0218)	https://documents.gov.lk/view/extra-gazettes/egz_2025.html	ta	https://documents.gov.lk/view/extra-gazettes/2025/8/2447-80_T.pdf	2447/80
lk_extraordinary_gazettes_2020s	2025-08-02-2025-08-02-2447-80-si	2025-08-02-2447-80-si	2025-08-02	Land Title Settlement Dept. - Hiththatiya Central, Matara D/S Division,Matara District (25/0218)	https://documents.gov.lk/view/extra-gazettes/egz_2025.html	si	https://documents.gov.lk/view/extra-gazettes/2025/8/2447-80_S.pdf	2447/80
lk_extraordinary_gazettes_2020s	2025-08-02-2025-08-02-2447-80-en	2025-08-02-2447-80-en	2025-08-02	Land Title Settlement Dept. - Hiththatiya Central, Matara D/S Division,Matara District (25/0218)	https://documents.gov.lk/view/extra-gazettes/egz_2025.html	en	https://documents.gov.lk/view/extra-gazettes/2025/8/2447-80_E.pdf	2447/80
lk_extraordinary_gazettes_2020s	2025-08-02-2025-08-02-2447-79-ta	2025-08-02-2447-79-ta	2025-08-02	Land Title Settlement Dept. - Thawalama, Thawalama D/S Division,Galle District (25/0244)	https://documents.gov.lk/view/extra-gazettes/egz_2025.html	ta	https://documents.gov.lk/view/extra-gazettes/2025/8/2447-79_T.pdf	2447/79
lk_extraordinary_gazettes_2020s	2025-08-02-2025-08-02-2447-79-si	2025-08-02-2447-79-si	2025-08-02	Land Title Settlement Dept. - Thawalama, Thawalama D/S Division,Galle District (25/0244)	https://documents.gov.lk/view/extra-gazettes/egz_2025.html	si	https://documents.gov.lk/view/extra-gazettes/2025/8/2447-79_S.pdf	2447/79
lk_extraordinary_gazettes_2020s	2025-08-02-2025-08-02-2447-79-en	2025-08-02-2447-79-en	2025-08-02	Land Title Settlement Dept. - Thawalama, Thawalama D/S Division,Galle District (25/0244)	https://documents.gov.lk/view/extra-gazettes/egz_2025.html	en	https://documents.gov.lk/view/extra-gazettes/2025/8/2447-79_E.pdf	2447/79
lk_extraordinary_gazettes_2020s	2025-08-02-2025-08-02-2447-78-si	2025-08-02-2447-78-si	2025-08-02	Land Title Settlement Dept. - Kiribamunegama, Polpithigama D/S Division, Kurunegala District (25/0222)	https://documents.gov.lk/view/extra-gazettes/egz_2025.html	si	https://documents.gov.lk/view/extra-gazettes/2025/8/2447-78_S.pdf	2447/78
lk_extraordinary_gazettes_2020s	2025-08-02-2025-08-02-2447-78-en	2025-08-02-2447-78-en	2025-08-02	Land Title Settlement Dept. - Kiribamunegama, Polpithigama D/S Division, Kurunegala District (25/0222)	https://documents.gov.lk/view/extra-gazettes/egz_2025.html	en	https://documents.gov.lk/view/extra-gazettes/2025/8/2447-78_E.pdf	2447/78
lk_extraordinary_gazettes_2020s	2025-08-02-2025-08-02-2447-77-si	2025-08-02-2447-77-si	2025-08-02	Land Title Settlement Dept. - Idigaspothana, Thalawa D/S Division, Anuradhapura District (25/0255)	https://documents.gov.lk/view/extra-gazettes/egz_2025.html	si	https://documents.gov.lk/view/extra-gazettes/2025/8/2447-77_S.pdf	2447/77
lk_extraordinary_gazettes_2020s	2025-08-02-2025-08-02-2447-77-en	2025-08-02-2447-77-en	2025-08-02	Land Title Settlement Dept. - Idigaspothana, Thalawa D/S Division, Anuradhapura District (25/0255)	https://documents.gov.lk/view/extra-gazettes/egz_2025.html	en	https://documents.gov.lk/view/extra-gazettes/2025/8/2447-77_E.pdf	2447/77
lk_extraordinary_gazettes_2020s	2025-08-02-2025-08-02-2447-76-si	2025-08-02-2447-76-si	2025-08-02	Land Title Settlement Dept. - Ralapanawewa, Nochchiyagama D/S Division, Anuradhapura District (25/0258)	https://documents.gov.lk/view/extra-gazettes/egz_2025.html	si	https://documents.gov.lk/view/extra-gazettes/2025/8/2447-76_S.pdf	2447/76
lk_extraordinary_gazettes_2020s	2025-08-02-2025-08-02-2447-76-en	2025-08-02-2447-76-en	2025-08-02	Land Title Settlement Dept. - Ralapanawewa, Nochchiyagama D/S Division, Anuradhapura District (25/0258)	https://documents.gov.lk/view/extra-gazettes/egz_2025.html	en	https://documents.gov.lk/view/extra-gazettes/2025/8/2447-76_E.pdf	2447/76
lk_extraordinary_gazettes_2020s	2025-08-02-2025-08-02-2447-75-si	2025-08-02-2447-75-si	2025-08-02	Land Title Settlement Dept. - Bulumulla, Yatinuwara D/S Division, Kandy District (25/0293)	https://documents.gov.lk/view/extra-gazettes/egz_2025.html	si	https://documents.gov.lk/view/extra-gazettes/2025/8/2447-75_S.pdf	2447/75
lk_extraordinary_gazettes_2020s	2025-08-02-2025-08-02-2447-75-en	2025-08-02-2447-75-en	2025-08-02	Land Title Settlement Dept. - Bulumulla, Yatinuwara D/S Division, Kandy District (25/0293)	https://documents.gov.lk/view/extra-gazettes/egz_2025.html	en	https://documents.gov.lk/view/extra-gazettes/2025/8/2447-75_E.pdf	2447/75
lk_extraordinary_gazettes_2020s	2025-08-02-2025-08-02-2447-74-si	2025-08-02-2447-74-si	2025-08-02	Land Title Settlement Dept. - Kokunnawa, Nochchiyagama D/S Division, Anuradhapura District (25/0242)	https://documents.gov.lk/view/extra-gazettes/egz_2025.html	si	https://documents.gov.lk/view/extra-gazettes/2025/8/2447-74_S.pdf	2447/74
lk_extraordinary_gazettes_2020s	2025-08-02-2025-08-02-2447-74-en	2025-08-02-2447-74-en	2025-08-02	Land Title Settlement Dept. - Kokunnawa, Nochchiyagama D/S Division, Anuradhapura District (25/0242)	https://documents.gov.lk/view/extra-gazettes/egz_2025.html	en	https://documents.gov.lk/view/extra-gazettes/2025/8/2447-74_E.pdf	2447/74
lk_extraordinary_gazettes_2020s	2025-08-02-2025-08-02-2447-73-si	2025-08-02-2447-73-si	2025-08-02	Land Title Settlement Dept. - Walaswewa, Galewala D/S Division, Matale District (25/0301)	https://documents.gov.lk/view/extra-gazettes/egz_2025.html	si	https://documents.gov.lk/view/extra-gazettes/2025/8/2447-73_S.pdf	2447/73
lk_extraordinary_gazettes_2020s	2025-08-02-2025-08-02-2447-73-en	2025-08-02-2447-73-en	2025-08-02	Land Title Settlement Dept. - Walaswewa, Galewala D/S Division, Matale District (25/0301)	https://documents.gov.lk/view/extra-gazettes/egz_2025.html	en	https://documents.gov.lk/view/extra-gazettes/2025/8/2447-73_E.pdf	2447/73
lk_extraordinary_gazettes_2020s	2025-08-02-2025-08-02-2447-72-ta	2025-08-02-2447-72-ta	2025-08-02	Ministry of Defence- The Prashansaneeya Seva Vibhushanaya to the Naval Personnel	https://documents.gov.lk/view/extra-gazettes/egz_2025.html	ta	https://documents.gov.lk/view/extra-gazettes/2025/8/2447-72_T.pdf	2447/72
lk_extraordinary_gazettes_2020s	2025-08-02-2025-08-02-2447-72-si	2025-08-02-2447-72-si	2025-08-02	Ministry of Defence- The Prashansaneeya Seva Vibhushanaya to the Naval Personnel	https://documents.gov.lk/view/extra-gazettes/egz_2025.html	si	https://documents.gov.lk/view/extra-gazettes/2025/8/2447-72_S.pdf	2447/72
lk_extraordinary_gazettes_2020s	2025-08-02-2025-08-02-2447-72-en	2025-08-02-2447-72-en	2025-08-02	Ministry of Defence- The Prashansaneeya Seva Vibhushanaya to the Naval Personnel	https://documents.gov.lk/view/extra-gazettes/egz_2025.html	en	https://documents.gov.lk/view/extra-gazettes/2025/8/2447-72_E.pdf	2447/72
lk_extraordinary_gazettes_2020s	2025-08-02-2025-08-02-2447-71-ta	2025-08-02-2447-71-ta	2025-08-02	Land Aquisition - Meegahakiula, Meegahakiula D/S Division, Badulla District, Land Aquisition - Roberry Estate Village, Meegahakiula D/S Division, Badulla District. Land Aquisition - Karandagahamada, Meegahakiula D/S Division, Badulla DistrictSec 05	https://documents.gov.lk/view/extra-gazettes/egz_2025.html	ta	https://documents.gov.lk/view/extra-gazettes/2025/8/2447-71_T.pdf	2447/71
lk_extraordinary_gazettes_2020s	2025-08-02-2025-08-02-2447-71-si	2025-08-02-2447-71-si	2025-08-02	Land Aquisition - Meegahakiula, Meegahakiula D/S Division, Badulla District, Land Aquisition - Roberry Estate Village, Meegahakiula D/S Division, Badulla District. Land Aquisition - Karandagahamada, Meegahakiula D/S Division, Badulla DistrictSec 05	https://documents.gov.lk/view/extra-gazettes/egz_2025.html	si	https://documents.gov.lk/view/extra-gazettes/2025/8/2447-71_S.pdf	2447/71
lk_extraordinary_gazettes_2020s	2025-08-02-2025-08-02-2447-71-en	2025-08-02-2447-71-en	2025-08-02	Land Aquisition - Meegahakiula, Meegahakiula D/S Division, Badulla District, Land Aquisition - Roberry Estate Village, Meegahakiula D/S Division, Badulla District. Land Aquisition - Karandagahamada, Meegahakiula D/S Division, Badulla DistrictSec 05	https://documents.gov.lk/view/extra-gazettes/egz_2025.html	en	https://documents.gov.lk/view/extra-gazettes/2025/8/2447-71_E.pdf	2447/71
lk_extraordinary_gazettes_2020s	2025-08-01-2025-08-01-2447-70-ta	2025-08-01-2447-70-ta	2025-08-01	Land Aquisition - Suriyapaluwa, Mahara D/S Division, Gampaha District, Land Aquisition - Suriyapaluwa, Mahara D/S Division, Gampaha District Sec 05	https://documents.gov.lk/view/extra-gazettes/egz_2025.html	ta	https://documents.gov.lk/view/extra-gazettes/2025/8/2447-70_T.pdf	2447/70
lk_extraordinary_gazettes_2020s	2025-08-01-2025-08-01-2447-70-si	2025-08-01-2447-70-si	2025-08-01	Land Aquisition - Suriyapaluwa, Mahara D/S Division, Gampaha District, Land Aquisition - Suriyapaluwa, Mahara D/S Division, Gampaha District Sec 05	https://documents.gov.lk/view/extra-gazettes/egz_2025.html	si	https://documents.gov.lk/view/extra-gazettes/2025/8/2447-70_S.pdf	2447/70
lk_extraordinary_gazettes_2020s	2025-08-01-2025-08-01-2447-70-en	2025-08-01-2447-70-en	2025-08-01	Land Aquisition - Suriyapaluwa, Mahara D/S Division, Gampaha District, Land Aquisition - Suriyapaluwa, Mahara D/S Division, Gampaha District Sec 05	https://documents.gov.lk/view/extra-gazettes/egz_2025.html	en	https://documents.gov.lk/view/extra-gazettes/2025/8/2447-70_E.pdf	2447/70
lk_extraordinary_gazettes_2020s	2025-08-01-2025-08-01-2447-69-ta	2025-08-01-2447-69-ta	2025-08-01	Land Title Settlement Dept. - Ichchankulama, Nuwaragampalatha East D/S Division, Anuradhapura District (25-14-204-00015)	https://documents.gov.lk/view/extra-gazettes/egz_2025.html	ta	https://documents.gov.lk/view/extra-gazettes/2025/8/2447-69_T.pdf	2447/69
lk_extraordinary_gazettes_2020s	2025-08-01-2025-08-01-2447-69-si	2025-08-01-2447-69-si	2025-08-01	Land Title Settlement Dept. - Ichchankulama, Nuwaragampalatha East D/S Division, Anuradhapura District (25-14-204-00015)	https://documents.gov.lk/view/extra-gazettes/egz_2025.html	si	https://documents.gov.lk/view/extra-gazettes/2025/8/2447-69_S.pdf	2447/69
lk_extraordinary_gazettes_2020s	2025-08-01-2025-08-01-2447-69-en	2025-08-01-2447-69-en	2025-08-01	Land Title Settlement Dept. - Ichchankulama, Nuwaragampalatha East D/S Division, Anuradhapura District (25-14-204-00015)	https://documents.gov.lk/view/extra-gazettes/egz_2025.html	en	https://documents.gov.lk/view/extra-gazettes/2025/8/2447-69_E.pdf	2447/69
lk_extraordinary_gazettes_2020s	2025-08-01-2025-08-01-2447-68-ta	2025-08-01-2447-68-ta	2025-08-01	Land Title Settlement Dept. - Pewehera, Dambulla D/S Division, Matale District (25-14-204-00012)	https://documents.gov.lk/view/extra-gazettes/egz_2025.html	ta	https://documents.gov.lk/view/extra-gazettes/2025/8/2447-68_T.pdf	2447/68
lk_extraordinary_gazettes_2020s	2025-08-01-2025-08-01-2447-68-si	2025-08-01-2447-68-si	2025-08-01	Land Title Settlement Dept. - Pewehera, Dambulla D/S Division, Matale District (25-14-204-00012)	https://documents.gov.lk/view/extra-gazettes/egz_2025.html	si	https://documents.gov.lk/view/extra-gazettes/2025/8/2447-68_S.pdf	2447/68
lk_extraordinary_gazettes_2020s	2025-08-01-2025-08-01-2447-68-en	2025-08-01-2447-68-en	2025-08-01	Land Title Settlement Dept. - Pewehera, Dambulla D/S Division, Matale District (25-14-204-00012)	https://documents.gov.lk/view/extra-gazettes/egz_2025.html	en	https://documents.gov.lk/view/extra-gazettes/2025/8/2447-68_E.pdf	2447/68
lk_extraordinary_gazettes_2020s	2025-08-01-2025-08-01-2447-67-si	2025-08-01-2447-67-si	2025-08-01	Land Title Settlement Dept. - Walalgoda, Ambilipitiya D/S Division, Ratnapura District (25-14-204-00016)	https://documents.gov.lk/view/extra-gazettes/egz_2025.html	si	https://documents.gov.lk/view/extra-gazettes/2025/8/2447-67_S.pdf	2447/67
lk_extraordinary_gazettes_2020s	2025-08-01-2025-08-01-2447-67-en	2025-08-01-2447-67-en	2025-08-01	Land Title Settlement Dept. - Walalgoda, Ambilipitiya D/S Division, Ratnapura District (25-14-204-00016)	https://documents.gov.lk/view/extra-gazettes/egz_2025.html	en	https://documents.gov.lk/view/extra-gazettes/2025/8/2447-67_E.pdf	2447/67
lk_extraordinary_gazettes_2020s	2025-08-01-2025-08-01-2447-66-si	2025-08-01-2447-66-si	2025-08-01	Land Title Settlement Dept. - Ihala Thabbowa, Naththandiya D/S Division, Puttalam District (25/1200073)	https://documents.gov.lk/view/extra-gazettes/egz_2025.html	si	https://documents.gov.lk/view/extra-gazettes/2025/8/2447-66_S.pdf	2447/66
lk_extraordinary_gazettes_2020s	2025-08-01-2025-08-01-2447-66-en	2025-08-01-2447-66-en	2025-08-01	Land Title Settlement Dept. - Ihala Thabbowa, Naththandiya D/S Division, Puttalam District (25/1200073)	https://documents.gov.lk/view/extra-gazettes/egz_2025.html	en	https://documents.gov.lk/view/extra-gazettes/2025/8/2447-66_E.pdf	2447/66
lk_extraordinary_gazettes_2020s	2025-08-01-2025-08-01-2447-65-si	2025-08-01-2447-65-si	2025-08-01	Land Title Settlement Dept. - Thambagamuwa, Godakawela D/S Division, Ratnapura District (25/1200071)	https://documents.gov.lk/view/extra-gazettes/egz_2025.html	si	https://documents.gov.lk/view/extra-gazettes/2025/8/2447-65_S.pdf	2447/65
lk_extraordinary_gazettes_2020s	2025-08-01-2025-08-01-2447-65-en	2025-08-01-2447-65-en	2025-08-01	Land Title Settlement Dept. - Thambagamuwa, Godakawela D/S Division, Ratnapura District (25/1200071)	https://documents.gov.lk/view/extra-gazettes/egz_2025.html	en	https://documents.gov.lk/view/extra-gazettes/2025/8/2447-65_E.pdf	2447/65
lk_extraordinary_gazettes_2020s	2025-08-01-2025-08-01-2447-64-ta	2025-08-01-2447-64-ta	2025-08-01	Land Title Settlement Dept. - Pahala Thuruvila, Nachchaduwa D/S Division, Anuradhapura District (25/1200075)	https://documents.gov.lk/view/extra-gazettes/egz_2025.html	ta	https://documents.gov.lk/view/extra-gazettes/2025/8/2447-64_T.pdf	2447/64
lk_extraordinary_gazettes_2020s	2025-08-01-2025-08-01-2447-64-si	2025-08-01-2447-64-si	2025-08-01	Land Title Settlement Dept. - Pahala Thuruvila, Nachchaduwa D/S Division, Anuradhapura District (25/1200075)	https://documents.gov.lk/view/extra-gazettes/egz_2025.html	si	https://documents.gov.lk/view/extra-gazettes/2025/8/2447-64_S.pdf	2447/64
lk_extraordinary_gazettes_2020s	2025-08-01-2025-08-01-2447-64-en	2025-08-01-2447-64-en	2025-08-01	Land Title Settlement Dept. - Pahala Thuruvila, Nachchaduwa D/S Division, Anuradhapura District (25/1200075)	https://documents.gov.lk/view/extra-gazettes/egz_2025.html	en	https://documents.gov.lk/view/extra-gazettes/2025/8/2447-64_E.pdf	2447/64
lk_extraordinary_gazettes_2020s	2025-08-01-2025-08-01-2447-63-ta	2025-08-01-2447-63-ta	2025-08-01	Land Title Settlement Dept. - Udawela, Thamankaduwa D/S Division, Polonnaruwa District (25/1200072)	https://documents.gov.lk/view/extra-gazettes/egz_2025.html	ta	https://documents.gov.lk/view/extra-gazettes/2025/8/2447-63_T.pdf	2447/63
lk_extraordinary_gazettes_2020s	2025-08-01-2025-08-01-2447-63-si	2025-08-01-2447-63-si	2025-08-01	Land Title Settlement Dept. - Udawela, Thamankaduwa D/S Division, Polonnaruwa District (25/1200072)	https://documents.gov.lk/view/extra-gazettes/egz_2025.html	si	https://documents.gov.lk/view/extra-gazettes/2025/8/2447-63_S.pdf	2447/63
lk_extraordinary_gazettes_2020s	2025-08-01-2025-08-01-2447-63-en	2025-08-01-2447-63-en	2025-08-01	Land Title Settlement Dept. - Udawela, Thamankaduwa D/S Division, Polonnaruwa District (25/1200072)	https://documents.gov.lk/view/extra-gazettes/egz_2025.html	en	https://documents.gov.lk/view/extra-gazettes/2025/8/2447-63_E.pdf	2447/63
lk_extraordinary_gazettes_2020s	2025-08-01-2025-08-01-2447-62-ta	2025-08-01-2447-62-ta	2025-08-01	Land Title Settlement Dept. - Ramanathapuram, Karachchi D/S Division, Kilinochchi District (25/1200074)	https://documents.gov.lk/view/extra-gazettes/egz_2025.html	ta	https://documents.gov.lk/view/extra-gazettes/2025/8/2447-62_T.pdf	2447/62
lk_extraordinary_gazettes_2020s	2025-08-01-2025-08-01-2447-62-si	2025-08-01-2447-62-si	2025-08-01	Land Title Settlement Dept. - Ramanathapuram, Karachchi D/S Division, Kilinochchi District (25/1200074)	https://documents.gov.lk/view/extra-gazettes/egz_2025.html	si	https://documents.gov.lk/view/extra-gazettes/2025/8/2447-62_S.pdf	2447/62
lk_extraordinary_gazettes_2020s	2025-08-01-2025-08-01-2447-62-en	2025-08-01-2447-62-en	2025-08-01	Land Title Settlement Dept. - Ramanathapuram, Karachchi D/S Division, Kilinochchi District (25/1200074)	https://documents.gov.lk/view/extra-gazettes/egz_2025.html	en	https://documents.gov.lk/view/extra-gazettes/2025/8/2447-62_E.pdf	2447/62
lk_extraordinary_gazettes_2020s	2025-08-01-2025-08-01-2447-61-ta	2025-08-01-2447-61-ta	2025-08-01	Election Commission - Notice under Section 66A (2) Walakulu Gamage Ariyawathi Elected as a member of the Thawalama Pradeshiya Sabha	https://documents.gov.lk/view/extra-gazettes/egz_2025.html	ta	https://documents.gov.lk/view/extra-gazettes/2025/8/2447-61_T.pdf	2447/61
lk_extraordinary_gazettes_2020s	2025-08-01-2025-08-01-2447-61-si	2025-08-01-2447-61-si	2025-08-01	Election Commission - Notice under Section 66A (2) Walakulu Gamage Ariyawathi Elected as a member of the Thawalama Pradeshiya Sabha	https://documents.gov.lk/view/extra-gazettes/egz_2025.html	si	https://documents.gov.lk/view/extra-gazettes/2025/8/2447-61_S.pdf	2447/61
lk_extraordinary_gazettes_2020s	2025-08-01-2025-08-01-2447-61-en	2025-08-01-2447-61-en	2025-08-01	Election Commission - Notice under Section 66A (2) Walakulu Gamage Ariyawathi Elected as a member of the Thawalama Pradeshiya Sabha	https://documents.gov.lk/view/extra-gazettes/egz_2025.html	en	https://documents.gov.lk/view/extra-gazettes/2025/8/2447-61_E.pdf	2447/61
lk_extraordinary_gazettes_2020s	2025-08-01-2025-08-01-2447-60-ta	2025-08-01-2447-60-ta	2025-08-01	Land Title Settlement Dept. - Nallur, Poonakary D/S Division, Kilinochchi District (25/1200070)	https://documents.gov.lk/view/extra-gazettes/egz_2025.html	ta	https://documents.gov.lk/view/extra-gazettes/2025/8/2447-60_T.pdf	2447/60
lk_extraordinary_gazettes_2020s	2025-08-01-2025-08-01-2447-60-si	2025-08-01-2447-60-si	2025-08-01	Land Title Settlement Dept. - Nallur, Poonakary D/S Division, Kilinochchi District (25/1200070)	https://documents.gov.lk/view/extra-gazettes/egz_2025.html	si	https://documents.gov.lk/view/extra-gazettes/2025/8/2447-60_S.pdf	2447/60
lk_extraordinary_gazettes_2020s	2025-08-01-2025-08-01-2447-60-en	2025-08-01-2447-60-en	2025-08-01	Land Title Settlement Dept. - Nallur, Poonakary D/S Division, Kilinochchi District (25/1200070)	https://documents.gov.lk/view/extra-gazettes/egz_2025.html	en	https://documents.gov.lk/view/extra-gazettes/2025/8/2447-60_E.pdf	2447/60
lk_extraordinary_gazettes_2020s	2025-08-01-2025-08-01-2447-59-ta	2025-08-01-2447-59-ta	2025-08-01	Land Title Settlement Dept. - Hepana, Udunuwara D/S Division, Kandy District (25/1200070)	https://documents.gov.lk/view/extra-gazettes/egz_2025.html	ta	https://documents.gov.lk/view/extra-gazettes/2025/8/2447-59_T.pdf	2447/59
lk_extraordinary_gazettes_2020s	2025-08-01-2025-08-01-2447-59-si	2025-08-01-2447-59-si	2025-08-01	Land Title Settlement Dept. - Hepana, Udunuwara D/S Division, Kandy District (25/1200070)	https://documents.gov.lk/view/extra-gazettes/egz_2025.html	si	https://documents.gov.lk/view/extra-gazettes/2025/8/2447-59_S.pdf	2447/59
lk_extraordinary_gazettes_2020s	2025-08-01-2025-08-01-2447-59-en	2025-08-01-2447-59-en	2025-08-01	Land Title Settlement Dept. - Hepana, Udunuwara D/S Division, Kandy District (25/1200070)	https://documents.gov.lk/view/extra-gazettes/egz_2025.html	en	https://documents.gov.lk/view/extra-gazettes/2025/8/2447-59_E.pdf	2447/59
lk_extraordinary_gazettes_2020s	2025-08-01-2025-08-01-2447-58-ta	2025-08-01-2447-58-ta	2025-08-01	Land Title Settlement Dept. - Gangodagama, Weligepola D/S Division, Ratnapura District (25/0285)	https://documents.gov.lk/view/extra-gazettes/egz_2025.html	ta	https://documents.gov.lk/view/extra-gazettes/2025/8/2447-58_T.pdf	2447/58
lk_extraordinary_gazettes_2020s	2025-08-01-2025-08-01-2447-58-si	2025-08-01-2447-58-si	2025-08-01	Land Title Settlement Dept. - Gangodagama, Weligepola D/S Division, Ratnapura District (25/0285)	https://documents.gov.lk/view/extra-gazettes/egz_2025.html	si	https://documents.gov.lk/view/extra-gazettes/2025/8/2447-58_S.pdf	2447/58
lk_extraordinary_gazettes_2020s	2025-08-01-2025-08-01-2447-58-en	2025-08-01-2447-58-en	2025-08-01	Land Title Settlement Dept. - Gangodagama, Weligepola D/S Division, Ratnapura District (25/0285)	https://documents.gov.lk/view/extra-gazettes/egz_2025.html	en	https://documents.gov.lk/view/extra-gazettes/2025/8/2447-58_E.pdf	2447/58
lk_extraordinary_gazettes_2020s	2025-08-01-2025-08-01-2447-57-ta	2025-08-01-2447-57-ta	2025-08-01	Land Commission General's Department - Land Development Ordinance Appointed Land Officers	https://documents.gov.lk/view/extra-gazettes/egz_2025.html	ta	https://documents.gov.lk/view/extra-gazettes/2025/8/2447-57_T.pdf	2447/57
lk_extraordinary_gazettes_2020s	2025-08-01-2025-08-01-2447-57-si	2025-08-01-2447-57-si	2025-08-01	Land Commission General's Department - Land Development Ordinance Appointed Land Officers	https://documents.gov.lk/view/extra-gazettes/egz_2025.html	si	https://documents.gov.lk/view/extra-gazettes/2025/8/2447-57_S.pdf	2447/57
lk_extraordinary_gazettes_2020s	2025-08-01-2025-08-01-2447-57-en	2025-08-01-2447-57-en	2025-08-01	Land Commission General's Department - Land Development Ordinance Appointed Land Officers	https://documents.gov.lk/view/extra-gazettes/egz_2025.html	en	https://documents.gov.lk/view/extra-gazettes/2025/8/2447-57_E.pdf	2447/57
lk_extraordinary_gazettes_2020s	2025-08-01-2025-08-01-2447-56-si	2025-08-01-2447-56-si	2025-08-01	Ministry of Labour - 1) Industrial Dispute between I D Wijemanna and Local Authorities Institutes of Sri Lanka  2) Industrial Dispute between Malindu Sandaruwan Jayasooriya and Thambapanni Leisure (Pvt) Ltd	https://documents.gov.lk/view/extra-gazettes/egz_2025.html	si	https://documents.gov.lk/view/extra-gazettes/2025/8/2447-56_S.pdf	2447/56
lk_extraordinary_gazettes_2020s	2025-08-01-2025-08-01-2447-55-ta	2025-08-01-2447-55-ta	2025-08-01	Land Aquisition - Paranagama, Narammala D/S Division, Kurunegala District Sec.05	https://documents.gov.lk/view/extra-gazettes/egz_2025.html	ta	https://documents.gov.lk/view/extra-gazettes/2025/8/2447-55_T.pdf	2447/55
lk_extraordinary_gazettes_2020s	2025-08-01-2025-08-01-2447-55-si	2025-08-01-2447-55-si	2025-08-01	Land Aquisition - Paranagama, Narammala D/S Division, Kurunegala District Sec.05	https://documents.gov.lk/view/extra-gazettes/egz_2025.html	si	https://documents.gov.lk/view/extra-gazettes/2025/8/2447-55_S.pdf	2447/55
lk_extraordinary_gazettes_2020s	2025-08-01-2025-08-01-2447-55-en	2025-08-01-2447-55-en	2025-08-01	Land Aquisition - Paranagama, Narammala D/S Division, Kurunegala District Sec.05	https://documents.gov.lk/view/extra-gazettes/egz_2025.html	en	https://documents.gov.lk/view/extra-gazettes/2025/8/2447-55_E.pdf	2447/55
lk_extraordinary_gazettes_2020s	2025-08-01-2025-08-01-2447-54-ta	2025-08-01-2447-54-ta	2025-08-01	Land Aquisition - Alliyadda, Medadumbara D/S Division, Kandy District Sec.07	https://documents.gov.lk/view/extra-gazettes/egz_2025.html	ta	https://documents.gov.lk/view/extra-gazettes/2025/8/2447-54_T.pdf	2447/54
lk_extraordinary_gazettes_2020s	2025-08-01-2025-08-01-2447-54-si	2025-08-01-2447-54-si	2025-08-01	Land Aquisition - Alliyadda, Medadumbara D/S Division, Kandy District Sec.07	https://documents.gov.lk/view/extra-gazettes/egz_2025.html	si	https://documents.gov.lk/view/extra-gazettes/2025/8/2447-54_S.pdf	2447/54
lk_extraordinary_gazettes_2020s	2025-08-01-2025-08-01-2447-54-en	2025-08-01-2447-54-en	2025-08-01	Land Aquisition - Alliyadda, Medadumbara D/S Division, Kandy District Sec.07	https://documents.gov.lk/view/extra-gazettes/egz_2025.html	en	https://documents.gov.lk/view/extra-gazettes/2025/8/2447-54_E.pdf	2447/54
lk_extraordinary_gazettes_2020s	2025-08-01-2025-08-01-2447-53-ta	2025-08-01-2447-53-ta	2025-08-01	Land Aquisition - Thelangapatha, Waththala D/S Division, Gampaha District Sec.07	https://documents.gov.lk/view/extra-gazettes/egz_2025.html	ta	https://documents.gov.lk/view/extra-gazettes/2025/8/2447-53_T.pdf	2447/53
lk_extraordinary_gazettes_2020s	2025-08-01-2025-08-01-2447-53-si	2025-08-01-2447-53-si	2025-08-01	Land Aquisition - Thelangapatha, Waththala D/S Division, Gampaha District Sec.07	https://documents.gov.lk/view/extra-gazettes/egz_2025.html	si	https://documents.gov.lk/view/extra-gazettes/2025/8/2447-53_S.pdf	2447/53
lk_extraordinary_gazettes_2020s	2025-08-01-2025-08-01-2447-53-en	2025-08-01-2447-53-en	2025-08-01	Land Aquisition - Thelangapatha, Waththala D/S Division, Gampaha District Sec.07	https://documents.gov.lk/view/extra-gazettes/egz_2025.html	en	https://documents.gov.lk/view/extra-gazettes/2025/8/2447-53_E.pdf	2447/53
lk_extraordinary_gazettes_2020s	2025-08-01-2025-08-01-2447-52-ta	2025-08-01-2447-52-ta	2025-08-01	Election Commission - Notice under Section 66A (1) Elected Chamaika Dilani Fernando as a member of Chilaw Urban Council	https://documents.gov.lk/view/extra-gazettes/egz_2025.html	ta	https://documents.gov.lk/view/extra-gazettes/2025/8/2447-52_T.pdf	2447/52
lk_extraordinary_gazettes_2020s	2025-08-01-2025-08-01-2447-52-si	2025-08-01-2447-52-si	2025-08-01	Election Commission - Notice under Section 66A (1) Elected Chamaika Dilani Fernando as a member of Chilaw Urban Council	https://documents.gov.lk/view/extra-gazettes/egz_2025.html	si	https://documents.gov.lk/view/extra-gazettes/2025/8/2447-52_S.pdf	2447/52
lk_extraordinary_gazettes_2020s	2025-08-01-2025-08-01-2447-52-en	2025-08-01-2447-52-en	2025-08-01	Election Commission - Notice under Section 66A (1) Elected Chamaika Dilani Fernando as a member of Chilaw Urban Council	https://documents.gov.lk/view/extra-gazettes/egz_2025.html	en	https://documents.gov.lk/view/extra-gazettes/2025/8/2447-52_E.pdf	2447/52
lk_extraordinary_gazettes_2020s	2025-08-01-2025-08-01-2447-51-ta	2025-08-01-2447-51-ta	2025-08-01	Department of Labour Special Allowance Payable to Workers June 2025	https://documents.gov.lk/view/extra-gazettes/egz_2025.html	ta	https://documents.gov.lk/view/extra-gazettes/2025/8/2447-51_T.pdf	2447/51
lk_extraordinary_gazettes_2020s	2025-08-01-2025-08-01-2447-51-si	2025-08-01-2447-51-si	2025-08-01	Department of Labour Special Allowance Payable to Workers June 2025	https://documents.gov.lk/view/extra-gazettes/egz_2025.html	si	https://documents.gov.lk/view/extra-gazettes/2025/8/2447-51_S.pdf	2447/51
lk_extraordinary_gazettes_2020s	2025-08-01-2025-08-01-2447-51-en	2025-08-01-2447-51-en	2025-08-01	Department of Labour Special Allowance Payable to Workers June 2025	https://documents.gov.lk/view/extra-gazettes/egz_2025.html	en	https://documents.gov.lk/view/extra-gazettes/2025/8/2447-51_E.pdf	2447/51
lk_extraordinary_gazettes_2020s	2025-07-31-2025-07-31-2447-48-si	2025-07-31-2447-48-si	2025-07-31	Land Title Settlement Dept. - Ralapanawewa, Nochchiyagama D/S Division, Aunradhapura District (25/0197)	https://documents.gov.lk/view/extra-gazettes/egz_2025.html	si	https://documents.gov.lk/view/extra-gazettes/2025/7/2447-48_S.pdf	2447/48
lk_extraordinary_gazettes_2020s	2025-07-31-2025-07-31-2447-48-en	2025-07-31-2447-48-en	2025-07-31	Land Title Settlement Dept. - Ralapanawewa, Nochchiyagama D/S Division, Aunradhapura District (25/0197)	https://documents.gov.lk/view/extra-gazettes/egz_2025.html	en	https://documents.gov.lk/view/extra-gazettes/2025/7/2447-48_E.pdf	2447/48
lk_extraordinary_gazettes_2020s	2025-07-31-2025-07-31-2447-47-si	2025-07-31-2447-47-si	2025-07-31	Land Title Settlement Dept. - Aluthgama Bogamuwa, Gampaha D/S Division, Gampaha District (25/0302)	https://documents.gov.lk/view/extra-gazettes/egz_2025.html	si	https://documents.gov.lk/view/extra-gazettes/2025/7/2447-47_S.pdf	2447/47
lk_extraordinary_gazettes_2020s	2025-07-31-2025-07-31-2447-47-en	2025-07-31-2447-47-en	2025-07-31	Land Title Settlement Dept. - Aluthgama Bogamuwa, Gampaha D/S Division, Gampaha District (25/0302)	https://documents.gov.lk/view/extra-gazettes/egz_2025.html	en	https://documents.gov.lk/view/extra-gazettes/2025/7/2447-47_E.pdf	2447/47
lk_extraordinary_gazettes_2020s	2025-07-31-2025-07-31-2447-46-ta	2025-07-31-2447-46-ta	2025-07-31	Land Title Settlement Dept. - Hunupolagama, Galnewa D/S Division, Anuradhapura District (25/0240)	https://documents.gov.lk/view/extra-gazettes/egz_2025.html	ta	https://documents.gov.lk/view/extra-gazettes/2025/7/2447-46_T.pdf	2447/46
lk_extraordinary_gazettes_2020s	2025-07-31-2025-07-31-2447-46-si	2025-07-31-2447-46-si	2025-07-31	Land Title Settlement Dept. - Hunupolagama, Galnewa D/S Division, Anuradhapura District (25/0240)	https://documents.gov.lk/view/extra-gazettes/egz_2025.html	si	https://documents.gov.lk/view/extra-gazettes/2025/7/2447-46_S.pdf	2447/46
lk_extraordinary_gazettes_2020s	2025-07-31-2025-07-31-2447-46-en	2025-07-31-2447-46-en	2025-07-31	Land Title Settlement Dept. - Hunupolagama, Galnewa D/S Division, Anuradhapura District (25/0240)	https://documents.gov.lk/view/extra-gazettes/egz_2025.html	en	https://documents.gov.lk/view/extra-gazettes/2025/7/2447-46_E.pdf	2447/46
lk_extraordinary_gazettes_2020s	2025-07-31-2025-07-31-2447-45-ta	2025-07-31-2447-45-ta	2025-07-31	Land Title Settlement Dept. - Imbulanwala, Meerigama D/S Division, Gampaha District (25/0011)	https://documents.gov.lk/view/extra-gazettes/egz_2025.html	ta	https://documents.gov.lk/view/extra-gazettes/2025/7/2447-45_T.pdf	2447/45
lk_extraordinary_gazettes_2020s	2025-07-31-2025-07-31-2447-45-si	2025-07-31-2447-45-si	2025-07-31	Land Title Settlement Dept. - Imbulanwala, Meerigama D/S Division, Gampaha District (25/0011)	https://documents.gov.lk/view/extra-gazettes/egz_2025.html	si	https://documents.gov.lk/view/extra-gazettes/2025/7/2447-45_S.pdf	2447/45
lk_extraordinary_gazettes_2020s	2025-07-31-2025-07-31-2447-45-en	2025-07-31-2447-45-en	2025-07-31	Land Title Settlement Dept. - Imbulanwala, Meerigama D/S Division, Gampaha District (25/0011)	https://documents.gov.lk/view/extra-gazettes/egz_2025.html	en	https://documents.gov.lk/view/extra-gazettes/2025/7/2447-45_E.pdf	2447/45
lk_extraordinary_gazettes_2020s	2025-07-31-2025-07-31-2447-44-ta	2025-07-31-2447-44-ta	2025-07-31	Land Title Settlement Dept. - Udayagama, Dehiowita D/S Division, Kegalle District (25/0289)	https://documents.gov.lk/view/extra-gazettes/egz_2025.html	ta	https://documents.gov.lk/view/extra-gazettes/2025/7/2447-44_T.pdf	2447/44
lk_extraordinary_gazettes_2020s	2025-07-31-2025-07-31-2447-44-si	2025-07-31-2447-44-si	2025-07-31	Land Title Settlement Dept. - Udayagama, Dehiowita D/S Division, Kegalle District (25/0289)	https://documents.gov.lk/view/extra-gazettes/egz_2025.html	si	https://documents.gov.lk/view/extra-gazettes/2025/7/2447-44_S.pdf	2447/44
