doc_type	doc_id	num	date_str	description	url_metadata	lang	url_pdf	doc_number
lk_bills	2026-04-23-2026-04-23-28-2026-ta	2026-04-23-28-2026-ta	2026-04-23	Telecommunication Levy (Amendment) - GS	https://documents.gov.lk/view/bills/bl_2026.html	ta	https://documents.gov.lk/view/bills/2026/4/28-2026_T.pdf	28/2026
lk_bills	2026-04-23-2026-04-23-28-2026-si	2026-04-23-28-2026-si	2026-04-23	Telecommunication Levy (Amendment) - GS	https://documents.gov.lk/view/bills/bl_2026.html	si	https://documents.gov.lk/view/bills/2026/4/28-2026_S.pdf	28/2026
lk_bills	2026-04-23-2026-04-23-28-2026-en	2026-04-23-28-2026-en	2026-04-23	Telecommunication Levy (Amendment) - GS	https://documents.gov.lk/view/bills/bl_2026.html	en	https://documents.gov.lk/view/bills/2026/4/28-2026_E.pdf	28/2026
lk_bills	2026-04-23-2026-04-23-27-2026-ta	2026-04-23-27-2026-ta	2026-04-23	Finance (Amendment) - GS	https://documents.gov.lk/view/bills/bl_2026.html	ta	https://documents.gov.lk/view/bills/2026/4/27-2026_T.pdf	27/2026
lk_bills	2026-04-23-2026-04-23-27-2026-si	2026-04-23-27-2026-si	2026-04-23	Finance (Amendment) - GS	https://documents.gov.lk/view/bills/bl_2026.html	si	https://documents.gov.lk/view/bills/2026/4/27-2026_S.pdf	27/2026
lk_bills	2026-04-23-2026-04-23-27-2026-en	2026-04-23-27-2026-en	2026-04-23	Finance (Amendment) - GS	https://documents.gov.lk/view/bills/bl_2026.html	en	https://documents.gov.lk/view/bills/2026/4/27-2026_E.pdf	27/2026
lk_bills	2026-04-22-2026-04-22-26-2026-ta	2026-04-22-26-2026-ta	2026-04-22	National Environmental (Amendment) - GS	https://documents.gov.lk/view/bills/bl_2026.html	ta	https://documents.gov.lk/view/bills/2026/4/26-2026_T.pdf	26/2026
lk_bills	2026-04-22-2026-04-22-26-2026-si	2026-04-22-26-2026-si	2026-04-22	National Environmental (Amendment) - GS	https://documents.gov.lk/view/bills/bl_2026.html	si	https://documents.gov.lk/view/bills/2026/4/26-2026_S.pdf	26/2026
lk_bills	2026-04-22-2026-04-22-26-2026-en	2026-04-22-26-2026-en	2026-04-22	National Environmental (Amendment) - GS	https://documents.gov.lk/view/bills/bl_2026.html	en	https://documents.gov.lk/view/bills/2026/4/26-2026_E.pdf	26/2026
lk_bills	2026-04-17-2026-04-17-26-2026-ta	2026-04-17-26-2026-ta	2026-04-17	Prevention of Money Laundering (Amendment) - GS	https://documents.gov.lk/view/bills/bl_2026.html	ta	https://documents.gov.lk/view/bills/2026/4/26-2026_T.pdf	26/2026
lk_bills	2026-04-17-2026-04-17-26-2026-si	2026-04-17-26-2026-si	2026-04-17	Prevention of Money Laundering (Amendment) - GS	https://documents.gov.lk/view/bills/bl_2026.html	si	https://documents.gov.lk/view/bills/2026/4/26-2026_S.pdf	26/2026
lk_bills	2026-04-17-2026-04-17-26-2026-en	2026-04-17-26-2026-en	2026-04-17	Prevention of Money Laundering (Amendment) - GS	https://documents.gov.lk/view/bills/bl_2026.html	en	https://documents.gov.lk/view/bills/2026/4/26-2026_E.pdf	26/2026
lk_bills	2026-04-09-2026-04-09-30-2026-ta	2026-04-09-30-2026-ta	2026-04-09	Financial Transactions Reporting (Amendment) - Bill	https://documents.gov.lk/view/bills/bl_2026.html	ta	https://documents.gov.lk/view/bills/2026/4/30-2026_T.pdf	30/2026
lk_bills	2026-04-09-2026-04-09-30-2026-si	2026-04-09-30-2026-si	2026-04-09	Financial Transactions Reporting (Amendment) - Bill	https://documents.gov.lk/view/bills/bl_2026.html	si	https://documents.gov.lk/view/bills/2026/4/30-2026_S.pdf	30/2026
lk_bills	2026-04-09-2026-04-09-30-2026-en	2026-04-09-30-2026-en	2026-04-09	Financial Transactions Reporting (Amendment) - Bill	https://documents.gov.lk/view/bills/bl_2026.html	en	https://documents.gov.lk/view/bills/2026/4/30-2026_E.pdf	30/2026
lk_bills	2026-04-09-2026-04-09-29-2026-ta	2026-04-09-29-2026-ta	2026-04-09	Convention on the Suppression of Terrorist Financing (Amendment) - Bill	https://documents.gov.lk/view/bills/bl_2026.html	ta	https://documents.gov.lk/view/bills/2026/4/29-2026_T.pdf	29/2026
lk_bills	2026-04-09-2026-04-09-29-2026-si	2026-04-09-29-2026-si	2026-04-09	Convention on the Suppression of Terrorist Financing (Amendment) - Bill	https://documents.gov.lk/view/bills/bl_2026.html	si	https://documents.gov.lk/view/bills/2026/4/29-2026_S.pdf	29/2026
lk_bills	2026-04-09-2026-04-09-29-2026-en	2026-04-09-29-2026-en	2026-04-09	Convention on the Suppression of Terrorist Financing (Amendment) - Bill	https://documents.gov.lk/view/bills/bl_2026.html	en	https://documents.gov.lk/view/bills/2026/4/29-2026_E.pdf	29/2026
lk_bills	2026-04-08-2026-04-08-25-2026-ta	2026-04-08-25-2026-ta	2026-04-08	Mass Foundation (Incorporation) - GS	https://documents.gov.lk/view/bills/bl_2026.html	ta	https://documents.gov.lk/view/bills/2026/4/25-2026_T.pdf	25/2026
lk_bills	2026-04-08-2026-04-08-25-2026-si	2026-04-08-25-2026-si	2026-04-08	Mass Foundation (Incorporation) - GS	https://documents.gov.lk/view/bills/bl_2026.html	si	https://documents.gov.lk/view/bills/2026/4/25-2026_S.pdf	25/2026
lk_bills	2026-04-08-2026-04-08-25-2026-en	2026-04-08-25-2026-en	2026-04-08	Mass Foundation (Incorporation) - GS	https://documents.gov.lk/view/bills/bl_2026.html	en	https://documents.gov.lk/view/bills/2026/4/25-2026_E.pdf	25/2026
lk_bills	2026-04-08-2026-04-08-24-2026-ta	2026-04-08-24-2026-ta	2026-04-08	Al - Hashimi Association (Incorporation) - GS	https://documents.gov.lk/view/bills/bl_2026.html	ta	https://documents.gov.lk/view/bills/2026/4/24-2026_T.pdf	24/2026
lk_bills	2026-04-08-2026-04-08-24-2026-si	2026-04-08-24-2026-si	2026-04-08	Al - Hashimi Association (Incorporation) - GS	https://documents.gov.lk/view/bills/bl_2026.html	si	https://documents.gov.lk/view/bills/2026/4/24-2026_S.pdf	24/2026
lk_bills	2026-04-08-2026-04-08-24-2026-en	2026-04-08-24-2026-en	2026-04-08	Al - Hashimi Association (Incorporation) - GS	https://documents.gov.lk/view/bills/bl_2026.html	en	https://documents.gov.lk/view/bills/2026/4/24-2026_E.pdf	24/2026
lk_bills	2026-03-17-2026-03-17-23-2026-ta	2026-03-17-23-2026-ta	2026-03-17	Social Security Contribution Levy (Amendment) - Bill	https://documents.gov.lk/view/bills/bl_2026.html	ta	https://documents.gov.lk/view/bills/2026/3/23-2026_T.pdf	23/2026
lk_bills	2026-03-17-2026-03-17-23-2026-si	2026-03-17-23-2026-si	2026-03-17	Social Security Contribution Levy (Amendment) - Bill	https://documents.gov.lk/view/bills/bl_2026.html	si	https://documents.gov.lk/view/bills/2026/3/23-2026_S.pdf	23/2026
lk_bills	2026-03-17-2026-03-17-23-2026-en	2026-03-17-23-2026-en	2026-03-17	Social Security Contribution Levy (Amendment) - Bill	https://documents.gov.lk/view/bills/bl_2026.html	en	https://documents.gov.lk/view/bills/2026/3/23-2026_E.pdf	23/2026
lk_bills	2026-03-17-2026-03-17-22-2026-ta	2026-03-17-22-2026-ta	2026-03-17	Inland Revenue (Amendment) - Bill	https://documents.gov.lk/view/bills/bl_2026.html	ta	https://documents.gov.lk/view/bills/2026/3/22-2026_T.pdf	22/2026
lk_bills	2026-03-17-2026-03-17-22-2026-si	2026-03-17-22-2026-si	2026-03-17	Inland Revenue (Amendment) - Bill	https://documents.gov.lk/view/bills/bl_2026.html	si	https://documents.gov.lk/view/bills/2026/3/22-2026_S.pdf	22/2026
lk_bills	2026-03-17-2026-03-17-22-2026-en	2026-03-17-22-2026-en	2026-03-17	Inland Revenue (Amendment) - Bill	https://documents.gov.lk/view/bills/bl_2026.html	en	https://documents.gov.lk/view/bills/2026/3/22-2026_E.pdf	22/2026
lk_bills	2026-03-17-2026-03-17-21-2026-ta	2026-03-17-21-2026-ta	2026-03-17	Financial Transactions Reporting (Amendment) - GS	https://documents.gov.lk/view/bills/bl_2026.html	ta	https://documents.gov.lk/view/bills/2026/3/21-2026_T.pdf	21/2026
lk_bills	2026-03-17-2026-03-17-21-2026-si	2026-03-17-21-2026-si	2026-03-17	Financial Transactions Reporting (Amendment) - GS	https://documents.gov.lk/view/bills/bl_2026.html	si	https://documents.gov.lk/view/bills/2026/3/21-2026_S.pdf	21/2026
lk_bills	2026-03-17-2026-03-17-21-2026-en	2026-03-17-21-2026-en	2026-03-17	Financial Transactions Reporting (Amendment) - GS	https://documents.gov.lk/view/bills/bl_2026.html	en	https://documents.gov.lk/view/bills/2026/3/21-2026_E.pdf	21/2026
lk_bills	2026-03-17-2026-03-17-20-2026-ta	2026-03-17-20-2026-ta	2026-03-17	Prevention of Money Laundering (Amendment) - GS	https://documents.gov.lk/view/bills/bl_2026.html	ta	https://documents.gov.lk/view/bills/2026/3/20-2026_T.pdf	20/2026
lk_bills	2026-03-17-2026-03-17-20-2026-si	2026-03-17-20-2026-si	2026-03-17	Prevention of Money Laundering (Amendment) - GS	https://documents.gov.lk/view/bills/bl_2026.html	si	https://documents.gov.lk/view/bills/2026/3/20-2026_S.pdf	20/2026
lk_bills	2026-03-17-2026-03-17-20-2026-en	2026-03-17-20-2026-en	2026-03-17	Prevention of Money Laundering (Amendment) - GS	https://documents.gov.lk/view/bills/bl_2026.html	en	https://documents.gov.lk/view/bills/2026/3/20-2026_E.pdf	20/2026
lk_bills	2026-03-13-2026-03-13-19-2026-ta	2026-03-13-19-2026-ta	2026-03-13	National Water Supply and Drainage Board (Amendment) - Bill	https://documents.gov.lk/view/bills/bl_2026.html	ta	https://documents.gov.lk/view/bills/2026/3/19-2026_T.pdf	19/2026
lk_bills	2026-03-13-2026-03-13-19-2026-si	2026-03-13-19-2026-si	2026-03-13	National Water Supply and Drainage Board (Amendment) - Bill	https://documents.gov.lk/view/bills/bl_2026.html	si	https://documents.gov.lk/view/bills/2026/3/19-2026_S.pdf	19/2026
lk_bills	2026-03-13-2026-03-13-19-2026-en	2026-03-13-19-2026-en	2026-03-13	National Water Supply and Drainage Board (Amendment) - Bill	https://documents.gov.lk/view/bills/bl_2026.html	en	https://documents.gov.lk/view/bills/2026/3/19-2026_E.pdf	19/2026
lk_bills	2026-03-11-2026-03-11-18-2026-ta	2026-03-11-18-2026-ta	2026-03-11	Convention on the Suppression of Terrorist  Financing (Amendment) - GS	https://documents.gov.lk/view/bills/bl_2026.html	ta	https://documents.gov.lk/view/bills/2026/3/18-2026_T.pdf	18/2026
lk_bills	2026-03-11-2026-03-11-18-2026-si	2026-03-11-18-2026-si	2026-03-11	Convention on the Suppression of Terrorist  Financing (Amendment) - GS	https://documents.gov.lk/view/bills/bl_2026.html	si	https://documents.gov.lk/view/bills/2026/3/18-2026_S.pdf	18/2026
lk_bills	2026-03-11-2026-03-11-18-2026-en	2026-03-11-18-2026-en	2026-03-11	Convention on the Suppression of Terrorist  Financing (Amendment) - GS	https://documents.gov.lk/view/bills/bl_2026.html	en	https://documents.gov.lk/view/bills/2026/3/18-2026_E.pdf	18/2026
lk_bills	2026-03-03-2026-03-03-17-2026-ta	2026-03-03-17-2026-ta	2026-03-03	Social Security Contribution Levy  (Amendment) - GS	https://documents.gov.lk/view/bills/bl_2026.html	ta	https://documents.gov.lk/view/bills/2026/3/17-2026_T.pdf	17/2026
lk_bills	2026-03-03-2026-03-03-17-2026-si	2026-03-03-17-2026-si	2026-03-03	Social Security Contribution Levy  (Amendment) - GS	https://documents.gov.lk/view/bills/bl_2026.html	si	https://documents.gov.lk/view/bills/2026/3/17-2026_S.pdf	17/2026
lk_bills	2026-03-03-2026-03-03-17-2026-en	2026-03-03-17-2026-en	2026-03-03	Social Security Contribution Levy  (Amendment) - GS	https://documents.gov.lk/view/bills/bl_2026.html	en	https://documents.gov.lk/view/bills/2026/3/17-2026_E.pdf	17/2026
lk_bills	2026-02-24-2026-02-24-13-2026-ta	2026-02-24-13-2026-ta	2026-02-24	Inland Revenue (Amendment) - GS	https://documents.gov.lk/view/bills/bl_2026.html	ta	https://documents.gov.lk/view/bills/2026/2/13-2026_T.pdf	13/2026
lk_bills	2026-02-24-2026-02-24-13-2026-si	2026-02-24-13-2026-si	2026-02-24	Inland Revenue (Amendment) - GS	https://documents.gov.lk/view/bills/bl_2026.html	si	https://documents.gov.lk/view/bills/2026/2/13-2026_S.pdf	13/2026
lk_bills	2026-02-24-2026-02-24-13-2026-en	2026-02-24-13-2026-en	2026-02-24	Inland Revenue (Amendment) - GS	https://documents.gov.lk/view/bills/bl_2026.html	en	https://documents.gov.lk/view/bills/2026/2/13-2026_E.pdf	13/2026
lk_bills	2026-02-19-2026-02-19-16-2026-ta	2026-02-19-16-2026-ta	2026-02-19	Kandyan Marriage and Divorce (Amendment) - Bill	https://documents.gov.lk/view/bills/bl_2026.html	ta	https://documents.gov.lk/view/bills/2026/2/16-2026_T.pdf	16/2026
lk_bills	2026-02-19-2026-02-19-16-2026-si	2026-02-19-16-2026-si	2026-02-19	Kandyan Marriage and Divorce (Amendment) - Bill	https://documents.gov.lk/view/bills/bl_2026.html	si	https://documents.gov.lk/view/bills/2026/2/16-2026_S.pdf	16/2026
lk_bills	2026-02-19-2026-02-19-16-2026-en	2026-02-19-16-2026-en	2026-02-19	Kandyan Marriage and Divorce (Amendment) - Bill	https://documents.gov.lk/view/bills/bl_2026.html	en	https://documents.gov.lk/view/bills/2026/2/16-2026_E.pdf	16/2026
lk_bills	2026-02-19-2026-02-19-12-2026-ta	2026-02-19-12-2026-ta	2026-02-19	Rescue, Rehabilitation and Insolvency (Corporate and Personal) - GS	https://documents.gov.lk/view/bills/bl_2026.html	ta	https://documents.gov.lk/view/bills/2026/2/12-2026_T.pdf	12/2026
lk_bills	2026-02-19-2026-02-19-12-2026-si	2026-02-19-12-2026-si	2026-02-19	Rescue, Rehabilitation and Insolvency (Corporate and Personal) - GS	https://documents.gov.lk/view/bills/bl_2026.html	si	https://documents.gov.lk/view/bills/2026/2/12-2026_S.pdf	12/2026
lk_bills	2026-02-19-2026-02-19-12-2026-en	2026-02-19-12-2026-en	2026-02-19	Rescue, Rehabilitation and Insolvency (Corporate and Personal) - GS	https://documents.gov.lk/view/bills/bl_2026.html	en	https://documents.gov.lk/view/bills/2026/2/12-2026_E.pdf	12/2026
lk_bills	2026-02-18-2026-02-18-15-2026-ta	2026-02-18-15-2026-ta	2026-02-18	Mahawilachchiya Education Centre for Children (Incorporation) - Bill	https://documents.gov.lk/view/bills/bl_2026.html	ta	https://documents.gov.lk/view/bills/2026/2/15-2026_T.pdf	15/2026
lk_bills	2026-02-18-2026-02-18-15-2026-si	2026-02-18-15-2026-si	2026-02-18	Mahawilachchiya Education Centre for Children (Incorporation) - Bill	https://documents.gov.lk/view/bills/bl_2026.html	si	https://documents.gov.lk/view/bills/2026/2/15-2026_S.pdf	15/2026
lk_bills	2026-02-18-2026-02-18-15-2026-en	2026-02-18-15-2026-en	2026-02-18	Mahawilachchiya Education Centre for Children (Incorporation) - Bill	https://documents.gov.lk/view/bills/bl_2026.html	en	https://documents.gov.lk/view/bills/2026/2/15-2026_E.pdf	15/2026
lk_bills	2026-02-17-2026-02-17-14-2026-ta	2026-02-17-14-2026-ta	2026-02-17	Indira Cancer Charitable Trust (Incorporation) - Bill	https://documents.gov.lk/view/bills/bl_2026.html	ta	https://documents.gov.lk/view/bills/2026/2/14-2026_T.pdf	14/2026
lk_bills	2026-02-17-2026-02-17-14-2026-si	2026-02-17-14-2026-si	2026-02-17	Indira Cancer Charitable Trust (Incorporation) - Bill	https://documents.gov.lk/view/bills/bl_2026.html	si	https://documents.gov.lk/view/bills/2026/2/14-2026_S.pdf	14/2026
lk_bills	2026-02-17-2026-02-17-14-2026-en	2026-02-17-14-2026-en	2026-02-17	Indira Cancer Charitable Trust (Incorporation) - Bill	https://documents.gov.lk/view/bills/bl_2026.html	en	https://documents.gov.lk/view/bills/2026/2/14-2026_E.pdf	14/2026
lk_bills	2026-02-06-2026-02-06-11-2026-ta	2026-02-06-11-2026-ta	2026-02-06	Mahawilachchiya Education Centre for Children (Incorporation) - GS	https://documents.gov.lk/view/bills/bl_2026.html	ta	https://documents.gov.lk/view/bills/2026/2/11-2026_T.pdf	11/2026
lk_bills	2026-02-06-2026-02-06-11-2026-si	2026-02-06-11-2026-si	2026-02-06	Mahawilachchiya Education Centre for Children (Incorporation) - GS	https://documents.gov.lk/view/bills/bl_2026.html	si	https://documents.gov.lk/view/bills/2026/2/11-2026_S.pdf	11/2026
lk_bills	2026-02-06-2026-02-06-11-2026-en	2026-02-06-11-2026-en	2026-02-06	Mahawilachchiya Education Centre for Children (Incorporation) - GS	https://documents.gov.lk/view/bills/bl_2026.html	en	https://documents.gov.lk/view/bills/2026/2/11-2026_E.pdf	11/2026
lk_bills	2026-02-05-2026-02-05-09-2026-ta	2026-02-05-09-2026-ta	2026-02-05	Indira Cancer Charitable Trust (Incorporation) - GS	https://documents.gov.lk/view/bills/bl_2026.html	ta	https://documents.gov.lk/view/bills/2026/2/09-2026_T.pdf	09/2026
lk_bills	2026-02-05-2026-02-05-09-2026-si	2026-02-05-09-2026-si	2026-02-05	Indira Cancer Charitable Trust (Incorporation) - GS	https://documents.gov.lk/view/bills/bl_2026.html	si	https://documents.gov.lk/view/bills/2026/2/09-2026_S.pdf	09/2026
lk_bills	2026-02-05-2026-02-05-09-2026-en	2026-02-05-09-2026-en	2026-02-05	Indira Cancer Charitable Trust (Incorporation) - GS	https://documents.gov.lk/view/bills/bl_2026.html	en	https://documents.gov.lk/view/bills/2026/2/09-2026_E.pdf	09/2026
lk_bills	2026-02-05-2026-02-05-08-2026-ta	2026-02-05-08-2026-ta	2026-02-05	Kandyan Marriage and Divorce (Amendment) - GS	https://documents.gov.lk/view/bills/bl_2026.html	ta	https://documents.gov.lk/view/bills/2026/2/08-2026_T.pdf	08/2026
lk_bills	2026-02-05-2026-02-05-08-2026-si	2026-02-05-08-2026-si	2026-02-05	Kandyan Marriage and Divorce (Amendment) - GS	https://documents.gov.lk/view/bills/bl_2026.html	si	https://documents.gov.lk/view/bills/2026/2/08-2026_S.pdf	08/2026
lk_bills	2026-02-05-2026-02-05-08-2026-en	2026-02-05-08-2026-en	2026-02-05	Kandyan Marriage and Divorce (Amendment) - GS	https://documents.gov.lk/view/bills/bl_2026.html	en	https://documents.gov.lk/view/bills/2026/2/08-2026_E.pdf	08/2026
lk_bills	2026-01-22-2026-01-22-10-2026-ta	2026-01-22-10-2026-ta	2026-01-22	UnV Foundation (Incorporation) - Bill	https://documents.gov.lk/view/bills/bl_2026.html	ta	https://documents.gov.lk/view/bills/2026/1/10-2026_T.pdf	10/2026
lk_bills	2026-01-22-2026-01-22-10-2026-si	2026-01-22-10-2026-si	2026-01-22	UnV Foundation (Incorporation) - Bill	https://documents.gov.lk/view/bills/bl_2026.html	si	https://documents.gov.lk/view/bills/2026/1/10-2026_S.pdf	10/2026
lk_bills	2026-01-22-2026-01-22-10-2026-en	2026-01-22-10-2026-en	2026-01-22	UnV Foundation (Incorporation) - Bill	https://documents.gov.lk/view/bills/bl_2026.html	en	https://documents.gov.lk/view/bills/2026/1/10-2026_E.pdf	10/2026
lk_bills	2026-01-20-2026-01-20-07-2026-ta	2026-01-20-07-2026-ta	2026-01-20	Licensing of Container Depot Operators - Bill	https://documents.gov.lk/view/bills/bl_2026.html	ta	https://documents.gov.lk/view/bills/2026/1/07-2026_T.pdf	07/2026
lk_bills	2026-01-20-2026-01-20-07-2026-si	2026-01-20-07-2026-si	2026-01-20	Licensing of Container Depot Operators - Bill	https://documents.gov.lk/view/bills/bl_2026.html	si	https://documents.gov.lk/view/bills/2026/1/07-2026_S.pdf	07/2026
lk_bills	2026-01-20-2026-01-20-07-2026-en	2026-01-20-07-2026-en	2026-01-20	Licensing of Container Depot Operators - Bill	https://documents.gov.lk/view/bills/bl_2026.html	en	https://documents.gov.lk/view/bills/2026/1/07-2026_E.pdf	07/2026
lk_bills	2026-01-20-2026-01-20-06-2026-ta	2026-01-20-06-2026-ta	2026-01-20	Rent (Repeal) - Bill	https://documents.gov.lk/view/bills/bl_2026.html	ta	https://documents.gov.lk/view/bills/2026/1/06-2026_T.pdf	06/2026
lk_bills	2026-01-20-2026-01-20-06-2026-si	2026-01-20-06-2026-si	2026-01-20	Rent (Repeal) - Bill	https://documents.gov.lk/view/bills/bl_2026.html	si	https://documents.gov.lk/view/bills/2026/1/06-2026_S.pdf	06/2026
lk_bills	2026-01-20-2026-01-20-06-2026-en	2026-01-20-06-2026-en	2026-01-20	Rent (Repeal) - Bill	https://documents.gov.lk/view/bills/bl_2026.html	en	https://documents.gov.lk/view/bills/2026/1/06-2026_E.pdf	06/2026
lk_bills	2026-01-20-2026-01-20-05-2026-ta	2026-01-20-05-2026-ta	2026-01-20	Licensing of Shipping Agents, Freight Forwarders, Non-Vessel Operating Common Carriers and Container Operators (Amendment) - Bill	https://documents.gov.lk/view/bills/bl_2026.html	ta	https://documents.gov.lk/view/bills/2026/1/05-2026_T.pdf	05/2026
lk_bills	2026-01-20-2026-01-20-05-2026-si	2026-01-20-05-2026-si	2026-01-20	Licensing of Shipping Agents, Freight Forwarders, Non-Vessel Operating Common Carriers and Container Operators (Amendment) - Bill	https://documents.gov.lk/view/bills/bl_2026.html	si	https://documents.gov.lk/view/bills/2026/1/05-2026_S.pdf	05/2026
lk_bills	2026-01-20-2026-01-20-05-2026-en	2026-01-20-05-2026-en	2026-01-20	Licensing of Shipping Agents, Freight Forwarders, Non-Vessel Operating Common Carriers and Container Operators (Amendment) - Bill	https://documents.gov.lk/view/bills/bl_2026.html	en	https://documents.gov.lk/view/bills/2026/1/05-2026_E.pdf	05/2026
lk_bills	2026-01-20-2026-01-20-04-2026-ta	2026-01-20-04-2026-ta	2026-01-20	Protection of Occupants - Bill	https://documents.gov.lk/view/bills/bl_2026.html	ta	https://documents.gov.lk/view/bills/2026/1/04-2026_T.pdf	04/2026
lk_bills	2026-01-20-2026-01-20-04-2026-si	2026-01-20-04-2026-si	2026-01-20	Protection of Occupants - Bill	https://documents.gov.lk/view/bills/bl_2026.html	si	https://documents.gov.lk/view/bills/2026/1/04-2026_S.pdf	04/2026
lk_bills	2026-01-20-2026-01-20-04-2026-en	2026-01-20-04-2026-en	2026-01-20	Protection of Occupants - Bill	https://documents.gov.lk/view/bills/bl_2026.html	en	https://documents.gov.lk/view/bills/2026/1/04-2026_E.pdf	04/2026
lk_bills	2026-01-09-2026-01-09-03-2026-ta	2026-01-09-03-2026-ta	2026-01-09	UnV Foundation (Incorporation) - GS	https://documents.gov.lk/view/bills/bl_2026.html	ta	https://documents.gov.lk/view/bills/2026/1/03-2026_T.pdf	03/2026
lk_bills	2026-01-09-2026-01-09-03-2026-si	2026-01-09-03-2026-si	2026-01-09	UnV Foundation (Incorporation) - GS	https://documents.gov.lk/view/bills/bl_2026.html	si	https://documents.gov.lk/view/bills/2026/1/03-2026_S.pdf	03/2026
lk_bills	2026-01-09-2026-01-09-03-2026-en	2026-01-09-03-2026-en	2026-01-09	UnV Foundation (Incorporation) - GS	https://documents.gov.lk/view/bills/bl_2026.html	en	https://documents.gov.lk/view/bills/2026/1/03-2026_E.pdf	03/2026
lk_bills	2026-01-07-2026-01-07-01-2026-ta	2026-01-07-01-2026-ta	2026-01-07	Parliamentary Pensions (Repeal) - Bill	https://documents.gov.lk/view/bills/bl_2026.html	ta	https://documents.gov.lk/view/bills/2026/1/01-2026_T.pdf	01/2026
lk_bills	2026-01-07-2026-01-07-01-2026-si	2026-01-07-01-2026-si	2026-01-07	Parliamentary Pensions (Repeal) - Bill	https://documents.gov.lk/view/bills/bl_2026.html	si	https://documents.gov.lk/view/bills/2026/1/01-2026_S.pdf	01/2026
lk_bills	2026-01-07-2026-01-07-01-2026-en	2026-01-07-01-2026-en	2026-01-07	Parliamentary Pensions (Repeal) - Bill	https://documents.gov.lk/view/bills/bl_2026.html	en	https://documents.gov.lk/view/bills/2026/1/01-2026_E.pdf	01/2026
lk_bills	2025-12-29-2025-12-29-659-2025-ta	2025-12-29-659-2025-ta	2025-12-29	Parliamentary Pensions (Repeal) - GS	https://documents.gov.lk/view/bills/bl_2025.html	ta	https://documents.gov.lk/view/bills/2025/12/659-2025_T.pdf	659/2025
lk_bills	2025-12-29-2025-12-29-659-2025-si	2025-12-29-659-2025-si	2025-12-29	Parliamentary Pensions (Repeal) - GS	https://documents.gov.lk/view/bills/bl_2025.html	si	https://documents.gov.lk/view/bills/2025/12/659-2025_S.pdf	659/2025
lk_bills	2025-12-29-2025-12-29-659-2025-en	2025-12-29-659-2025-en	2025-12-29	Parliamentary Pensions (Repeal) - GS	https://documents.gov.lk/view/bills/bl_2025.html	en	https://documents.gov.lk/view/bills/2025/12/659-2025_E.pdf	659/2025
lk_bills	2025-12-18-2025-12-18-661-2025-ta	2025-12-18-661-2025-ta	2025-12-18	Poisons, Opium and Dangerous Drugs (Amendment) - Bill	https://documents.gov.lk/view/bills/bl_2025.html	ta	https://documents.gov.lk/view/bills/2025/12/661-2025_T.pdf	661/2025
lk_bills	2025-12-18-2025-12-18-661-2025-si	2025-12-18-661-2025-si	2025-12-18	Poisons, Opium and Dangerous Drugs (Amendment) - Bill	https://documents.gov.lk/view/bills/bl_2025.html	si	https://documents.gov.lk/view/bills/2025/12/661-2025_S.pdf	661/2025
lk_bills	2025-12-18-2025-12-18-661-2025-en	2025-12-18-661-2025-en	2025-12-18	Poisons, Opium and Dangerous Drugs (Amendment) - Bill	https://documents.gov.lk/view/bills/bl_2025.html	en	https://documents.gov.lk/view/bills/2025/12/661-2025_E.pdf	661/2025
lk_bills	2025-12-18-2025-12-18-660-2025-ta	2025-12-18-660-2025-ta	2025-12-18	Judicature (Amendment) - Bill	https://documents.gov.lk/view/bills/bl_2025.html	ta	https://documents.gov.lk/view/bills/2025/12/660-2025_T.pdf	660/2025
lk_bills	2025-12-18-2025-12-18-660-2025-si	2025-12-18-660-2025-si	2025-12-18	Judicature (Amendment) - Bill	https://documents.gov.lk/view/bills/bl_2025.html	si	https://documents.gov.lk/view/bills/2025/12/660-2025_S.pdf	660/2025
lk_bills	2025-12-18-2025-12-18-660-2025-en	2025-12-18-660-2025-en	2025-12-18	Judicature (Amendment) - Bill	https://documents.gov.lk/view/bills/bl_2025.html	en	https://documents.gov.lk/view/bills/2025/12/660-2025_E.pdf	660/2025
lk_bills	2025-12-12-2025-12-12-658-2025-ta	2025-12-12-658-2025-ta	2025-12-12	Licensing of Shipping Agents, Freight Forwarders, Non-Vessel Operating Common Carriers and Container Operators (Amendment) - GS	https://documents.gov.lk/view/bills/bl_2025.html	ta	https://documents.gov.lk/view/bills/2025/12/658-2025_T.pdf	658/2025
lk_bills	2025-12-12-2025-12-12-658-2025-si	2025-12-12-658-2025-si	2025-12-12	Licensing of Shipping Agents, Freight Forwarders, Non-Vessel Operating Common Carriers and Container Operators (Amendment) - GS	https://documents.gov.lk/view/bills/bl_2025.html	si	https://documents.gov.lk/view/bills/2025/12/658-2025_S.pdf	658/2025
lk_bills	2025-12-12-2025-12-12-658-2025-en	2025-12-12-658-2025-en	2025-12-12	Licensing of Shipping Agents, Freight Forwarders, Non-Vessel Operating Common Carriers and Container Operators (Amendment) - GS	https://documents.gov.lk/view/bills/bl_2025.html	en	https://documents.gov.lk/view/bills/2025/12/658-2025_E.pdf	658/2025
lk_bills	2025-12-12-2025-12-12-657-2025-ta	2025-12-12-657-2025-ta	2025-12-12	Licensing of Container Depot Operators - GS	https://documents.gov.lk/view/bills/bl_2025.html	ta	https://documents.gov.lk/view/bills/2025/12/657-2025_T.pdf	657/2025
lk_bills	2025-12-12-2025-12-12-657-2025-si	2025-12-12-657-2025-si	2025-12-12	Licensing of Container Depot Operators - GS	https://documents.gov.lk/view/bills/bl_2025.html	si	https://documents.gov.lk/view/bills/2025/12/657-2025_S.pdf	657/2025
lk_bills	2025-12-12-2025-12-12-657-2025-en	2025-12-12-657-2025-en	2025-12-12	Licensing of Container Depot Operators - GS	https://documents.gov.lk/view/bills/bl_2025.html	en	https://documents.gov.lk/view/bills/2025/12/657-2025_E.pdf	657/2025
lk_bills	2025-12-05-2025-12-05-656-2025-ta	2025-12-05-656-2025-ta	2025-12-05	Institute of Real Estate Professionals, Sri Lanka - Bill	https://documents.gov.lk/view/bills/bl_2025.html	ta	https://documents.gov.lk/view/bills/2025/12/656-2025_T.pdf	656/2025
lk_bills	2025-12-05-2025-12-05-656-2025-si	2025-12-05-656-2025-si	2025-12-05	Institute of Real Estate Professionals, Sri Lanka - Bill	https://documents.gov.lk/view/bills/bl_2025.html	si	https://documents.gov.lk/view/bills/2025/12/656-2025_S.pdf	656/2025
lk_bills	2025-12-05-2025-12-05-656-2025-en	2025-12-05-656-2025-en	2025-12-05	Institute of Real Estate Professionals, Sri Lanka - Bill	https://documents.gov.lk/view/bills/bl_2025.html	en	https://documents.gov.lk/view/bills/2025/12/656-2025_E.pdf	656/2025
lk_bills	2025-12-05-2025-12-05-654-2025-ta	2025-12-05-654-2025-ta	2025-12-05	Colombo Port City Economic Commission (Amendment)	https://documents.gov.lk/view/bills/bl_2025.html	ta	https://documents.gov.lk/view/bills/2025/12/654-2025_T.pdf	654/2025
lk_bills	2025-12-05-2025-12-05-654-2025-si	2025-12-05-654-2025-si	2025-12-05	Colombo Port City Economic Commission (Amendment)	https://documents.gov.lk/view/bills/bl_2025.html	si	https://documents.gov.lk/view/bills/2025/12/654-2025_S.pdf	654/2025
lk_bills	2025-12-05-2025-12-05-654-2025-en	2025-12-05-654-2025-en	2025-12-05	Colombo Port City Economic Commission (Amendment)	https://documents.gov.lk/view/bills/bl_2025.html	en	https://documents.gov.lk/view/bills/2025/12/654-2025_E.pdf	654/2025
lk_bills	2025-12-05-2025-12-05-02-2026-ta	2025-12-05-02-2026-ta	2025-12-05	Sri Lanka Institute of Agriculture (Incorporation) - Bill	https://documents.gov.lk/view/bills/bl_2025.html	ta	https://documents.gov.lk/view/bills/2025/12/02-2026_T.pdf	02/2026
lk_bills	2025-12-05-2025-12-05-02-2026-si	2025-12-05-02-2026-si	2025-12-05	Sri Lanka Institute of Agriculture (Incorporation) - Bill	https://documents.gov.lk/view/bills/bl_2025.html	si	https://documents.gov.lk/view/bills/2025/12/02-2026_S.pdf	02/2026
lk_bills	2025-12-05-2025-12-05-02-2026-en	2025-12-05-02-2026-en	2025-12-05	Sri Lanka Institute of Agriculture (Incorporation) - Bill	https://documents.gov.lk/view/bills/bl_2025.html	en	https://documents.gov.lk/view/bills/2025/12/02-2026_E.pdf	02/2026
lk_bills	2025-12-03-2025-12-03-655-2025-ta	2025-12-03-655-2025-ta	2025-12-03	Universities (Amendment) - Bill	https://documents.gov.lk/view/bills/bl_2025.html	ta	https://documents.gov.lk/view/bills/2025/12/655-2025_T.pdf	655/2025
lk_bills	2025-12-03-2025-12-03-655-2025-si	2025-12-03-655-2025-si	2025-12-03	Universities (Amendment) - Bill	https://documents.gov.lk/view/bills/bl_2025.html	si	https://documents.gov.lk/view/bills/2025/12/655-2025_S.pdf	655/2025
lk_bills	2025-12-03-2025-12-03-655-2025-en	2025-12-03-655-2025-en	2025-12-03	Universities (Amendment) - Bill	https://documents.gov.lk/view/bills/bl_2025.html	en	https://documents.gov.lk/view/bills/2025/12/655-2025_E.pdf	655/2025
lk_bills	2025-11-28-2025-11-28-652-2025-ta	2025-11-28-652-2025-ta	2025-11-28	Colombo Port City Economic Commission (Amendment)	https://documents.gov.lk/view/bills/bl_2025.html	ta	https://documents.gov.lk/view/bills/2025/11/652-2025_T.pdf	652/2025
lk_bills	2025-11-28-2025-11-28-652-2025-si	2025-11-28-652-2025-si	2025-11-28	Colombo Port City Economic Commission (Amendment)	https://documents.gov.lk/view/bills/bl_2025.html	si	https://documents.gov.lk/view/bills/2025/11/652-2025_S.pdf	652/2025
lk_bills	2025-11-28-2025-11-28-652-2025-en	2025-11-28-652-2025-en	2025-11-28	Colombo Port City Economic Commission (Amendment)	https://documents.gov.lk/view/bills/bl_2025.html	en	https://documents.gov.lk/view/bills/2025/11/652-2025_E.pdf	652/2025
lk_bills	2025-11-28-2025-11-28-651-2025-ta	2025-11-28-651-2025-ta	2025-11-28	Statement of Legal Effect (Supplement) - Bill	https://documents.gov.lk/view/bills/bl_2025.html	ta	https://documents.gov.lk/view/bills/2025/11/651-2025_T.pdf	651/2025
lk_bills	2025-11-28-2025-11-28-651-2025-si	2025-11-28-651-2025-si	2025-11-28	Statement of Legal Effect (Supplement) - Bill	https://documents.gov.lk/view/bills/bl_2025.html	si	https://documents.gov.lk/view/bills/2025/11/651-2025_S.pdf	651/2025
lk_bills	2025-11-28-2025-11-28-651-2025-en	2025-11-28-651-2025-en	2025-11-28	Statement of Legal Effect (Supplement) - Bill	https://documents.gov.lk/view/bills/bl_2025.html	en	https://documents.gov.lk/view/bills/2025/11/651-2025_E.pdf	651/2025
lk_bills	2025-11-26-2025-11-26-653-2025-ta	2025-11-26-653-2025-ta	2025-11-26	Microfinance and Credit Regulatory Authority - Bill	https://documents.gov.lk/view/bills/bl_2025.html	ta	https://documents.gov.lk/view/bills/2025/11/653-2025_T.pdf	653/2025
lk_bills	2025-11-26-2025-11-26-653-2025-si	2025-11-26-653-2025-si	2025-11-26	Microfinance and Credit Regulatory Authority - Bill	https://documents.gov.lk/view/bills/bl_2025.html	si	https://documents.gov.lk/view/bills/2025/11/653-2025_S.pdf	653/2025
lk_bills	2025-11-26-2025-11-26-653-2025-en	2025-11-26-653-2025-en	2025-11-26	Microfinance and Credit Regulatory Authority - Bill	https://documents.gov.lk/view/bills/bl_2025.html	en	https://documents.gov.lk/view/bills/2025/11/653-2025_E.pdf	653/2025
lk_bills	2025-11-21-2025-11-21-649-2025-ta	2025-11-21-649-2025-ta	2025-11-21	Universities (Amendment) - GS	https://documents.gov.lk/view/bills/bl_2025.html	ta	https://documents.gov.lk/view/bills/2025/11/649-2025_T.pdf	649/2025
lk_bills	2025-11-21-2025-11-21-649-2025-si	2025-11-21-649-2025-si	2025-11-21	Universities (Amendment) - GS	https://documents.gov.lk/view/bills/bl_2025.html	si	https://documents.gov.lk/view/bills/2025/11/649-2025_S.pdf	649/2025
lk_bills	2025-11-21-2025-11-21-649-2025-en	2025-11-21-649-2025-en	2025-11-21	Universities (Amendment) - GS	https://documents.gov.lk/view/bills/bl_2025.html	en	https://documents.gov.lk/view/bills/2025/11/649-2025_E.pdf	649/2025
lk_bills	2025-11-20-2025-11-20-648-2025-ta	2025-11-20-648-2025-ta	2025-11-20	Poisons, Opium and Dangerous Drugs (Amendment) - GS	https://documents.gov.lk/view/bills/bl_2025.html	ta	https://documents.gov.lk/view/bills/2025/11/648-2025_T.pdf	648/2025
lk_bills	2025-11-20-2025-11-20-648-2025-si	2025-11-20-648-2025-si	2025-11-20	Poisons, Opium and Dangerous Drugs (Amendment) - GS	https://documents.gov.lk/view/bills/bl_2025.html	si	https://documents.gov.lk/view/bills/2025/11/648-2025_S.pdf	648/2025
lk_bills	2025-11-20-2025-11-20-648-2025-en	2025-11-20-648-2025-en	2025-11-20	Poisons, Opium and Dangerous Drugs (Amendment) - GS	https://documents.gov.lk/view/bills/bl_2025.html	en	https://documents.gov.lk/view/bills/2025/11/648-2025_E.pdf	648/2025
lk_bills	2025-11-20-2025-11-20-647-2025-ta	2025-11-20-647-2025-ta	2025-11-20	Judicature (Amendment) - GS	https://documents.gov.lk/view/bills/bl_2025.html	ta	https://documents.gov.lk/view/bills/2025/11/647-2025_T.pdf	647/2025
lk_bills	2025-11-20-2025-11-20-647-2025-si	2025-11-20-647-2025-si	2025-11-20	Judicature (Amendment) - GS	https://documents.gov.lk/view/bills/bl_2025.html	si	https://documents.gov.lk/view/bills/2025/11/647-2025_S.pdf	647/2025
lk_bills	2025-11-20-2025-11-20-647-2025-en	2025-11-20-647-2025-en	2025-11-20	Judicature (Amendment) - GS	https://documents.gov.lk/view/bills/bl_2025.html	en	https://documents.gov.lk/view/bills/2025/11/647-2025_E.pdf	647/2025
lk_bills	2025-11-20-2025-11-20-646-2025-ta	2025-11-20-646-2025-ta	2025-11-20	Sri Lanka Institute of Agriculture (Incorporation) - GS	https://documents.gov.lk/view/bills/bl_2025.html	ta	https://documents.gov.lk/view/bills/2025/11/646-2025_T.pdf	646/2025
lk_bills	2025-11-20-2025-11-20-646-2025-si	2025-11-20-646-2025-si	2025-11-20	Sri Lanka Institute of Agriculture (Incorporation) - GS	https://documents.gov.lk/view/bills/bl_2025.html	si	https://documents.gov.lk/view/bills/2025/11/646-2025_S.pdf	646/2025
lk_bills	2025-11-20-2025-11-20-646-2025-en	2025-11-20-646-2025-en	2025-11-20	Sri Lanka Institute of Agriculture (Incorporation) - GS	https://documents.gov.lk/view/bills/bl_2025.html	en	https://documents.gov.lk/view/bills/2025/11/646-2025_E.pdf	646/2025
lk_bills	2025-11-17-2025-11-17-645-2025-ta	2025-11-17-645-2025-ta	2025-11-17	Microfinance and Credit Regulatory Authority - GS	https://documents.gov.lk/view/bills/bl_2025.html	ta	https://documents.gov.lk/view/bills/2025/11/645-2025_T.pdf	645/2025
lk_bills	2025-11-17-2025-11-17-645-2025-si	2025-11-17-645-2025-si	2025-11-17	Microfinance and Credit Regulatory Authority - GS	https://documents.gov.lk/view/bills/bl_2025.html	si	https://documents.gov.lk/view/bills/2025/11/645-2025_S.pdf	645/2025
lk_bills	2025-11-17-2025-11-17-645-2025-en	2025-11-17-645-2025-en	2025-11-17	Microfinance and Credit Regulatory Authority - GS	https://documents.gov.lk/view/bills/bl_2025.html	en	https://documents.gov.lk/view/bills/2025/11/645-2025_E.pdf	645/2025
lk_bills	2025-11-14-2025-11-14-650-2025-ta	2025-11-14-650-2025-ta	2025-11-14	Strategic Development Projects (Amendment) - Bill	https://documents.gov.lk/view/bills/bl_2025.html	ta	https://documents.gov.lk/view/bills/2025/11/650-2025_T.pdf	650/2025
lk_bills	2025-11-14-2025-11-14-650-2025-si	2025-11-14-650-2025-si	2025-11-14	Strategic Development Projects (Amendment) - Bill	https://documents.gov.lk/view/bills/bl_2025.html	si	https://documents.gov.lk/view/bills/2025/11/650-2025_S.pdf	650/2025
lk_bills	2025-11-14-2025-11-14-650-2025-en	2025-11-14-650-2025-en	2025-11-14	Strategic Development Projects (Amendment) - Bill	https://documents.gov.lk/view/bills/bl_2025.html	en	https://documents.gov.lk/view/bills/2025/11/650-2025_E.pdf	650/2025
lk_bills	2025-11-07-2025-11-07-643-2025-ta	2025-11-07-643-2025-ta	2025-11-07	Strategic Development Projects (Amendment) - GS	https://documents.gov.lk/view/bills/bl_2025.html	ta	https://documents.gov.lk/view/bills/2025/11/643-2025_T.pdf	643/2025
lk_bills	2025-11-07-2025-11-07-643-2025-si	2025-11-07-643-2025-si	2025-11-07	Strategic Development Projects (Amendment) - GS	https://documents.gov.lk/view/bills/bl_2025.html	si	https://documents.gov.lk/view/bills/2025/11/643-2025_S.pdf	643/2025
lk_bills	2025-11-07-2025-11-07-643-2025-en	2025-11-07-643-2025-en	2025-11-07	Strategic Development Projects (Amendment) - GS	https://documents.gov.lk/view/bills/bl_2025.html	en	https://documents.gov.lk/view/bills/2025/11/643-2025_E.pdf	643/2025
lk_bills	2025-10-26-2025-10-26-639-2025-ta	2025-10-26-639-2025-ta	2025-10-26	Appropriation - Bill	https://documents.gov.lk/view/bills/bl_2025.html	ta	https://documents.gov.lk/view/bills/2025/10/639-2025_T.pdf	639/2025
lk_bills	2025-10-26-2025-10-26-639-2025-si	2025-10-26-639-2025-si	2025-10-26	Appropriation - Bill	https://documents.gov.lk/view/bills/bl_2025.html	si	https://documents.gov.lk/view/bills/2025/10/639-2025_S.pdf	639/2025
lk_bills	2025-10-26-2025-10-26-639-2025-en	2025-10-26-639-2025-en	2025-10-26	Appropriation - Bill	https://documents.gov.lk/view/bills/bl_2025.html	en	https://documents.gov.lk/view/bills/2025/10/639-2025_E.pdf	639/2025
lk_bills	2025-10-21-2025-10-21-644-2025-ta	2025-10-21-644-2025-ta	2025-10-21	Statement of Legal Effect - Bill	https://documents.gov.lk/view/bills/bl_2025.html	ta	https://documents.gov.lk/view/bills/2025/10/644-2025_T.pdf	644/2025
lk_bills	2025-10-21-2025-10-21-644-2025-si	2025-10-21-644-2025-si	2025-10-21	Statement of Legal Effect - Bill	https://documents.gov.lk/view/bills/bl_2025.html	si	https://documents.gov.lk/view/bills/2025/10/644-2025_S.pdf	644/2025
lk_bills	2025-10-21-2025-10-21-644-2025-en	2025-10-21-644-2025-en	2025-10-21	Statement of Legal Effect - Bill	https://documents.gov.lk/view/bills/bl_2025.html	en	https://documents.gov.lk/view/bills/2025/10/644-2025_E.pdf	644/2025
lk_bills	2025-10-21-2025-10-21-642-2025-ta	2025-10-21-642-2025-ta	2025-10-21	Betting and Gaming Levy (Amendment) - Bill	https://documents.gov.lk/view/bills/bl_2025.html	ta	https://documents.gov.lk/view/bills/2025/10/642-2025_T.pdf	642/2025
lk_bills	2025-10-21-2025-10-21-642-2025-si	2025-10-21-642-2025-si	2025-10-21	Betting and Gaming Levy (Amendment) - Bill	https://documents.gov.lk/view/bills/bl_2025.html	si	https://documents.gov.lk/view/bills/2025/10/642-2025_S.pdf	642/2025
lk_bills	2025-10-21-2025-10-21-642-2025-en	2025-10-21-642-2025-en	2025-10-21	Betting and Gaming Levy (Amendment) - Bill	https://documents.gov.lk/view/bills/bl_2025.html	en	https://documents.gov.lk/view/bills/2025/10/642-2025_E.pdf	642/2025
lk_bills	2025-10-09-2025-10-09-641-2025-ta	2025-10-09-641-2025-ta	2025-10-09	Social Security Contribution Levy (Amendment) - Bill	https://documents.gov.lk/view/bills/bl_2025.html	ta	https://documents.gov.lk/view/bills/2025/10/641-2025_T.pdf	641/2025
lk_bills	2025-10-09-2025-10-09-641-2025-si	2025-10-09-641-2025-si	2025-10-09	Social Security Contribution Levy (Amendment) - Bill	https://documents.gov.lk/view/bills/bl_2025.html	si	https://documents.gov.lk/view/bills/2025/10/641-2025_S.pdf	641/2025
lk_bills	2025-10-09-2025-10-09-641-2025-en	2025-10-09-641-2025-en	2025-10-09	Social Security Contribution Levy (Amendment) - Bill	https://documents.gov.lk/view/bills/bl_2025.html	en	https://documents.gov.lk/view/bills/2025/10/641-2025_E.pdf	641/2025
lk_bills	2025-10-02-2025-10-02-640-2025-ta	2025-10-02-640-2025-ta	2025-10-02	Betting and Gaming Levy (Amendment) - GS	https://documents.gov.lk/view/bills/bl_2025.html	ta	https://documents.gov.lk/view/bills/2025/10/640-2025_T.pdf	640/2025
lk_bills	2025-10-02-2025-10-02-640-2025-si	2025-10-02-640-2025-si	2025-10-02	Betting and Gaming Levy (Amendment) - GS	https://documents.gov.lk/view/bills/bl_2025.html	si	https://documents.gov.lk/view/bills/2025/10/640-2025_S.pdf	640/2025
lk_bills	2025-10-02-2025-10-02-640-2025-en	2025-10-02-640-2025-en	2025-10-02	Betting and Gaming Levy (Amendment) - GS	https://documents.gov.lk/view/bills/bl_2025.html	en	https://documents.gov.lk/view/bills/2025/10/640-2025_E.pdf	640/2025
lk_bills	2025-10-01-2025-10-01-638-2025-ta	2025-10-01-638-2025-ta	2025-10-01	Social Security Contribution Levy (Amendment) - GS	https://documents.gov.lk/view/bills/bl_2025.html	ta	https://documents.gov.lk/view/bills/2025/10/638-2025_T.pdf	638/2025
lk_bills	2025-10-01-2025-10-01-638-2025-si	2025-10-01-638-2025-si	2025-10-01	Social Security Contribution Levy (Amendment) - GS	https://documents.gov.lk/view/bills/bl_2025.html	si	https://documents.gov.lk/view/bills/2025/10/638-2025_S.pdf	638/2025
lk_bills	2025-10-01-2025-10-01-638-2025-en	2025-10-01-638-2025-en	2025-10-01	Social Security Contribution Levy (Amendment) - GS	https://documents.gov.lk/view/bills/bl_2025.html	en	https://documents.gov.lk/view/bills/2025/10/638-2025_E.pdf	638/2025
lk_bills	2025-10-01-2025-10-01-637-2025-ta	2025-10-01-637-2025-ta	2025-10-01	Institute of Real Estate Professionals, Sri Lanka	https://documents.gov.lk/view/bills/bl_2025.html	ta	https://documents.gov.lk/view/bills/2025/10/637-2025_T.pdf	637/2025
lk_bills	2025-10-01-2025-10-01-637-2025-si	2025-10-01-637-2025-si	2025-10-01	Institute of Real Estate Professionals, Sri Lanka	https://documents.gov.lk/view/bills/bl_2025.html	si	https://documents.gov.lk/view/bills/2025/10/637-2025_S.pdf	637/2025
lk_bills	2025-10-01-2025-10-01-637-2025-en	2025-10-01-637-2025-en	2025-10-01	Institute of Real Estate Professionals, Sri Lanka	https://documents.gov.lk/view/bills/bl_2025.html	en	https://documents.gov.lk/view/bills/2025/10/637-2025_E.pdf	637/2025
lk_bills	2025-09-26-2025-09-26-639-2025-ta	2025-09-26-639-2025-ta	2025-09-26	Appropriation - Bill	https://documents.gov.lk/view/bills/bl_2025.html	ta	https://documents.gov.lk/view/bills/2025/9/639-2025_T.pdf	639/2025
lk_bills	2025-09-26-2025-09-26-639-2025-si	2025-09-26-639-2025-si	2025-09-26	Appropriation - Bill	https://documents.gov.lk/view/bills/bl_2025.html	si	https://documents.gov.lk/view/bills/2025/9/639-2025_S.pdf	639/2025
lk_bills	2025-09-26-2025-09-26-639-2025-en	2025-09-26-639-2025-en	2025-09-26	Appropriation - Bill	https://documents.gov.lk/view/bills/bl_2025.html	en	https://documents.gov.lk/view/bills/2025/9/639-2025_E.pdf	639/2025
lk_bills	2025-09-22-2025-09-22-635-2025-ta	2025-09-22-635-2025-ta	2025-09-22	Sri Lanka Institute of Architects (Amendment) - GS	https://documents.gov.lk/view/bills/bl_2025.html	ta	https://documents.gov.lk/view/bills/2025/9/635-2025_T.pdf	635/2025
lk_bills	2025-09-22-2025-09-22-635-2025-si	2025-09-22-635-2025-si	2025-09-22	Sri Lanka Institute of Architects (Amendment) - GS	https://documents.gov.lk/view/bills/bl_2025.html	si	https://documents.gov.lk/view/bills/2025/9/635-2025_S.pdf	635/2025
lk_bills	2025-09-22-2025-09-22-635-2025-en	2025-09-22-635-2025-en	2025-09-22	Sri Lanka Institute of Architects (Amendment) - GS	https://documents.gov.lk/view/bills/bl_2025.html	en	https://documents.gov.lk/view/bills/2025/9/635-2025_E.pdf	635/2025
lk_bills	2025-09-18-2025-09-18-634-2025-ta	2025-09-18-634-2025-ta	2025-09-18	Protection of Occupants - GS	https://documents.gov.lk/view/bills/bl_2025.html	ta	https://documents.gov.lk/view/bills/2025/9/634-2025_T.pdf	634/2025
lk_bills	2025-09-18-2025-09-18-634-2025-si	2025-09-18-634-2025-si	2025-09-18	Protection of Occupants - GS	https://documents.gov.lk/view/bills/bl_2025.html	si	https://documents.gov.lk/view/bills/2025/9/634-2025_S.pdf	634/2025
lk_bills	2025-09-18-2025-09-18-634-2025-en	2025-09-18-634-2025-en	2025-09-18	Protection of Occupants - GS	https://documents.gov.lk/view/bills/bl_2025.html	en	https://documents.gov.lk/view/bills/2025/9/634-2025_E.pdf	634/2025
lk_bills	2025-09-18-2025-09-18-633-2025-ta	2025-09-18-633-2025-ta	2025-09-18	Rent (Repeal) - GS	https://documents.gov.lk/view/bills/bl_2025.html	ta	https://documents.gov.lk/view/bills/2025/9/633-2025_T.pdf	633/2025
lk_bills	2025-09-18-2025-09-18-633-2025-si	2025-09-18-633-2025-si	2025-09-18	Rent (Repeal) - GS	https://documents.gov.lk/view/bills/bl_2025.html	si	https://documents.gov.lk/view/bills/2025/9/633-2025_S.pdf	633/2025
lk_bills	2025-09-18-2025-09-18-633-2025-en	2025-09-18-633-2025-en	2025-09-18	Rent (Repeal) - GS	https://documents.gov.lk/view/bills/bl_2025.html	en	https://documents.gov.lk/view/bills/2025/9/633-2025_E.pdf	633/2025
lk_bills	2025-09-17-2025-09-17-632-2025-ta	2025-09-17-632-2025-ta	2025-09-17	Appropriation	https://documents.gov.lk/view/bills/bl_2025.html	ta	https://documents.gov.lk/view/bills/2025/9/632-2025_T.pdf	632/2025
lk_bills	2025-09-17-2025-09-17-632-2025-si	2025-09-17-632-2025-si	2025-09-17	Appropriation	https://documents.gov.lk/view/bills/bl_2025.html	si	https://documents.gov.lk/view/bills/2025/9/632-2025_S.pdf	632/2025
lk_bills	2025-09-17-2025-09-17-632-2025-en	2025-09-17-632-2025-en	2025-09-17	Appropriation	https://documents.gov.lk/view/bills/bl_2025.html	en	https://documents.gov.lk/view/bills/2025/9/632-2025_E.pdf	632/2025
lk_bills	2025-09-12-2025-09-12-636-2025-ta	2025-09-12-636-2025-ta	2025-09-12	Convention against Doping in Sport (Amendment) - Bill	https://documents.gov.lk/view/bills/bl_2025.html	ta	https://documents.gov.lk/view/bills/2025/9/636-2025_T.pdf	636/2025
lk_bills	2025-09-12-2025-09-12-636-2025-si	2025-09-12-636-2025-si	2025-09-12	Convention against Doping in Sport (Amendment) - Bill	https://documents.gov.lk/view/bills/bl_2025.html	si	https://documents.gov.lk/view/bills/2025/9/636-2025_S.pdf	636/2025
lk_bills	2025-09-12-2025-09-12-636-2025-en	2025-09-12-636-2025-en	2025-09-12	Convention against Doping in Sport (Amendment) - Bill	https://documents.gov.lk/view/bills/bl_2025.html	en	https://documents.gov.lk/view/bills/2025/9/636-2025_E.pdf	636/2025
lk_bills	2025-09-04-2025-09-04-631-2025-ta	2025-09-04-631-2025-ta	2025-09-04	Convention against Doping in Sport (Amendment) - GS	https://documents.gov.lk/view/bills/bl_2025.html	ta	https://documents.gov.lk/view/bills/2025/9/631-2025_T.pdf	631/2025
lk_bills	2025-09-04-2025-09-04-631-2025-si	2025-09-04-631-2025-si	2025-09-04	Convention against Doping in Sport (Amendment) - GS	https://documents.gov.lk/view/bills/bl_2025.html	si	https://documents.gov.lk/view/bills/2025/9/631-2025_S.pdf	631/2025
lk_bills	2025-09-04-2025-09-04-631-2025-en	2025-09-04-631-2025-en	2025-09-04	Convention against Doping in Sport (Amendment) - GS	https://documents.gov.lk/view/bills/bl_2025.html	en	https://documents.gov.lk/view/bills/2025/9/631-2025_E.pdf	631/2025
lk_bills	2025-08-19-2025-08-19-630-2025-ta	2025-08-19-630-2025-ta	2025-08-19	Penal Code (Amendment) - Bill	https://documents.gov.lk/view/bills/bl_2025.html	ta	https://documents.gov.lk/view/bills/2025/8/630-2025_T.pdf	630/2025
lk_bills	2025-08-19-2025-08-19-630-2025-si	2025-08-19-630-2025-si	2025-08-19	Penal Code (Amendment) - Bill	https://documents.gov.lk/view/bills/bl_2025.html	si	https://documents.gov.lk/view/bills/2025/8/630-2025_S.pdf	630/2025
lk_bills	2025-08-19-2025-08-19-630-2025-en	2025-08-19-630-2025-en	2025-08-19	Penal Code (Amendment) - Bill	https://documents.gov.lk/view/bills/bl_2025.html	en	https://documents.gov.lk/view/bills/2025/8/630-2025_E.pdf	630/2025
lk_bills	2025-08-19-2025-08-19-629-2025-ta	2025-08-19-629-2025-ta	2025-08-19	National Building Research Institute - Bill	https://documents.gov.lk/view/bills/bl_2025.html	ta	https://documents.gov.lk/view/bills/2025/8/629-2025_T.pdf	629/2025
lk_bills	2025-08-19-2025-08-19-629-2025-si	2025-08-19-629-2025-si	2025-08-19	National Building Research Institute - Bill	https://documents.gov.lk/view/bills/bl_2025.html	si	https://documents.gov.lk/view/bills/2025/8/629-2025_S.pdf	629/2025
lk_bills	2025-08-19-2025-08-19-629-2025-en	2025-08-19-629-2025-en	2025-08-19	National Building Research Institute - Bill	https://documents.gov.lk/view/bills/bl_2025.html	en	https://documents.gov.lk/view/bills/2025/8/629-2025_E.pdf	629/2025
lk_bills	2025-08-07-2025-08-07-627-2025-ta	2025-08-07-627-2025-ta	2025-08-07	PresidentsÃ¢â¬â¢ Entitlements (Repeal) - Bill	https://documents.gov.lk/view/bills/bl_2025.html	ta	https://documents.gov.lk/view/bills/2025/8/627-2025_T.pdf	627/2025
lk_bills	2025-08-07-2025-08-07-627-2025-si	2025-08-07-627-2025-si	2025-08-07	PresidentsÃ¢â¬â¢ Entitlements (Repeal) - Bill	https://documents.gov.lk/view/bills/bl_2025.html	si	https://documents.gov.lk/view/bills/2025/8/627-2025_S.pdf	627/2025
lk_bills	2025-08-07-2025-08-07-627-2025-en	2025-08-07-627-2025-en	2025-08-07	PresidentsÃ¢â¬â¢ Entitlements (Repeal) - Bill	https://documents.gov.lk/view/bills/bl_2025.html	en	https://documents.gov.lk/view/bills/2025/8/627-2025_E.pdf	627/2025
lk_bills	2025-08-06-2025-08-06-628-2025-ta	2025-08-06-628-2025-ta	2025-08-06	Institute of Facilities Management Sri Lanka (Incorporation) - Bill	https://documents.gov.lk/view/bills/bl_2025.html	ta	https://documents.gov.lk/view/bills/2025/8/628-2025_T.pdf	628/2025
lk_bills	2025-08-06-2025-08-06-628-2025-si	2025-08-06-628-2025-si	2025-08-06	Institute of Facilities Management Sri Lanka (Incorporation) - Bill	https://documents.gov.lk/view/bills/bl_2025.html	si	https://documents.gov.lk/view/bills/2025/8/628-2025_S.pdf	628/2025
lk_bills	2025-08-06-2025-08-06-628-2025-en	2025-08-06-628-2025-en	2025-08-06	Institute of Facilities Management Sri Lanka (Incorporation) - Bill	https://documents.gov.lk/view/bills/bl_2025.html	en	https://documents.gov.lk/view/bills/2025/8/628-2025_E.pdf	628/2025
lk_bills	2025-07-31-2025-07-31-624-2025-ta	2025-07-31-624-2025-ta	2025-07-31	PresidentsÃ¢â¬â¢ Entitlements (Repeal) - GS	https://documents.gov.lk/view/bills/bl_2025.html	ta	https://documents.gov.lk/view/bills/2025/7/624-2025_T.pdf	624/2025
lk_bills	2025-07-31-2025-07-31-624-2025-si	2025-07-31-624-2025-si	2025-07-31	PresidentsÃ¢â¬â¢ Entitlements (Repeal) - GS	https://documents.gov.lk/view/bills/bl_2025.html	si	https://documents.gov.lk/view/bills/2025/7/624-2025_S.pdf	624/2025
lk_bills	2025-07-31-2025-07-31-624-2025-en	2025-07-31-624-2025-en	2025-07-31	PresidentsÃ¢â¬â¢ Entitlements (Repeal) - GS	https://documents.gov.lk/view/bills/bl_2025.html	en	https://documents.gov.lk/view/bills/2025/7/624-2025_E.pdf	624/2025
lk_bills	2025-07-23-2025-07-23-626-2025-ta	2025-07-23-626-2025-ta	2025-07-23	Kodhagoda Gunarathana Nahimi Foundation (Incorporation) - Bill	https://documents.gov.lk/view/bills/bl_2025.html	ta	https://documents.gov.lk/view/bills/2025/7/626-2025_T.pdf	626/2025
lk_bills	2025-07-23-2025-07-23-626-2025-si	2025-07-23-626-2025-si	2025-07-23	Kodhagoda Gunarathana Nahimi Foundation (Incorporation) - Bill	https://documents.gov.lk/view/bills/bl_2025.html	si	https://documents.gov.lk/view/bills/2025/7/626-2025_S.pdf	626/2025
lk_bills	2025-07-23-2025-07-23-626-2025-en	2025-07-23-626-2025-en	2025-07-23	Kodhagoda Gunarathana Nahimi Foundation (Incorporation) - Bill	https://documents.gov.lk/view/bills/bl_2025.html	en	https://documents.gov.lk/view/bills/2025/7/626-2025_E.pdf	626/2025
lk_bills	2025-07-22-2025-07-22-625-2025-ta	2025-07-22-625-2025-ta	2025-07-22	Land Development (Amendment) - Bill	https://documents.gov.lk/view/bills/bl_2025.html	ta	https://documents.gov.lk/view/bills/2025/7/625-2025_T.pdf	625/2025
lk_bills	2025-07-22-2025-07-22-625-2025-si	2025-07-22-625-2025-si	2025-07-22	Land Development (Amendment) - Bill	https://documents.gov.lk/view/bills/bl_2025.html	si	https://documents.gov.lk/view/bills/2025/7/625-2025_S.pdf	625/2025
lk_bills	2025-07-22-2025-07-22-625-2025-en	2025-07-22-625-2025-en	2025-07-22	Land Development (Amendment) - Bill	https://documents.gov.lk/view/bills/bl_2025.html	en	https://documents.gov.lk/view/bills/2025/7/625-2025_E.pdf	625/2025
lk_bills	2025-07-18-2025-07-18-623-2025-ta	2025-07-18-623-2025-ta	2025-07-18	Institute of Facilities Management Sri Lanka (Incorporation) - GS	https://documents.gov.lk/view/bills/bl_2025.html	ta	https://documents.gov.lk/view/bills/2025/7/623-2025_T.pdf	623/2025
lk_bills	2025-07-18-2025-07-18-623-2025-si	2025-07-18-623-2025-si	2025-07-18	Institute of Facilities Management Sri Lanka (Incorporation) - GS	https://documents.gov.lk/view/bills/bl_2025.html	si	https://documents.gov.lk/view/bills/2025/7/623-2025_S.pdf	623/2025
lk_bills	2025-07-18-2025-07-18-623-2025-en	2025-07-18-623-2025-en	2025-07-18	Institute of Facilities Management Sri Lanka (Incorporation) - GS	https://documents.gov.lk/view/bills/bl_2025.html	en	https://documents.gov.lk/view/bills/2025/7/623-2025_E.pdf	623/2025
lk_bills	2025-07-17-2025-07-17-621-2025-ta	2025-07-17-621-2025-ta	2025-07-17	National Building Research Institute - GS	https://documents.gov.lk/view/bills/bl_2025.html	ta	https://documents.gov.lk/view/bills/2025/7/621-2025_T.pdf	621/2025
lk_bills	2025-07-17-2025-07-17-621-2025-si	2025-07-17-621-2025-si	2025-07-17	National Building Research Institute - GS	https://documents.gov.lk/view/bills/bl_2025.html	si	https://documents.gov.lk/view/bills/2025/7/621-2025_S.pdf	621/2025
lk_bills	2025-07-17-2025-07-17-621-2025-en	2025-07-17-621-2025-en	2025-07-17	National Building Research Institute - GS	https://documents.gov.lk/view/bills/bl_2025.html	en	https://documents.gov.lk/view/bills/2025/7/621-2025_E.pdf	621/2025
lk_bills	2025-07-11-2025-07-11-622-2025-ta	2025-07-11-622-2025-ta	2025-07-11	Mediation (Civil and Commercial Disputes) - Bill	https://documents.gov.lk/view/bills/bl_2025.html	ta	https://documents.gov.lk/view/bills/2025/7/622-2025_T.pdf	622/2025
lk_bills	2025-07-11-2025-07-11-622-2025-si	2025-07-11-622-2025-si	2025-07-11	Mediation (Civil and Commercial Disputes) - Bill	https://documents.gov.lk/view/bills/bl_2025.html	si	https://documents.gov.lk/view/bills/2025/7/622-2025_S.pdf	622/2025
lk_bills	2025-07-11-2025-07-11-622-2025-en	2025-07-11-622-2025-en	2025-07-11	Mediation (Civil and Commercial Disputes) - Bill	https://documents.gov.lk/view/bills/bl_2025.html	en	https://documents.gov.lk/view/bills/2025/7/622-2025_E.pdf	622/2025
lk_bills	2025-07-09-2025-07-09-620-2025-ta	2025-07-09-620-2025-ta	2025-07-09	Rubber Control (Amendment) - Bill	https://documents.gov.lk/view/bills/bl_2025.html	ta	https://documents.gov.lk/view/bills/2025/7/620-2025_T.pdf	620/2025
lk_bills	2025-07-09-2025-07-09-620-2025-si	2025-07-09-620-2025-si	2025-07-09	Rubber Control (Amendment) - Bill	https://documents.gov.lk/view/bills/bl_2025.html	si	https://documents.gov.lk/view/bills/2025/7/620-2025_S.pdf	620/2025
lk_bills	2025-07-09-2025-07-09-620-2025-en	2025-07-09-620-2025-en	2025-07-09	Rubber Control (Amendment) - Bill	https://documents.gov.lk/view/bills/bl_2025.html	en	https://documents.gov.lk/view/bills/2025/7/620-2025_E.pdf	620/2025
lk_bills	2025-07-08-2025-07-08-619-2025-ta	2025-07-08-619-2025-ta	2025-07-08	National Audit (Amendment) - Bill	https://documents.gov.lk/view/bills/bl_2025.html	ta	https://documents.gov.lk/view/bills/2025/7/619-2025_T.pdf	619/2025
lk_bills	2025-07-08-2025-07-08-619-2025-si	2025-07-08-619-2025-si	2025-07-08	National Audit (Amendment) - Bill	https://documents.gov.lk/view/bills/bl_2025.html	si	https://documents.gov.lk/view/bills/2025/7/619-2025_S.pdf	619/2025
lk_bills	2025-07-08-2025-07-08-619-2025-en	2025-07-08-619-2025-en	2025-07-08	National Audit (Amendment) - Bill	https://documents.gov.lk/view/bills/bl_2025.html	en	https://documents.gov.lk/view/bills/2025/7/619-2025_E.pdf	619/2025
lk_bills	2025-07-08-2025-07-08-618-2025-ta	2025-07-08-618-2025-ta	2025-07-08	Penal Code (Amendment) - GS	https://documents.gov.lk/view/bills/bl_2025.html	ta	https://documents.gov.lk/view/bills/2025/7/618-2025_T.pdf	618/2025
lk_bills	2025-07-08-2025-07-08-618-2025-si	2025-07-08-618-2025-si	2025-07-08	Penal Code (Amendment) - GS	https://documents.gov.lk/view/bills/bl_2025.html	si	https://documents.gov.lk/view/bills/2025/7/618-2025_S.pdf	618/2025
lk_bills	2025-07-08-2025-07-08-618-2025-en	2025-07-08-618-2025-en	2025-07-08	Penal Code (Amendment) - GS	https://documents.gov.lk/view/bills/bl_2025.html	en	https://documents.gov.lk/view/bills/2025/7/618-2025_E.pdf	618/2025
lk_bills	2025-07-04-2025-07-04-617-2025-ta	2025-07-04-617-2025-ta	2025-07-04	Land Development (Amendment) - GS	https://documents.gov.lk/view/bills/bl_2025.html	ta	https://documents.gov.lk/view/bills/2025/7/617-2025_T.pdf	617/2025
lk_bills	2025-07-04-2025-07-04-617-2025-si	2025-07-04-617-2025-si	2025-07-04	Land Development (Amendment) - GS	https://documents.gov.lk/view/bills/bl_2025.html	si	https://documents.gov.lk/view/bills/2025/7/617-2025_S.pdf	617/2025
lk_bills	2025-07-04-2025-07-04-617-2025-en	2025-07-04-617-2025-en	2025-07-04	Land Development (Amendment) - GS	https://documents.gov.lk/view/bills/bl_2025.html	en	https://documents.gov.lk/view/bills/2025/7/617-2025_E.pdf	617/2025
lk_bills	2025-07-03-2025-07-03-616-2025-ta	2025-07-03-616-2025-ta	2025-07-03	Mediation (Civil and Commercial Disputes) - GS	https://documents.gov.lk/view/bills/bl_2025.html	ta	https://documents.gov.lk/view/bills/2025/7/616-2025_T.pdf	616/2025
lk_bills	2025-07-03-2025-07-03-616-2025-si	2025-07-03-616-2025-si	2025-07-03	Mediation (Civil and Commercial Disputes) - GS	https://documents.gov.lk/view/bills/bl_2025.html	si	https://documents.gov.lk/view/bills/2025/7/616-2025_S.pdf	616/2025
lk_bills	2025-07-03-2025-07-03-616-2025-en	2025-07-03-616-2025-en	2025-07-03	Mediation (Civil and Commercial Disputes) - GS	https://documents.gov.lk/view/bills/bl_2025.html	en	https://documents.gov.lk/view/bills/2025/7/616-2025_E.pdf	616/2025
lk_bills	2025-06-23-2025-06-23-611-2025-ta	2025-06-23-611-2025-ta	2025-06-23	National Audit (Amendment) - GS	https://documents.gov.lk/view/bills/bl_2025.html	ta	https://documents.gov.lk/view/bills/2025/6/611-2025_T.pdf	611/2025
lk_bills	2025-06-23-2025-06-23-611-2025-si	2025-06-23-611-2025-si	2025-06-23	National Audit (Amendment) - GS	https://documents.gov.lk/view/bills/bl_2025.html	si	https://documents.gov.lk/view/bills/2025/6/611-2025_S.pdf	611/2025
lk_bills	2025-06-23-2025-06-23-611-2025-en	2025-06-23-611-2025-en	2025-06-23	National Audit (Amendment) - GS	https://documents.gov.lk/view/bills/bl_2025.html	en	https://documents.gov.lk/view/bills/2025/6/611-2025_E.pdf	611/2025
lk_bills	2025-06-19-2025-06-19-607-2025-ta	2025-06-19-607-2025-ta	2025-06-19	Kodhagoda Gunarathana Nahimi Foundation (Incorporation) - GS	https://documents.gov.lk/view/bills/bl_2025.html	ta	https://documents.gov.lk/view/bills/2025/6/607-2025_T.pdf	607/2025
lk_bills	2025-06-19-2025-06-19-607-2025-si	2025-06-19-607-2025-si	2025-06-19	Kodhagoda Gunarathana Nahimi Foundation (Incorporation) - GS	https://documents.gov.lk/view/bills/bl_2025.html	si	https://documents.gov.lk/view/bills/2025/6/607-2025_S.pdf	607/2025
lk_bills	2025-06-19-2025-06-19-607-2025-en	2025-06-19-607-2025-en	2025-06-19	Kodhagoda Gunarathana Nahimi Foundation (Incorporation) - GS	https://documents.gov.lk/view/bills/bl_2025.html	en	https://documents.gov.lk/view/bills/2025/6/607-2025_E.pdf	607/2025
lk_bills	2025-06-18-2025-06-18-615-2025-ta	2025-06-18-615-2025-ta	2025-06-18	Colombo Association of Language Skills and Dramatic Art (Incorporation) - Bill	https://documents.gov.lk/view/bills/bl_2025.html	ta	https://documents.gov.lk/view/bills/2025/6/615-2025_T.pdf	615/2025
lk_bills	2025-06-18-2025-06-18-615-2025-si	2025-06-18-615-2025-si	2025-06-18	Colombo Association of Language Skills and Dramatic Art (Incorporation) - Bill	https://documents.gov.lk/view/bills/bl_2025.html	si	https://documents.gov.lk/view/bills/2025/6/615-2025_S.pdf	615/2025
lk_bills	2025-06-18-2025-06-18-615-2025-en	2025-06-18-615-2025-en	2025-06-18	Colombo Association of Language Skills and Dramatic Art (Incorporation) - Bill	https://documents.gov.lk/view/bills/bl_2025.html	en	https://documents.gov.lk/view/bills/2025/6/615-2025_E.pdf	615/2025
lk_bills	2025-06-17-2025-06-17-614-2025-ta	2025-06-17-614-2025-ta	2025-06-17	Samurdhi (Amendment) - Bill	https://documents.gov.lk/view/bills/bl_2025.html	ta	https://documents.gov.lk/view/bills/2025/6/614-2025_T.pdf	614/2025
lk_bills	2025-06-17-2025-06-17-614-2025-si	2025-06-17-614-2025-si	2025-06-17	Samurdhi (Amendment) - Bill	https://documents.gov.lk/view/bills/bl_2025.html	si	https://documents.gov.lk/view/bills/2025/6/614-2025_S.pdf	614/2025
lk_bills	2025-06-17-2025-06-17-614-2025-en	2025-06-17-614-2025-en	2025-06-17	Samurdhi (Amendment) - Bill	https://documents.gov.lk/view/bills/bl_2025.html	en	https://documents.gov.lk/view/bills/2025/6/614-2025_E.pdf	614/2025
lk_bills	2025-06-17-2025-06-17-613-2025-ta	2025-06-17-613-2025-ta	2025-06-17	Gambling Regulatory Authority - Bill	https://documents.gov.lk/view/bills/bl_2025.html	ta	https://documents.gov.lk/view/bills/2025/6/613-2025_T.pdf	613/2025
lk_bills	2025-06-17-2025-06-17-613-2025-si	2025-06-17-613-2025-si	2025-06-17	Gambling Regulatory Authority - Bill	https://documents.gov.lk/view/bills/bl_2025.html	si	https://documents.gov.lk/view/bills/2025/6/613-2025_S.pdf	613/2025
lk_bills	2025-06-17-2025-06-17-613-2025-en	2025-06-17-613-2025-en	2025-06-17	Gambling Regulatory Authority - Bill	https://documents.gov.lk/view/bills/bl_2025.html	en	https://documents.gov.lk/view/bills/2025/6/613-2025_E.pdf	613/2025
lk_bills	2025-06-17-2025-06-17-612-2025-ta	2025-06-17-612-2025-ta	2025-06-17	Bills of Exchange (Amendment) - Bill	https://documents.gov.lk/view/bills/bl_2025.html	ta	https://documents.gov.lk/view/bills/2025/6/612-2025_T.pdf	612/2025
lk_bills	2025-06-17-2025-06-17-612-2025-si	2025-06-17-612-2025-si	2025-06-17	Bills of Exchange (Amendment) - Bill	https://documents.gov.lk/view/bills/bl_2025.html	si	https://documents.gov.lk/view/bills/2025/6/612-2025_S.pdf	612/2025
lk_bills	2025-06-17-2025-06-17-612-2025-en	2025-06-17-612-2025-en	2025-06-17	Bills of Exchange (Amendment) - Bill	https://documents.gov.lk/view/bills/bl_2025.html	en	https://documents.gov.lk/view/bills/2025/6/612-2025_E.pdf	612/2025
lk_bills	2025-06-06-2025-06-06-610-2025-ta	2025-06-06-610-2025-ta	2025-06-06	National Photographic Art Society of Sri Lanka (Incorporation) - GS	https://documents.gov.lk/view/bills/bl_2025.html	ta	https://documents.gov.lk/view/bills/2025/6/610-2025_T.pdf	610/2025
lk_bills	2025-06-06-2025-06-06-610-2025-si	2025-06-06-610-2025-si	2025-06-06	National Photographic Art Society of Sri Lanka (Incorporation) - GS	https://documents.gov.lk/view/bills/bl_2025.html	si	https://documents.gov.lk/view/bills/2025/6/610-2025_S.pdf	610/2025
lk_bills	2025-06-06-2025-06-06-610-2025-en	2025-06-06-610-2025-en	2025-06-06	National Photographic Art Society of Sri Lanka (Incorporation) - GS	https://documents.gov.lk/view/bills/bl_2025.html	en	https://documents.gov.lk/view/bills/2025/6/610-2025_E.pdf	610/2025
lk_bills	2025-06-06-2025-06-06-609-2025-ta	2025-06-06-609-2025-ta	2025-06-06	Tredzo Development Foundation (Incorporation) - Bill	https://documents.gov.lk/view/bills/bl_2025.html	ta	https://documents.gov.lk/view/bills/2025/6/609-2025_T.pdf	609/2025
lk_bills	2025-06-06-2025-06-06-609-2025-si	2025-06-06-609-2025-si	2025-06-06	Tredzo Development Foundation (Incorporation) - Bill	https://documents.gov.lk/view/bills/bl_2025.html	si	https://documents.gov.lk/view/bills/2025/6/609-2025_S.pdf	609/2025
lk_bills	2025-06-06-2025-06-06-609-2025-en	2025-06-06-609-2025-en	2025-06-06	Tredzo Development Foundation (Incorporation) - Bill	https://documents.gov.lk/view/bills/bl_2025.html	en	https://documents.gov.lk/view/bills/2025/6/609-2025_E.pdf	609/2025
lk_bills	2025-06-06-2025-06-06-608-2025-ta	2025-06-06-608-2025-ta	2025-06-06	Chiththa Advanced Psychological Studies Open Institute of Sri Lanka (Incorporation) - Bill	https://documents.gov.lk/view/bills/bl_2025.html	ta	https://documents.gov.lk/view/bills/2025/6/608-2025_T.pdf	608/2025
lk_bills	2025-06-06-2025-06-06-608-2025-si	2025-06-06-608-2025-si	2025-06-06	Chiththa Advanced Psychological Studies Open Institute of Sri Lanka (Incorporation) - Bill	https://documents.gov.lk/view/bills/bl_2025.html	si	https://documents.gov.lk/view/bills/2025/6/608-2025_S.pdf	608/2025
lk_bills	2025-06-06-2025-06-06-608-2025-en	2025-06-06-608-2025-en	2025-06-06	Chiththa Advanced Psychological Studies Open Institute of Sri Lanka (Incorporation) - Bill	https://documents.gov.lk/view/bills/bl_2025.html	en	https://documents.gov.lk/view/bills/2025/6/608-2025_E.pdf	608/2025
lk_bills	2025-06-05-2025-06-05-606-2025-ta	2025-06-05-606-2025-ta	2025-06-05	Companies (Amendment) - Bill	https://documents.gov.lk/view/bills/bl_2025.html	ta	https://documents.gov.lk/view/bills/2025/6/606-2025_T.pdf	606/2025
lk_bills	2025-06-05-2025-06-05-606-2025-si	2025-06-05-606-2025-si	2025-06-05	Companies (Amendment) - Bill	https://documents.gov.lk/view/bills/bl_2025.html	si	https://documents.gov.lk/view/bills/2025/6/606-2025_S.pdf	606/2025
lk_bills	2025-06-05-2025-06-05-606-2025-en	2025-06-05-606-2025-en	2025-06-05	Companies (Amendment) - Bill	https://documents.gov.lk/view/bills/bl_2025.html	en	https://documents.gov.lk/view/bills/2025/6/606-2025_E.pdf	606/2025
lk_bills	2025-06-05-2025-06-05-605-2025-ta	2025-06-05-605-2025-ta	2025-06-05	Provincial Councils Elections (Amendment) - Bill	https://documents.gov.lk/view/bills/bl_2025.html	ta	https://documents.gov.lk/view/bills/2025/6/605-2025_T.pdf	605/2025
lk_bills	2025-06-05-2025-06-05-605-2025-si	2025-06-05-605-2025-si	2025-06-05	Provincial Councils Elections (Amendment) - Bill	https://documents.gov.lk/view/bills/bl_2025.html	si	https://documents.gov.lk/view/bills/2025/6/605-2025_S.pdf	605/2025
lk_bills	2025-06-05-2025-06-05-605-2025-en	2025-06-05-605-2025-en	2025-06-05	Provincial Councils Elections (Amendment) - Bill	https://documents.gov.lk/view/bills/bl_2025.html	en	https://documents.gov.lk/view/bills/2025/6/605-2025_E.pdf	605/2025
lk_bills	2025-06-04-2025-06-04-601-2025-ta	2025-06-04-601-2025-ta	2025-06-04	Bills of Exchange (Amendment) - GS	https://documents.gov.lk/view/bills/bl_2025.html	ta	https://documents.gov.lk/view/bills/2025/6/601-2025_T.pdf	601/2025
lk_bills	2025-06-04-2025-06-04-601-2025-si	2025-06-04-601-2025-si	2025-06-04	Bills of Exchange (Amendment) - GS	https://documents.gov.lk/view/bills/bl_2025.html	si	https://documents.gov.lk/view/bills/2025/6/601-2025_S.pdf	601/2025
lk_bills	2025-06-04-2025-06-04-601-2025-en	2025-06-04-601-2025-en	2025-06-04	Bills of Exchange (Amendment) - GS	https://documents.gov.lk/view/bills/bl_2025.html	en	https://documents.gov.lk/view/bills/2025/6/601-2025_E.pdf	601/2025
lk_bills	2025-06-04-2025-06-04-600-2025-ta	2025-06-04-600-2025-ta	2025-06-04	Samurdhi (Amendment) - GS	https://documents.gov.lk/view/bills/bl_2025.html	ta	https://documents.gov.lk/view/bills/2025/6/600-2025_T.pdf	600/2025
lk_bills	2025-06-04-2025-06-04-600-2025-si	2025-06-04-600-2025-si	2025-06-04	Samurdhi (Amendment) - GS	https://documents.gov.lk/view/bills/bl_2025.html	si	https://documents.gov.lk/view/bills/2025/6/600-2025_S.pdf	600/2025
lk_bills	2025-06-04-2025-06-04-600-2025-en	2025-06-04-600-2025-en	2025-06-04	Samurdhi (Amendment) - GS	https://documents.gov.lk/view/bills/bl_2025.html	en	https://documents.gov.lk/view/bills/2025/6/600-2025_E.pdf	600/2025
lk_bills	2025-06-03-2025-06-03-604-2025-ta	2025-06-03-604-2025-ta	2025-06-03	National Minimum Wage of Workers (Amendment) - Bill	https://documents.gov.lk/view/bills/bl_2025.html	ta	https://documents.gov.lk/view/bills/2025/6/604-2025_T.pdf	604/2025
lk_bills	2025-06-03-2025-06-03-604-2025-si	2025-06-03-604-2025-si	2025-06-03	National Minimum Wage of Workers (Amendment) - Bill	https://documents.gov.lk/view/bills/bl_2025.html	si	https://documents.gov.lk/view/bills/2025/6/604-2025_S.pdf	604/2025
lk_bills	2025-06-03-2025-06-03-604-2025-en	2025-06-03-604-2025-en	2025-06-03	National Minimum Wage of Workers (Amendment) - Bill	https://documents.gov.lk/view/bills/bl_2025.html	en	https://documents.gov.lk/view/bills/2025/6/604-2025_E.pdf	604/2025
lk_bills	2025-06-03-2025-06-03-603-2025-ta	2025-06-03-603-2025-ta	2025-06-03	Budgetary Relief Allowance of Workers (Amendment) - Bill	https://documents.gov.lk/view/bills/bl_2025.html	ta	https://documents.gov.lk/view/bills/2025/6/603-2025_T.pdf	603/2025
lk_bills	2025-06-03-2025-06-03-603-2025-si	2025-06-03-603-2025-si	2025-06-03	Budgetary Relief Allowance of Workers (Amendment) - Bill	https://documents.gov.lk/view/bills/bl_2025.html	si	https://documents.gov.lk/view/bills/2025/6/603-2025_S.pdf	603/2025
lk_bills	2025-06-03-2025-06-03-603-2025-en	2025-06-03-603-2025-en	2025-06-03	Budgetary Relief Allowance of Workers (Amendment) - Bill	https://documents.gov.lk/view/bills/bl_2025.html	en	https://documents.gov.lk/view/bills/2025/6/603-2025_E.pdf	603/2025
lk_bills	2025-06-03-2025-06-03-602-2025-ta	2025-06-03-602-2025-ta	2025-06-03	Budgetary Relief Allowance of Workers (Amendment) - Bill	https://documents.gov.lk/view/bills/bl_2025.html	ta	https://documents.gov.lk/view/bills/2025/6/602-2025_T.pdf	602/2025
lk_bills	2025-06-03-2025-06-03-602-2025-si	2025-06-03-602-2025-si	2025-06-03	Budgetary Relief Allowance of Workers (Amendment) - Bill	https://documents.gov.lk/view/bills/bl_2025.html	si	https://documents.gov.lk/view/bills/2025/6/602-2025_S.pdf	602/2025
lk_bills	2025-06-03-2025-06-03-602-2025-en	2025-06-03-602-2025-en	2025-06-03	Budgetary Relief Allowance of Workers (Amendment) - Bill	https://documents.gov.lk/view/bills/bl_2025.html	en	https://documents.gov.lk/view/bills/2025/6/602-2025_E.pdf	602/2025
lk_bills	2025-06-02-2025-06-02-598-2025-ta	2025-06-02-598-2025-ta	2025-06-02	Colombo Association of Language Skills and Dramatic Art (Incorporation) - GS	https://documents.gov.lk/view/bills/bl_2025.html	ta	https://documents.gov.lk/view/bills/2025/6/598-2025_T.pdf	598/2025
lk_bills	2025-06-02-2025-06-02-598-2025-si	2025-06-02-598-2025-si	2025-06-02	Colombo Association of Language Skills and Dramatic Art (Incorporation) - GS	https://documents.gov.lk/view/bills/bl_2025.html	si	https://documents.gov.lk/view/bills/2025/6/598-2025_S.pdf	598/2025
lk_bills	2025-06-02-2025-06-02-598-2025-en	2025-06-02-598-2025-en	2025-06-02	Colombo Association of Language Skills and Dramatic Art (Incorporation) - GS	https://documents.gov.lk/view/bills/bl_2025.html	en	https://documents.gov.lk/view/bills/2025/6/598-2025_E.pdf	598/2025
lk_bills	2025-05-29-2025-05-29-597-2025-ta	2025-05-29-597-2025-ta	2025-05-29	Chiththa Advanced Psychological Studies Open Institute of Sri Lanka (Incorporation) - GS	https://documents.gov.lk/view/bills/bl_2025.html	ta	https://documents.gov.lk/view/bills/2025/5/597-2025_T.pdf	597/2025
lk_bills	2025-05-29-2025-05-29-597-2025-si	2025-05-29-597-2025-si	2025-05-29	Chiththa Advanced Psychological Studies Open Institute of Sri Lanka (Incorporation) - GS	https://documents.gov.lk/view/bills/bl_2025.html	si	https://documents.gov.lk/view/bills/2025/5/597-2025_S.pdf	597/2025
lk_bills	2025-05-29-2025-05-29-597-2025-en	2025-05-29-597-2025-en	2025-05-29	Chiththa Advanced Psychological Studies Open Institute of Sri Lanka (Incorporation) - GS	https://documents.gov.lk/view/bills/bl_2025.html	en	https://documents.gov.lk/view/bills/2025/5/597-2025_E.pdf	597/2025
lk_bills	2025-05-28-2025-05-28-595-2025-ta	2025-05-28-595-2025-ta	2025-05-28	Rubber Control (Amendment) - GS	https://documents.gov.lk/view/bills/bl_2025.html	ta	https://documents.gov.lk/view/bills/2025/5/595-2025_T.pdf	595/2025
lk_bills	2025-05-28-2025-05-28-595-2025-si	2025-05-28-595-2025-si	2025-05-28	Rubber Control (Amendment) - GS	https://documents.gov.lk/view/bills/bl_2025.html	si	https://documents.gov.lk/view/bills/2025/5/595-2025_S.pdf	595/2025
lk_bills	2025-05-28-2025-05-28-595-2025-en	2025-05-28-595-2025-en	2025-05-28	Rubber Control (Amendment) - GS	https://documents.gov.lk/view/bills/bl_2025.html	en	https://documents.gov.lk/view/bills/2025/5/595-2025_E.pdf	595/2025
lk_bills	2025-05-27-2025-05-27-594-2025-ta	2025-05-27-594-2025-ta	2025-05-27	Gambling Regulatory Authority - GS	https://documents.gov.lk/view/bills/bl_2025.html	ta	https://documents.gov.lk/view/bills/2025/5/594-2025_T.pdf	594/2025
lk_bills	2025-05-27-2025-05-27-594-2025-si	2025-05-27-594-2025-si	2025-05-27	Gambling Regulatory Authority - GS	https://documents.gov.lk/view/bills/bl_2025.html	si	https://documents.gov.lk/view/bills/2025/5/594-2025_S.pdf	594/2025
lk_bills	2025-05-27-2025-05-27-594-2025-en	2025-05-27-594-2025-en	2025-05-27	Gambling Regulatory Authority - GS	https://documents.gov.lk/view/bills/bl_2025.html	en	https://documents.gov.lk/view/bills/2025/5/594-2025_E.pdf	594/2025
lk_bills	2025-05-26-2025-05-26-593-2025-ta	2025-05-26-593-2025-ta	2025-05-26	National Photographic Art Society of Sri Lanka (Incorporation) - GS	https://documents.gov.lk/view/bills/bl_2025.html	ta	https://documents.gov.lk/view/bills/2025/5/593-2025_T.pdf	593/2025
lk_bills	2025-05-26-2025-05-26-593-2025-si	2025-05-26-593-2025-si	2025-05-26	National Photographic Art Society of Sri Lanka (Incorporation) - GS	https://documents.gov.lk/view/bills/bl_2025.html	si	https://documents.gov.lk/view/bills/2025/5/593-2025_S.pdf	593/2025
lk_bills	2025-05-26-2025-05-26-593-2025-en	2025-05-26-593-2025-en	2025-05-26	National Photographic Art Society of Sri Lanka (Incorporation) - GS	https://documents.gov.lk/view/bills/bl_2025.html	en	https://documents.gov.lk/view/bills/2025/5/593-2025_E.pdf	593/2025
lk_bills	2025-05-23-2025-05-23-599-2025-ta	2025-05-23-599-2025-ta	2025-05-23	Sri Lanka Electricity (Amendment) - Bill	https://documents.gov.lk/view/bills/bl_2025.html	ta	https://documents.gov.lk/view/bills/2025/5/599-2025_T.pdf	599/2025
lk_bills	2025-05-23-2025-05-23-599-2025-si	2025-05-23-599-2025-si	2025-05-23	Sri Lanka Electricity (Amendment) - Bill	https://documents.gov.lk/view/bills/bl_2025.html	si	https://documents.gov.lk/view/bills/2025/5/599-2025_S.pdf	599/2025
lk_bills	2025-05-23-2025-05-23-599-2025-en	2025-05-23-599-2025-en	2025-05-23	Sri Lanka Electricity (Amendment) - Bill	https://documents.gov.lk/view/bills/bl_2025.html	en	https://documents.gov.lk/view/bills/2025/5/599-2025_E.pdf	599/2025
lk_bills	2025-05-22-2025-05-22-589-2025-ta	2025-05-22-589-2025-ta	2025-05-22	Provincial Councils Elections (Amendment) - GS	https://documents.gov.lk/view/bills/bl_2025.html	ta	https://documents.gov.lk/view/bills/2025/5/589-2025_T.pdf	589/2025
lk_bills	2025-05-22-2025-05-22-589-2025-si	2025-05-22-589-2025-si	2025-05-22	Provincial Councils Elections (Amendment) - GS	https://documents.gov.lk/view/bills/bl_2025.html	si	https://documents.gov.lk/view/bills/2025/5/589-2025_S.pdf	589/2025
lk_bills	2025-05-22-2025-05-22-589-2025-en	2025-05-22-589-2025-en	2025-05-22	Provincial Councils Elections (Amendment) - GS	https://documents.gov.lk/view/bills/bl_2025.html	en	https://documents.gov.lk/view/bills/2025/5/589-2025_E.pdf	589/2025
lk_bills	2025-05-20-2025-05-20-588-2025-ta	2025-05-20-588-2025-ta	2025-05-20	Budgetary Relief Allowance of Workers (Amendment) - GS	https://documents.gov.lk/view/bills/bl_2025.html	ta	https://documents.gov.lk/view/bills/2025/5/588-2025_T.pdf	588/2025
lk_bills	2025-05-20-2025-05-20-588-2025-si	2025-05-20-588-2025-si	2025-05-20	Budgetary Relief Allowance of Workers (Amendment) - GS	https://documents.gov.lk/view/bills/bl_2025.html	si	https://documents.gov.lk/view/bills/2025/5/588-2025_S.pdf	588/2025
lk_bills	2025-05-20-2025-05-20-588-2025-en	2025-05-20-588-2025-en	2025-05-20	Budgetary Relief Allowance of Workers (Amendment) - GS	https://documents.gov.lk/view/bills/bl_2025.html	en	https://documents.gov.lk/view/bills/2025/5/588-2025_E.pdf	588/2025
lk_bills	2025-05-20-2025-05-20-587-2025-ta	2025-05-20-587-2025-ta	2025-05-20	Budgetary Relief Allowance of Workers (Amendment) - GS	https://documents.gov.lk/view/bills/bl_2025.html	ta	https://documents.gov.lk/view/bills/2025/5/587-2025_T.pdf	587/2025
lk_bills	2025-05-20-2025-05-20-587-2025-si	2025-05-20-587-2025-si	2025-05-20	Budgetary Relief Allowance of Workers (Amendment) - GS	https://documents.gov.lk/view/bills/bl_2025.html	si	https://documents.gov.lk/view/bills/2025/5/587-2025_S.pdf	587/2025
lk_bills	2025-05-20-2025-05-20-587-2025-en	2025-05-20-587-2025-en	2025-05-20	Budgetary Relief Allowance of Workers (Amendment) - GS	https://documents.gov.lk/view/bills/bl_2025.html	en	https://documents.gov.lk/view/bills/2025/5/587-2025_E.pdf	587/2025
lk_bills	2025-05-20-2025-05-20-586-2025-ta	2025-05-20-586-2025-ta	2025-05-20	National Minimum Wage of Workers (Amendment) - GS	https://documents.gov.lk/view/bills/bl_2025.html	ta	https://documents.gov.lk/view/bills/2025/5/586-2025_T.pdf	586/2025
lk_bills	2025-05-20-2025-05-20-586-2025-si	2025-05-20-586-2025-si	2025-05-20	National Minimum Wage of Workers (Amendment) - GS	https://documents.gov.lk/view/bills/bl_2025.html	si	https://documents.gov.lk/view/bills/2025/5/586-2025_S.pdf	586/2025
lk_bills	2025-05-20-2025-05-20-586-2025-en	2025-05-20-586-2025-en	2025-05-20	National Minimum Wage of Workers (Amendment) - GS	https://documents.gov.lk/view/bills/bl_2025.html	en	https://documents.gov.lk/view/bills/2025/5/586-2025_E.pdf	586/2025
lk_bills	2025-05-16-2025-05-16-584-2025-ta	2025-05-16-584-2025-ta	2025-05-16	Sri Lanka Electricity (Amendment) - GS	https://documents.gov.lk/view/bills/bl_2025.html	ta	https://documents.gov.lk/view/bills/2025/5/584-2025_T.pdf	584/2025
lk_bills	2025-05-16-2025-05-16-584-2025-si	2025-05-16-584-2025-si	2025-05-16	Sri Lanka Electricity (Amendment) - GS	https://documents.gov.lk/view/bills/bl_2025.html	si	https://documents.gov.lk/view/bills/2025/5/584-2025_S.pdf	584/2025
lk_bills	2025-05-16-2025-05-16-584-2025-en	2025-05-16-584-2025-en	2025-05-16	Sri Lanka Electricity (Amendment) - GS	https://documents.gov.lk/view/bills/bl_2025.html	en	https://documents.gov.lk/view/bills/2025/5/584-2025_E.pdf	584/2025
lk_bills	2025-05-08-2025-05-08-596-2025-ta	2025-05-08-596-2025-ta	2025-05-08	Mabotuwana Sri Piyarathana Nayaka Thero Suwasevana Foundation (Incorporation) - Bill	https://documents.gov.lk/view/bills/bl_2025.html	ta	https://documents.gov.lk/view/bills/2025/5/596-2025_T.pdf	596/2025
lk_bills	2025-05-08-2025-05-08-596-2025-si	2025-05-08-596-2025-si	2025-05-08	Mabotuwana Sri Piyarathana Nayaka Thero Suwasevana Foundation (Incorporation) - Bill	https://documents.gov.lk/view/bills/bl_2025.html	si	https://documents.gov.lk/view/bills/2025/5/596-2025_S.pdf	596/2025
lk_bills	2025-05-08-2025-05-08-596-2025-en	2025-05-08-596-2025-en	2025-05-08	Mabotuwana Sri Piyarathana Nayaka Thero Suwasevana Foundation (Incorporation) - Bill	https://documents.gov.lk/view/bills/bl_2025.html	en	https://documents.gov.lk/view/bills/2025/5/596-2025_E.pdf	596/2025
lk_bills	2025-05-08-2025-05-08-592-2025-ta	2025-05-08-592-2025-ta	2025-05-08	National Transport Commission (Amendment) - Bill	https://documents.gov.lk/view/bills/bl_2025.html	ta	https://documents.gov.lk/view/bills/2025/5/592-2025_T.pdf	592/2025
lk_bills	2025-05-08-2025-05-08-592-2025-si	2025-05-08-592-2025-si	2025-05-08	National Transport Commission (Amendment) - Bill	https://documents.gov.lk/view/bills/bl_2025.html	si	https://documents.gov.lk/view/bills/2025/5/592-2025_S.pdf	592/2025
lk_bills	2025-05-08-2025-05-08-592-2025-en	2025-05-08-592-2025-en	2025-05-08	National Transport Commission (Amendment) - Bill	https://documents.gov.lk/view/bills/bl_2025.html	en	https://documents.gov.lk/view/bills/2025/5/592-2025_E.pdf	592/2025
lk_bills	2025-05-08-2025-05-08-591-2025-ta	2025-05-08-591-2025-ta	2025-05-08	Personal Data Protection (Amendment) - Bill	https://documents.gov.lk/view/bills/bl_2025.html	ta	https://documents.gov.lk/view/bills/2025/5/591-2025_T.pdf	591/2025
lk_bills	2025-05-08-2025-05-08-591-2025-si	2025-05-08-591-2025-si	2025-05-08	Personal Data Protection (Amendment) - Bill	https://documents.gov.lk/view/bills/bl_2025.html	si	https://documents.gov.lk/view/bills/2025/5/591-2025_S.pdf	591/2025
lk_bills	2025-05-08-2025-05-08-591-2025-en	2025-05-08-591-2025-en	2025-05-08	Personal Data Protection (Amendment) - Bill	https://documents.gov.lk/view/bills/bl_2025.html	en	https://documents.gov.lk/view/bills/2025/5/591-2025_E.pdf	591/2025
lk_bills	2025-05-08-2025-05-08-590-2025-ta	2025-05-08-590-2025-ta	2025-05-08	Online Safety (Repeal) - Bill	https://documents.gov.lk/view/bills/bl_2025.html	ta	https://documents.gov.lk/view/bills/2025/5/590-2025_T.pdf	590/2025
lk_bills	2025-05-08-2025-05-08-590-2025-si	2025-05-08-590-2025-si	2025-05-08	Online Safety (Repeal) - Bill	https://documents.gov.lk/view/bills/bl_2025.html	si	https://documents.gov.lk/view/bills/2025/5/590-2025_S.pdf	590/2025
lk_bills	2025-05-08-2025-05-08-590-2025-en	2025-05-08-590-2025-en	2025-05-08	Online Safety (Repeal) - Bill	https://documents.gov.lk/view/bills/bl_2025.html	en	https://documents.gov.lk/view/bills/2025/5/590-2025_E.pdf	590/2025
lk_bills	2025-05-08-2025-05-08-585-2025-ta	2025-05-08-585-2025-ta	2025-05-08	Foreign Loans (Repeal) - Bill	https://documents.gov.lk/view/bills/bl_2025.html	ta	https://documents.gov.lk/view/bills/2025/5/585-2025_T.pdf	585/2025
lk_bills	2025-05-08-2025-05-08-585-2025-si	2025-05-08-585-2025-si	2025-05-08	Foreign Loans (Repeal) - Bill	https://documents.gov.lk/view/bills/bl_2025.html	si	https://documents.gov.lk/view/bills/2025/5/585-2025_S.pdf	585/2025
lk_bills	2025-05-08-2025-05-08-585-2025-en	2025-05-08-585-2025-en	2025-05-08	Foreign Loans (Repeal) - Bill	https://documents.gov.lk/view/bills/bl_2025.html	en	https://documents.gov.lk/view/bills/2025/5/585-2025_E.pdf	585/2025
lk_bills	2025-04-30-2025-04-30-583-2025-ta	2025-04-30-583-2025-ta	2025-04-30	Tredzo Development Foundation (Incorporation) - GS	https://documents.gov.lk/view/bills/bl_2025.html	ta	https://documents.gov.lk/view/bills/2025/4/583-2025_T.pdf	583/2025
lk_bills	2025-04-30-2025-04-30-583-2025-si	2025-04-30-583-2025-si	2025-04-30	Tredzo Development Foundation (Incorporation) - GS	https://documents.gov.lk/view/bills/bl_2025.html	si	https://documents.gov.lk/view/bills/2025/4/583-2025_S.pdf	583/2025
lk_bills	2025-04-30-2025-04-30-583-2025-en	2025-04-30-583-2025-en	2025-04-30	Tredzo Development Foundation (Incorporation) - GS	https://documents.gov.lk/view/bills/bl_2025.html	en	https://documents.gov.lk/view/bills/2025/4/583-2025_E.pdf	583/2025
lk_bills	2025-04-24-2025-04-24-582-2025-ta	2025-04-24-582-2025-ta	2025-04-24	Companies (Amendment) - GS	https://documents.gov.lk/view/bills/bl_2025.html	ta	https://documents.gov.lk/view/bills/2025/4/582-2025_T.pdf	582/2025
lk_bills	2025-04-24-2025-04-24-582-2025-si	2025-04-24-582-2025-si	2025-04-24	Companies (Amendment) - GS	https://documents.gov.lk/view/bills/bl_2025.html	si	https://documents.gov.lk/view/bills/2025/4/582-2025_S.pdf	582/2025
lk_bills	2025-04-24-2025-04-24-582-2025-en	2025-04-24-582-2025-en	2025-04-24	Companies (Amendment) - GS	https://documents.gov.lk/view/bills/bl_2025.html	en	https://documents.gov.lk/view/bills/2025/4/582-2025_E.pdf	582/2025
lk_bills	2025-04-11-2025-04-11-580-2025-ta	2025-04-11-580-2025-ta	2025-04-11	Foreign Loans (Repeal) - GS	https://documents.gov.lk/view/bills/bl_2025.html	ta	https://documents.gov.lk/view/bills/2025/4/580-2025_T.pdf	580/2025
lk_bills	2025-04-11-2025-04-11-580-2025-si	2025-04-11-580-2025-si	2025-04-11	Foreign Loans (Repeal) - GS	https://documents.gov.lk/view/bills/bl_2025.html	si	https://documents.gov.lk/view/bills/2025/4/580-2025_S.pdf	580/2025
lk_bills	2025-04-11-2025-04-11-580-2025-en	2025-04-11-580-2025-en	2025-04-11	Foreign Loans (Repeal) - GS	https://documents.gov.lk/view/bills/bl_2025.html	en	https://documents.gov.lk/view/bills/2025/4/580-2025_E.pdf	580/2025
lk_bills	2025-04-10-2025-04-10-581-2025-ta	2025-04-10-581-2025-ta	2025-04-10	Mabotuwana Sri Piyarathana Nayaka Thero Suwasevana Foundation (Incorporation) - GS	https://documents.gov.lk/view/bills/bl_2025.html	ta	https://documents.gov.lk/view/bills/2025/4/581-2025_T.pdf	581/2025
lk_bills	2025-04-10-2025-04-10-581-2025-si	2025-04-10-581-2025-si	2025-04-10	Mabotuwana Sri Piyarathana Nayaka Thero Suwasevana Foundation (Incorporation) - GS	https://documents.gov.lk/view/bills/bl_2025.html	si	https://documents.gov.lk/view/bills/2025/4/581-2025_S.pdf	581/2025
lk_bills	2025-04-10-2025-04-10-581-2025-en	2025-04-10-581-2025-en	2025-04-10	Mabotuwana Sri Piyarathana Nayaka Thero Suwasevana Foundation (Incorporation) - GS	https://documents.gov.lk/view/bills/bl_2025.html	en	https://documents.gov.lk/view/bills/2025/4/581-2025_E.pdf	581/2025
lk_bills	2025-04-08-2025-04-08-579-2025-ta	2025-04-08-579-2025-ta	2025-04-08	Code of Criminal Procedure (Amendment) - Bill	https://documents.gov.lk/view/bills/bl_2025.html	ta	https://documents.gov.lk/view/bills/2025/4/579-2025_T.pdf	579/2025
lk_bills	2025-04-08-2025-04-08-579-2025-si	2025-04-08-579-2025-si	2025-04-08	Code of Criminal Procedure (Amendment) - Bill	https://documents.gov.lk/view/bills/bl_2025.html	si	https://documents.gov.lk/view/bills/2025/4/579-2025_S.pdf	579/2025
lk_bills	2025-04-08-2025-04-08-579-2025-en	2025-04-08-579-2025-en	2025-04-08	Code of Criminal Procedure (Amendment) - Bill	https://documents.gov.lk/view/bills/bl_2025.html	en	https://documents.gov.lk/view/bills/2025/4/579-2025_E.pdf	579/2025
lk_bills	2025-04-08-2025-04-08-578-2025-ta	2025-04-08-578-2025-ta	2025-04-08	Online Safety (Repeal) - GS	https://documents.gov.lk/view/bills/bl_2025.html	ta	https://documents.gov.lk/view/bills/2025/4/578-2025_T.pdf	578/2025
lk_bills	2025-04-08-2025-04-08-578-2025-si	2025-04-08-578-2025-si	2025-04-08	Online Safety (Repeal) - GS	https://documents.gov.lk/view/bills/bl_2025.html	si	https://documents.gov.lk/view/bills/2025/4/578-2025_S.pdf	578/2025
lk_bills	2025-04-08-2025-04-08-578-2025-en	2025-04-08-578-2025-en	2025-04-08	Online Safety (Repeal) - GS	https://documents.gov.lk/view/bills/bl_2025.html	en	https://documents.gov.lk/view/bills/2025/4/578-2025_E.pdf	578/2025
lk_bills	2025-04-07-2025-04-07-577-2025-ta	2025-04-07-577-2025-ta	2025-04-07	National Transport Commission (Amendment) - GS	https://documents.gov.lk/view/bills/bl_2025.html	ta	https://documents.gov.lk/view/bills/2025/4/577-2025_T.pdf	577/2025
lk_bills	2025-04-07-2025-04-07-577-2025-si	2025-04-07-577-2025-si	2025-04-07	National Transport Commission (Amendment) - GS	https://documents.gov.lk/view/bills/bl_2025.html	si	https://documents.gov.lk/view/bills/2025/4/577-2025_S.pdf	577/2025
lk_bills	2025-04-07-2025-04-07-577-2025-en	2025-04-07-577-2025-en	2025-04-07	National Transport Commission (Amendment) - GS	https://documents.gov.lk/view/bills/bl_2025.html	en	https://documents.gov.lk/view/bills/2025/4/577-2025_E.pdf	577/2025
lk_bills	2025-03-28-2025-03-28-576-2025-ta	2025-03-28-576-2025-ta	2025-03-28	Code of Criminal Procedure (Amendment) - GS	https://documents.gov.lk/view/bills/bl_2025.html	ta	https://documents.gov.lk/view/bills/2025/3/576-2025_T.pdf	576/2025
lk_bills	2025-03-28-2025-03-28-576-2025-si	2025-03-28-576-2025-si	2025-03-28	Code of Criminal Procedure (Amendment) - GS	https://documents.gov.lk/view/bills/bl_2025.html	si	https://documents.gov.lk/view/bills/2025/3/576-2025_S.pdf	576/2025
lk_bills	2025-03-28-2025-03-28-576-2025-en	2025-03-28-576-2025-en	2025-03-28	Code of Criminal Procedure (Amendment) - GS	https://documents.gov.lk/view/bills/bl_2025.html	en	https://documents.gov.lk/view/bills/2025/3/576-2025_E.pdf	576/2025
lk_bills	2025-03-27-2025-03-27-575-2025-ta	2025-03-27-575-2025-ta	2025-03-27	Personal Data Protection (Amendment) - GS	https://documents.gov.lk/view/bills/bl_2025.html	ta	https://documents.gov.lk/view/bills/2025/3/575-2025_T.pdf	575/2025
lk_bills	2025-03-27-2025-03-27-575-2025-si	2025-03-27-575-2025-si	2025-03-27	Personal Data Protection (Amendment) - GS	https://documents.gov.lk/view/bills/bl_2025.html	si	https://documents.gov.lk/view/bills/2025/3/575-2025_S.pdf	575/2025
lk_bills	2025-03-27-2025-03-27-575-2025-en	2025-03-27-575-2025-en	2025-03-27	Personal Data Protection (Amendment) - GS	https://documents.gov.lk/view/bills/bl_2025.html	en	https://documents.gov.lk/view/bills/2025/3/575-2025_E.pdf	575/2025
lk_bills	2025-03-04-2025-03-04-571-2025-ta	2025-03-04-571-2025-ta	2025-03-04	Sri Lanka Optometric Association (Incorporation) - GS	https://documents.gov.lk/view/bills/bl_2025.html	ta	https://documents.gov.lk/view/bills/2025/3/571-2025_T.pdf	571/2025
lk_bills	2025-03-04-2025-03-04-571-2025-si	2025-03-04-571-2025-si	2025-03-04	Sri Lanka Optometric Association (Incorporation) - GS	https://documents.gov.lk/view/bills/bl_2025.html	si	https://documents.gov.lk/view/bills/2025/3/571-2025_S.pdf	571/2025
lk_bills	2025-03-04-2025-03-04-571-2025-en	2025-03-04-571-2025-en	2025-03-04	Sri Lanka Optometric Association (Incorporation) - GS	https://documents.gov.lk/view/bills/bl_2025.html	en	https://documents.gov.lk/view/bills/2025/3/571-2025_E.pdf	571/2025
lk_bills	2025-03-01-2025-03-01-574-2025-ta	2025-03-01-574-2025-ta	2025-03-01	Inland Revenue (Amendment) - Bill	https://documents.gov.lk/view/bills/bl_2025.html	ta	https://documents.gov.lk/view/bills/2025/3/574-2025_T.pdf	574/2025
lk_bills	2025-03-01-2025-03-01-574-2025-si	2025-03-01-574-2025-si	2025-03-01	Inland Revenue (Amendment) - Bill	https://documents.gov.lk/view/bills/bl_2025.html	si	https://documents.gov.lk/view/bills/2025/3/574-2025_S.pdf	574/2025
lk_bills	2025-03-01-2025-03-01-574-2025-en	2025-03-01-574-2025-en	2025-03-01	Inland Revenue (Amendment) - Bill	https://documents.gov.lk/view/bills/bl_2025.html	en	https://documents.gov.lk/view/bills/2025/3/574-2025_E.pdf	574/2025
lk_bills	2025-03-01-2025-03-01-573-2025-ta	2025-03-01-573-2025-ta	2025-03-01	Value Added Tax (Amendment) - Bill	https://documents.gov.lk/view/bills/bl_2025.html	ta	https://documents.gov.lk/view/bills/2025/3/573-2025_T.pdf	573/2025
lk_bills	2025-03-01-2025-03-01-573-2025-si	2025-03-01-573-2025-si	2025-03-01	Value Added Tax (Amendment) - Bill	https://documents.gov.lk/view/bills/bl_2025.html	si	https://documents.gov.lk/view/bills/2025/3/573-2025_S.pdf	573/2025
lk_bills	2025-03-01-2025-03-01-573-2025-en	2025-03-01-573-2025-en	2025-03-01	Value Added Tax (Amendment) - Bill	https://documents.gov.lk/view/bills/bl_2025.html	en	https://documents.gov.lk/view/bills/2025/3/573-2025_E.pdf	573/2025
lk_bills	2025-03-01-2025-03-01-572-2025-ta	2025-03-01-572-2025-ta	2025-03-01	Proceeds of Crime - Bill	https://documents.gov.lk/view/bills/bl_2025.html	ta	https://documents.gov.lk/view/bills/2025/3/572-2025_T.pdf	572/2025
lk_bills	2025-03-01-2025-03-01-572-2025-si	2025-03-01-572-2025-si	2025-03-01	Proceeds of Crime - Bill	https://documents.gov.lk/view/bills/bl_2025.html	si	https://documents.gov.lk/view/bills/2025/3/572-2025_S.pdf	572/2025
lk_bills	2025-03-01-2025-03-01-572-2025-en	2025-03-01-572-2025-en	2025-03-01	Proceeds of Crime - Bill	https://documents.gov.lk/view/bills/bl_2025.html	en	https://documents.gov.lk/view/bills/2025/3/572-2025_E.pdf	572/2025
lk_bills	2025-02-21-2025-02-21-570-2025-ta	2025-02-21-570-2025-ta	2025-02-21	Proceeds of Crime - GS	https://documents.gov.lk/view/bills/bl_2025.html	ta	https://documents.gov.lk/view/bills/2025/2/570-2025_T.pdf	570/2025
lk_bills	2025-02-21-2025-02-21-570-2025-si	2025-02-21-570-2025-si	2025-02-21	Proceeds of Crime - GS	https://documents.gov.lk/view/bills/bl_2025.html	si	https://documents.gov.lk/view/bills/2025/2/570-2025_S.pdf	570/2025
lk_bills	2025-02-21-2025-02-21-570-2025-en	2025-02-21-570-2025-en	2025-02-21	Proceeds of Crime - GS	https://documents.gov.lk/view/bills/bl_2025.html	en	https://documents.gov.lk/view/bills/2025/2/570-2025_E.pdf	570/2025
lk_bills	2025-02-21-2025-02-21-569-2025-ta	2025-02-21-569-2025-ta	2025-02-21	Inland Revenue (Amendment) - GS	https://documents.gov.lk/view/bills/bl_2025.html	ta	https://documents.gov.lk/view/bills/2025/2/569-2025_T.pdf	569/2025
lk_bills	2025-02-21-2025-02-21-569-2025-si	2025-02-21-569-2025-si	2025-02-21	Inland Revenue (Amendment) - GS	https://documents.gov.lk/view/bills/bl_2025.html	si	https://documents.gov.lk/view/bills/2025/2/569-2025_S.pdf	569/2025
lk_bills	2025-02-21-2025-02-21-569-2025-en	2025-02-21-569-2025-en	2025-02-21	Inland Revenue (Amendment) - GS	https://documents.gov.lk/view/bills/bl_2025.html	en	https://documents.gov.lk/view/bills/2025/2/569-2025_E.pdf	569/2025
lk_bills	2025-02-21-2025-02-21-560-2025-ta	2025-02-21-560-2025-ta	2025-02-21	Value Added Tax (Amendment) - GS	https://documents.gov.lk/view/bills/bl_2025.html	ta	https://documents.gov.lk/view/bills/2025/2/560-2025_T.pdf	560/2025
lk_bills	2025-02-21-2025-02-21-560-2025-si	2025-02-21-560-2025-si	2025-02-21	Value Added Tax (Amendment) - GS	https://documents.gov.lk/view/bills/bl_2025.html	si	https://documents.gov.lk/view/bills/2025/2/560-2025_S.pdf	560/2025
lk_bills	2025-02-21-2025-02-21-560-2025-en	2025-02-21-560-2025-en	2025-02-21	Value Added Tax (Amendment) - GS	https://documents.gov.lk/view/bills/bl_2025.html	en	https://documents.gov.lk/view/bills/2025/2/560-2025_E.pdf	560/2025
lk_bills	2025-01-09-2025-01-09-568-2025-ta	2025-01-09-568-2025-ta	2025-01-09	Appropriation - Bill	https://documents.gov.lk/view/bills/bl_2025.html	ta	https://documents.gov.lk/view/bills/2025/1/568-2025_T.pdf	568/2025
lk_bills	2025-01-09-2025-01-09-568-2025-si	2025-01-09-568-2025-si	2025-01-09	Appropriation - Bill	https://documents.gov.lk/view/bills/bl_2025.html	si	https://documents.gov.lk/view/bills/2025/1/568-2025_S.pdf	568/2025
lk_bills	2025-01-09-2025-01-09-568-2025-en	2025-01-09-568-2025-en	2025-01-09	Appropriation - Bill	https://documents.gov.lk/view/bills/bl_2025.html	en	https://documents.gov.lk/view/bills/2025/1/568-2025_E.pdf	568/2025
lk_bills	2025-01-09-2025-01-09-566-2025-ta	2025-01-09-566-2025-ta	2025-01-09	Local Authorities Elections (Special Provisions) - Bill	https://documents.gov.lk/view/bills/bl_2025.html	ta	https://documents.gov.lk/view/bills/2025/1/566-2025_T.pdf	566/2025
lk_bills	2025-01-09-2025-01-09-566-2025-si	2025-01-09-566-2025-si	2025-01-09	Local Authorities Elections (Special Provisions) - Bill	https://documents.gov.lk/view/bills/bl_2025.html	si	https://documents.gov.lk/view/bills/2025/1/566-2025_S.pdf	566/2025
lk_bills	2025-01-09-2025-01-09-566-2025-en	2025-01-09-566-2025-en	2025-01-09	Local Authorities Elections (Special Provisions) - Bill	https://documents.gov.lk/view/bills/bl_2025.html	en	https://documents.gov.lk/view/bills/2025/1/566-2025_E.pdf	566/2025
lk_bills	2025-01-01-2025-01-01-565-2025-ta	2025-01-01-565-2025-ta	2025-01-01	Local Authorities Elections (Special Provisions) - GS	https://documents.gov.lk/view/bills/bl_2025.html	ta	https://documents.gov.lk/view/bills/2025/1/565-2025_T.pdf	565/2025
lk_bills	2025-01-01-2025-01-01-565-2025-si	2025-01-01-565-2025-si	2025-01-01	Local Authorities Elections (Special Provisions) - GS	https://documents.gov.lk/view/bills/bl_2025.html	si	https://documents.gov.lk/view/bills/2025/1/565-2025_S.pdf	565/2025
lk_bills	2025-01-01-2025-01-01-565-2025-en	2025-01-01-565-2025-en	2025-01-01	Local Authorities Elections (Special Provisions) - GS	https://documents.gov.lk/view/bills/bl_2025.html	en	https://documents.gov.lk/view/bills/2025/1/565-2025_E.pdf	565/2025
lk_bills	2024-12-31-2024-12-31-567-2025-ta	2024-12-31-567-2025-ta	2024-12-31	Appropriation - GS	https://documents.gov.lk/view/bills/bl_2024.html	ta	https://documents.gov.lk/view/bills/2024/12/567-2025_T.pdf	567/2025
lk_bills	2024-12-31-2024-12-31-567-2025-si	2024-12-31-567-2025-si	2024-12-31	Appropriation - GS	https://documents.gov.lk/view/bills/bl_2024.html	si	https://documents.gov.lk/view/bills/2024/12/567-2025_S.pdf	567/2025
lk_bills	2024-12-31-2024-12-31-567-2025-en	2024-12-31-567-2025-en	2024-12-31	Appropriation - GS	https://documents.gov.lk/view/bills/bl_2024.html	en	https://documents.gov.lk/view/bills/2024/12/567-2025_E.pdf	567/2025
lk_bills	2024-09-03-2024-09-03-564-2024-ta	2024-09-03-564-2024-ta	2024-09-03	Commission for Truth, Unity, and Reconciliation in Sri Lanka -  Bill	https://documents.gov.lk/view/bills/bl_2024.html	ta	https://documents.gov.lk/view/bills/2024/9/564-2024_T.pdf	564/2024
lk_bills	2024-09-03-2024-09-03-564-2024-si	2024-09-03-564-2024-si	2024-09-03	Commission for Truth, Unity, and Reconciliation in Sri Lanka -  Bill	https://documents.gov.lk/view/bills/bl_2024.html	si	https://documents.gov.lk/view/bills/2024/9/564-2024_S.pdf	564/2024
lk_bills	2024-09-03-2024-09-03-564-2024-en	2024-09-03-564-2024-en	2024-09-03	Commission for Truth, Unity, and Reconciliation in Sri Lanka -  Bill	https://documents.gov.lk/view/bills/bl_2024.html	en	https://documents.gov.lk/view/bills/2024/9/564-2024_E.pdf	564/2024
lk_bills	2024-09-03-2024-09-03-563-2024-ta	2024-09-03-563-2024-ta	2024-09-03	Companies (Amendment) - Bill	https://documents.gov.lk/view/bills/bl_2024.html	ta	https://documents.gov.lk/view/bills/2024/9/563-2024_T.pdf	563/2024
lk_bills	2024-09-03-2024-09-03-563-2024-si	2024-09-03-563-2024-si	2024-09-03	Companies (Amendment) - Bill	https://documents.gov.lk/view/bills/bl_2024.html	si	https://documents.gov.lk/view/bills/2024/9/563-2024_S.pdf	563/2024
lk_bills	2024-09-03-2024-09-03-563-2024-en	2024-09-03-563-2024-en	2024-09-03	Companies (Amendment) - Bill	https://documents.gov.lk/view/bills/bl_2024.html	en	https://documents.gov.lk/view/bills/2024/9/563-2024_E.pdf	563/2024
lk_bills	2024-09-03-2024-09-03-560-2024-ta	2024-09-03-560-2024-ta	2024-09-03	National Land Commission - Bill	https://documents.gov.lk/view/bills/bl_2024.html	ta	https://documents.gov.lk/view/bills/2024/9/560-2024_T.pdf	560/2024
lk_bills	2024-09-03-2024-09-03-560-2024-si	2024-09-03-560-2024-si	2024-09-03	National Land Commission - Bill	https://documents.gov.lk/view/bills/bl_2024.html	si	https://documents.gov.lk/view/bills/2024/9/560-2024_S.pdf	560/2024
lk_bills	2024-09-03-2024-09-03-560-2024-en	2024-09-03-560-2024-en	2024-09-03	National Land Commission - Bill	https://documents.gov.lk/view/bills/bl_2024.html	en	https://documents.gov.lk/view/bills/2024/9/560-2024_E.pdf	560/2024
lk_bills	2024-09-03-2024-09-03-551-2024-ta	2024-09-03-551-2024-ta	2024-09-03	National Building Research Institute - GS	https://documents.gov.lk/view/bills/bl_2024.html	ta	https://documents.gov.lk/view/bills/2024/9/551-2024_T.pdf	551/2024
lk_bills	2024-09-03-2024-09-03-551-2024-si	2024-09-03-551-2024-si	2024-09-03	National Building Research Institute - GS	https://documents.gov.lk/view/bills/bl_2024.html	si	https://documents.gov.lk/view/bills/2024/9/551-2024_S.pdf	551/2024
lk_bills	2024-09-03-2024-09-03-551-2024-en	2024-09-03-551-2024-en	2024-09-03	National Building Research Institute - GS	https://documents.gov.lk/view/bills/bl_2024.html	en	https://documents.gov.lk/view/bills/2024/9/551-2024_E.pdf	551/2024
lk_bills	2024-08-28-2024-08-28-565-2024-ta	2024-08-28-565-2024-ta	2024-08-28	NATIONAL TRANSPORT COMMISSION - Bill	https://documents.gov.lk/view/bills/bl_2024.html	ta	https://documents.gov.lk/view/bills/2024/8/565-2024_T.pdf	565/2024
lk_bills	2024-08-28-2024-08-28-565-2024-si	2024-08-28-565-2024-si	2024-08-28	NATIONAL TRANSPORT COMMISSION - Bill	https://documents.gov.lk/view/bills/bl_2024.html	si	https://documents.gov.lk/view/bills/2024/8/565-2024_S.pdf	565/2024
lk_bills	2024-08-28-2024-08-28-565-2024-en	2024-08-28-565-2024-en	2024-08-28	NATIONAL TRANSPORT COMMISSION - Bill	https://documents.gov.lk/view/bills/bl_2024.html	en	https://documents.gov.lk/view/bills/2024/8/565-2024_E.pdf	565/2024
lk_bills	2024-08-28-2024-08-28-549-2024-ta	2024-08-28-549-2024-ta	2024-08-28	National Transport Commission (Amendment) - GS	https://documents.gov.lk/view/bills/bl_2024.html	ta	https://documents.gov.lk/view/bills/2024/8/549-2024_T.pdf	549/2024
lk_bills	2024-08-28-2024-08-28-549-2024-si	2024-08-28-549-2024-si	2024-08-28	National Transport Commission (Amendment) - GS	https://documents.gov.lk/view/bills/bl_2024.html	si	https://documents.gov.lk/view/bills/2024/8/549-2024_S.pdf	549/2024
lk_bills	2024-08-28-2024-08-28-549-2024-en	2024-08-28-549-2024-en	2024-08-28	National Transport Commission (Amendment) - GS	https://documents.gov.lk/view/bills/bl_2024.html	en	https://documents.gov.lk/view/bills/2024/8/549-2024_E.pdf	549/2024
lk_bills	2024-08-26-2024-08-26-548-2024-ta	2024-08-26-548-2024-ta	2024-08-26	Tredzo Development Foundation (Incorporation) - GS	https://documents.gov.lk/view/bills/bl_2024.html	ta	https://documents.gov.lk/view/bills/2024/8/548-2024_T.pdf	548/2024
lk_bills	2024-08-26-2024-08-26-548-2024-si	2024-08-26-548-2024-si	2024-08-26	Tredzo Development Foundation (Incorporation) - GS	https://documents.gov.lk/view/bills/bl_2024.html	si	https://documents.gov.lk/view/bills/2024/8/548-2024_S.pdf	548/2024
lk_bills	2024-08-26-2024-08-26-548-2024-en	2024-08-26-548-2024-en	2024-08-26	Tredzo Development Foundation (Incorporation) - GS	https://documents.gov.lk/view/bills/bl_2024.html	en	https://documents.gov.lk/view/bills/2024/8/548-2024_E.pdf	548/2024
lk_bills	2024-08-26-2024-08-26-547-2024-ta	2024-08-26-547-2024-ta	2024-08-26	Jagath Kumara Sisu Nena Foundation (Incorporation) - GS	https://documents.gov.lk/view/bills/bl_2024.html	ta	https://documents.gov.lk/view/bills/2024/8/547-2024_T.pdf	547/2024
lk_bills	2024-08-26-2024-08-26-547-2024-si	2024-08-26-547-2024-si	2024-08-26	Jagath Kumara Sisu Nena Foundation (Incorporation) - GS	https://documents.gov.lk/view/bills/bl_2024.html	si	https://documents.gov.lk/view/bills/2024/8/547-2024_S.pdf	547/2024
lk_bills	2024-08-26-2024-08-26-547-2024-en	2024-08-26-547-2024-en	2024-08-26	Jagath Kumara Sisu Nena Foundation (Incorporation) - GS	https://documents.gov.lk/view/bills/bl_2024.html	en	https://documents.gov.lk/view/bills/2024/8/547-2024_E.pdf	547/2024
lk_bills	2024-08-21-2024-08-21-559-2024-ta	2024-08-21-559-2024-ta	2024-08-21	Maternity Benefits (Amendment) - Bill	https://documents.gov.lk/view/bills/bl_2024.html	ta	https://documents.gov.lk/view/bills/2024/8/559-2024_T.pdf	559/2024
lk_bills	2024-08-21-2024-08-21-559-2024-si	2024-08-21-559-2024-si	2024-08-21	Maternity Benefits (Amendment) - Bill	https://documents.gov.lk/view/bills/bl_2024.html	si	https://documents.gov.lk/view/bills/2024/8/559-2024_S.pdf	559/2024
lk_bills	2024-08-21-2024-08-21-559-2024-en	2024-08-21-559-2024-en	2024-08-21	Maternity Benefits (Amendment) - Bill	https://documents.gov.lk/view/bills/bl_2024.html	en	https://documents.gov.lk/view/bills/2024/8/559-2024_E.pdf	559/2024
lk_bills	2024-08-21-2024-08-21-558-2024-ta	2024-08-21-558-2024-ta	2024-08-21	Protection of Occupants - Bill	https://documents.gov.lk/view/bills/bl_2024.html	ta	https://documents.gov.lk/view/bills/2024/8/558-2024_T.pdf	558/2024
lk_bills	2024-08-21-2024-08-21-558-2024-si	2024-08-21-558-2024-si	2024-08-21	Protection of Occupants - Bill	https://documents.gov.lk/view/bills/bl_2024.html	si	https://documents.gov.lk/view/bills/2024/8/558-2024_S.pdf	558/2024
lk_bills	2024-08-21-2024-08-21-558-2024-en	2024-08-21-558-2024-en	2024-08-21	Protection of Occupants - Bill	https://documents.gov.lk/view/bills/bl_2024.html	en	https://documents.gov.lk/view/bills/2024/8/558-2024_E.pdf	558/2024
lk_bills	2024-08-21-2024-08-21-557-2024-ta	2024-08-21-557-2024-ta	2024-08-21	Sri Lanka Optometric Association (Incorporation) - Bill	https://documents.gov.lk/view/bills/bl_2024.html	ta	https://documents.gov.lk/view/bills/2024/8/557-2024_T.pdf	557/2024
lk_bills	2024-08-21-2024-08-21-557-2024-si	2024-08-21-557-2024-si	2024-08-21	Sri Lanka Optometric Association (Incorporation) - Bill	https://documents.gov.lk/view/bills/bl_2024.html	si	https://documents.gov.lk/view/bills/2024/8/557-2024_S.pdf	557/2024
lk_bills	2024-08-21-2024-08-21-557-2024-en	2024-08-21-557-2024-en	2024-08-21	Sri Lanka Optometric Association (Incorporation) - Bill	https://documents.gov.lk/view/bills/bl_2024.html	en	https://documents.gov.lk/view/bills/2024/8/557-2024_E.pdf	557/2024
lk_bills	2024-08-21-2024-08-21-556-2024-ta	2024-08-21-556-2024-ta	2024-08-21	Penal Code (Amendment) - Bill	https://documents.gov.lk/view/bills/bl_2024.html	ta	https://documents.gov.lk/view/bills/2024/8/556-2024_T.pdf	556/2024
lk_bills	2024-08-21-2024-08-21-556-2024-si	2024-08-21-556-2024-si	2024-08-21	Penal Code (Amendment) - Bill	https://documents.gov.lk/view/bills/bl_2024.html	si	https://documents.gov.lk/view/bills/2024/8/556-2024_S.pdf	556/2024
lk_bills	2024-08-21-2024-08-21-556-2024-en	2024-08-21-556-2024-en	2024-08-21	Penal Code (Amendment) - Bill	https://documents.gov.lk/view/bills/bl_2024.html	en	https://documents.gov.lk/view/bills/2024/8/556-2024_E.pdf	556/2024
lk_bills	2024-08-21-2024-08-21-555-2024-ta	2024-08-21-555-2024-ta	2024-08-21	Rent (Repeal) - Bill	https://documents.gov.lk/view/bills/bl_2024.html	ta	https://documents.gov.lk/view/bills/2024/8/555-2024_T.pdf	555/2024
lk_bills	2024-08-21-2024-08-21-555-2024-si	2024-08-21-555-2024-si	2024-08-21	Rent (Repeal) - Bill	https://documents.gov.lk/view/bills/bl_2024.html	si	https://documents.gov.lk/view/bills/2024/8/555-2024_S.pdf	555/2024
lk_bills	2024-08-21-2024-08-21-555-2024-en	2024-08-21-555-2024-en	2024-08-21	Rent (Repeal) - Bill	https://documents.gov.lk/view/bills/bl_2024.html	en	https://documents.gov.lk/view/bills/2024/8/555-2024_E.pdf	555/2024
lk_bills	2024-08-21-2024-08-21-554-2024-ta	2024-08-21-554-2024-ta	2024-08-21	Public Assets Management - Bill	https://documents.gov.lk/view/bills/bl_2024.html	ta	https://documents.gov.lk/view/bills/2024/8/554-2024_T.pdf	554/2024
lk_bills	2024-08-21-2024-08-21-554-2024-si	2024-08-21-554-2024-si	2024-08-21	Public Assets Management - Bill	https://documents.gov.lk/view/bills/bl_2024.html	si	https://documents.gov.lk/view/bills/2024/8/554-2024_S.pdf	554/2024
lk_bills	2024-08-21-2024-08-21-554-2024-en	2024-08-21-554-2024-en	2024-08-21	Public Assets Management - Bill	https://documents.gov.lk/view/bills/bl_2024.html	en	https://documents.gov.lk/view/bills/2024/8/554-2024_E.pdf	554/2024
lk_bills	2024-08-21-2024-08-21-553-2024-ta	2024-08-21-553-2024-ta	2024-08-21	Shop and Office Employees (Regulation of Employment and Remuneration) (Amendment) - Bill	https://documents.gov.lk/view/bills/bl_2024.html	ta	https://documents.gov.lk/view/bills/2024/8/553-2024_T.pdf	553/2024
lk_bills	2024-08-21-2024-08-21-553-2024-si	2024-08-21-553-2024-si	2024-08-21	Shop and Office Employees (Regulation of Employment and Remuneration) (Amendment) - Bill	https://documents.gov.lk/view/bills/bl_2024.html	si	https://documents.gov.lk/view/bills/2024/8/553-2024_S.pdf	553/2024
lk_bills	2024-08-21-2024-08-21-553-2024-en	2024-08-21-553-2024-en	2024-08-21	Shop and Office Employees (Regulation of Employment and Remuneration) (Amendment) - Bill	https://documents.gov.lk/view/bills/bl_2024.html	en	https://documents.gov.lk/view/bills/2024/8/553-2024_E.pdf	553/2024
lk_bills	2024-08-21-2024-08-21-552-2024-ta	2024-08-21-552-2024-ta	2024-08-21	Bills of Exchange (Amendment) - Bill	https://documents.gov.lk/view/bills/bl_2024.html	ta	https://documents.gov.lk/view/bills/2024/8/552-2024_T.pdf	552/2024
lk_bills	2024-08-21-2024-08-21-552-2024-si	2024-08-21-552-2024-si	2024-08-21	Bills of Exchange (Amendment) - Bill	https://documents.gov.lk/view/bills/bl_2024.html	si	https://documents.gov.lk/view/bills/2024/8/552-2024_S.pdf	552/2024
lk_bills	2024-08-21-2024-08-21-552-2024-en	2024-08-21-552-2024-en	2024-08-21	Bills of Exchange (Amendment) - Bill	https://documents.gov.lk/view/bills/bl_2024.html	en	https://documents.gov.lk/view/bills/2024/8/552-2024_E.pdf	552/2024
lk_bills	2024-08-21-2024-08-21-550-2024-ta	2024-08-21-550-2024-ta	2024-08-21	Code of Criminal Procedure (Amendment) - Bill	https://documents.gov.lk/view/bills/bl_2024.html	ta	https://documents.gov.lk/view/bills/2024/8/550-2024_T.pdf	550/2024
lk_bills	2024-08-21-2024-08-21-550-2024-si	2024-08-21-550-2024-si	2024-08-21	Code of Criminal Procedure (Amendment) - Bill	https://documents.gov.lk/view/bills/bl_2024.html	si	https://documents.gov.lk/view/bills/2024/8/550-2024_S.pdf	550/2024
lk_bills	2024-08-21-2024-08-21-550-2024-en	2024-08-21-550-2024-en	2024-08-21	Code of Criminal Procedure (Amendment) - Bill	https://documents.gov.lk/view/bills/bl_2024.html	en	https://documents.gov.lk/view/bills/2024/8/550-2024_E.pdf	550/2024
lk_bills	2024-08-16-2024-08-16-546-2024-ta	2024-08-16-546-2024-ta	2024-08-16	National Land Commission - GS	https://documents.gov.lk/view/bills/bl_2024.html	ta	https://documents.gov.lk/view/bills/2024/8/546-2024_T.pdf	546/2024
lk_bills	2024-08-16-2024-08-16-546-2024-si	2024-08-16-546-2024-si	2024-08-16	National Land Commission - GS	https://documents.gov.lk/view/bills/bl_2024.html	si	https://documents.gov.lk/view/bills/2024/8/546-2024_S.pdf	546/2024
lk_bills	2024-08-16-2024-08-16-546-2024-en	2024-08-16-546-2024-en	2024-08-16	National Land Commission - GS	https://documents.gov.lk/view/bills/bl_2024.html	en	https://documents.gov.lk/view/bills/2024/8/546-2024_E.pdf	546/2024
lk_bills	2024-08-13-2024-08-13-545-2024-ta	2024-08-13-545-2024-ta	2024-08-13	Shop and Office Employees (Regulation of Employment and Remuneration) (Amendment) - GS	https://documents.gov.lk/view/bills/bl_2024.html	ta	https://documents.gov.lk/view/bills/2024/8/545-2024_T.pdf	545/2024
lk_bills	2024-08-13-2024-08-13-545-2024-si	2024-08-13-545-2024-si	2024-08-13	Shop and Office Employees (Regulation of Employment and Remuneration) (Amendment) - GS	https://documents.gov.lk/view/bills/bl_2024.html	si	https://documents.gov.lk/view/bills/2024/8/545-2024_S.pdf	545/2024
lk_bills	2024-08-13-2024-08-13-545-2024-en	2024-08-13-545-2024-en	2024-08-13	Shop and Office Employees (Regulation of Employment and Remuneration) (Amendment) - GS	https://documents.gov.lk/view/bills/bl_2024.html	en	https://documents.gov.lk/view/bills/2024/8/545-2024_E.pdf	545/2024
lk_bills	2024-08-08-2024-08-08-544-2024-ta	2024-08-08-544-2024-ta	2024-08-08	Kodhagoda Gunarathana Nahimi Foundation (Incorporation) - Bill	https://documents.gov.lk/view/bills/bl_2024.html	ta	https://documents.gov.lk/view/bills/2024/8/544-2024_T.pdf	544/2024
lk_bills	2024-08-08-2024-08-08-544-2024-si	2024-08-08-544-2024-si	2024-08-08	Kodhagoda Gunarathana Nahimi Foundation (Incorporation) - Bill	https://documents.gov.lk/view/bills/bl_2024.html	si	https://documents.gov.lk/view/bills/2024/8/544-2024_S.pdf	544/2024
lk_bills	2024-08-08-2024-08-08-544-2024-en	2024-08-08-544-2024-en	2024-08-08	Kodhagoda Gunarathana Nahimi Foundation (Incorporation) - Bill	https://documents.gov.lk/view/bills/bl_2024.html	en	https://documents.gov.lk/view/bills/2024/8/544-2024_E.pdf	544/2024
lk_bills	2024-08-08-2024-08-08-543-2024-ta	2024-08-08-543-2024-ta	2024-08-08	Online Safety (Amendment) - Bill	https://documents.gov.lk/view/bills/bl_2024.html	ta	https://documents.gov.lk/view/bills/2024/8/543-2024_T.pdf	543/2024
lk_bills	2024-08-08-2024-08-08-543-2024-si	2024-08-08-543-2024-si	2024-08-08	Online Safety (Amendment) - Bill	https://documents.gov.lk/view/bills/bl_2024.html	si	https://documents.gov.lk/view/bills/2024/8/543-2024_S.pdf	543/2024
lk_bills	2024-08-08-2024-08-08-543-2024-en	2024-08-08-543-2024-en	2024-08-08	Online Safety (Amendment) - Bill	https://documents.gov.lk/view/bills/bl_2024.html	en	https://documents.gov.lk/view/bills/2024/8/543-2024_E.pdf	543/2024
lk_bills	2024-08-06-2024-08-06-542-2024-ta	2024-08-06-542-2024-ta	2024-08-06	International Traditional Sihelogy Council (ITSC) (Incorporation) - Bill	https://documents.gov.lk/view/bills/bl_2024.html	ta	https://documents.gov.lk/view/bills/2024/8/542-2024_T.pdf	542/2024
lk_bills	2024-08-06-2024-08-06-542-2024-si	2024-08-06-542-2024-si	2024-08-06	International Traditional Sihelogy Council (ITSC) (Incorporation) - Bill	https://documents.gov.lk/view/bills/bl_2024.html	si	https://documents.gov.lk/view/bills/2024/8/542-2024_S.pdf	542/2024
lk_bills	2024-08-06-2024-08-06-542-2024-en	2024-08-06-542-2024-en	2024-08-06	International Traditional Sihelogy Council (ITSC) (Incorporation) - Bill	https://documents.gov.lk/view/bills/bl_2024.html	en	https://documents.gov.lk/view/bills/2024/8/542-2024_E.pdf	542/2024
lk_bills	2024-08-06-2024-08-06-541-2024-ta	2024-08-06-541-2024-ta	2024-08-06	Companies (Amendment) -  GS	https://documents.gov.lk/view/bills/bl_2024.html	ta	https://documents.gov.lk/view/bills/2024/8/541-2024_T.pdf	541/2024
lk_bills	2024-08-06-2024-08-06-541-2024-si	2024-08-06-541-2024-si	2024-08-06	Companies (Amendment) -  GS	https://documents.gov.lk/view/bills/bl_2024.html	si	https://documents.gov.lk/view/bills/2024/8/541-2024_S.pdf	541/2024
lk_bills	2024-08-06-2024-08-06-541-2024-en	2024-08-06-541-2024-en	2024-08-06	Companies (Amendment) -  GS	https://documents.gov.lk/view/bills/bl_2024.html	en	https://documents.gov.lk/view/bills/2024/8/541-2024_E.pdf	541/2024
lk_bills	2024-08-05-2024-08-05-540-2024-ta	2024-08-05-540-2024-ta	2024-08-05	Commission for Truth, Unity and Reconciliation in Sri Lanka - GS	https://documents.gov.lk/view/bills/bl_2024.html	ta	https://documents.gov.lk/view/bills/2024/8/540-2024_T.pdf	540/2024
lk_bills	2024-08-05-2024-08-05-540-2024-si	2024-08-05-540-2024-si	2024-08-05	Commission for Truth, Unity and Reconciliation in Sri Lanka - GS	https://documents.gov.lk/view/bills/bl_2024.html	si	https://documents.gov.lk/view/bills/2024/8/540-2024_S.pdf	540/2024
lk_bills	2024-08-05-2024-08-05-540-2024-en	2024-08-05-540-2024-en	2024-08-05	Commission for Truth, Unity and Reconciliation in Sri Lanka - GS	https://documents.gov.lk/view/bills/bl_2024.html	en	https://documents.gov.lk/view/bills/2024/8/540-2024_E.pdf	540/2024
lk_bills	2024-08-02-2024-08-02-539-2004-ta	2024-08-02-539-2004-ta	2024-08-02	Public Assets Management - GS	https://documents.gov.lk/view/bills/bl_2024.html	ta	https://documents.gov.lk/view/bills/2024/8/539-2004_T.pdf	539/2004
lk_bills	2024-08-02-2024-08-02-539-2004-si	2024-08-02-539-2004-si	2024-08-02	Public Assets Management - GS	https://documents.gov.lk/view/bills/bl_2024.html	si	https://documents.gov.lk/view/bills/2024/8/539-2004_S.pdf	539/2004
lk_bills	2024-08-02-2024-08-02-539-2004-en	2024-08-02-539-2004-en	2024-08-02	Public Assets Management - GS	https://documents.gov.lk/view/bills/bl_2024.html	en	https://documents.gov.lk/view/bills/2024/8/539-2004_E.pdf	539/2004
lk_bills	2024-08-01-2024-08-01-537-2024-ta	2024-08-01-537-2024-ta	2024-08-01	National Minimum Wage of Workers (Amendment) - SUPPLEMENT (Bill)	https://documents.gov.lk/view/bills/bl_2024.html	ta	https://documents.gov.lk/view/bills/2024/8/537-2024_T.pdf	537/2024
lk_bills	2024-08-01-2024-08-01-537-2024-si	2024-08-01-537-2024-si	2024-08-01	National Minimum Wage of Workers (Amendment) - SUPPLEMENT (Bill)	https://documents.gov.lk/view/bills/bl_2024.html	si	https://documents.gov.lk/view/bills/2024/8/537-2024_S.pdf	537/2024
lk_bills	2024-08-01-2024-08-01-537-2024-en	2024-08-01-537-2024-en	2024-08-01	National Minimum Wage of Workers (Amendment) - SUPPLEMENT (Bill)	https://documents.gov.lk/view/bills/bl_2024.html	en	https://documents.gov.lk/view/bills/2024/8/537-2024_E.pdf	537/2024
lk_bills	2024-07-31-2024-07-31-538-2004-ta	2024-07-31-538-2004-ta	2024-07-31	Maternity Benefits (Amendment) - GS	https://documents.gov.lk/view/bills/bl_2024.html	ta	https://documents.gov.lk/view/bills/2024/7/538-2004_T.pdf	538/2004
lk_bills	2024-07-31-2024-07-31-538-2004-si	2024-07-31-538-2004-si	2024-07-31	Maternity Benefits (Amendment) - GS	https://documents.gov.lk/view/bills/bl_2024.html	si	https://documents.gov.lk/view/bills/2024/7/538-2004_S.pdf	538/2004
lk_bills	2024-07-31-2024-07-31-538-2004-en	2024-07-31-538-2004-en	2024-07-31	Maternity Benefits (Amendment) - GS	https://documents.gov.lk/view/bills/bl_2024.html	en	https://documents.gov.lk/view/bills/2024/7/538-2004_E.pdf	538/2004
lk_bills	2024-07-31-2024-07-31-535-2024-ta	2024-07-31-535-2024-ta	2024-07-31	Online Safety (Amendment) - GS	https://documents.gov.lk/view/bills/bl_2024.html	ta	https://documents.gov.lk/view/bills/2024/7/535-2024_T.pdf	535/2024
lk_bills	2024-07-31-2024-07-31-535-2024-si	2024-07-31-535-2024-si	2024-07-31	Online Safety (Amendment) - GS	https://documents.gov.lk/view/bills/bl_2024.html	si	https://documents.gov.lk/view/bills/2024/7/535-2024_S.pdf	535/2024
lk_bills	2024-07-31-2024-07-31-535-2024-en	2024-07-31-535-2024-en	2024-07-31	Online Safety (Amendment) - GS	https://documents.gov.lk/view/bills/bl_2024.html	en	https://documents.gov.lk/view/bills/2024/7/535-2024_E.pdf	535/2024
lk_bills	2024-07-30-2024-07-30-536-2024-ta	2024-07-30-536-2024-ta	2024-07-30	Kodhagoda Gunarathana Nahimi Foundation - (Incorporation) - GS	https://documents.gov.lk/view/bills/bl_2024.html	ta	https://documents.gov.lk/view/bills/2024/7/536-2024_T.pdf	536/2024
lk_bills	2024-07-30-2024-07-30-536-2024-si	2024-07-30-536-2024-si	2024-07-30	Kodhagoda Gunarathana Nahimi Foundation - (Incorporation) - GS	https://documents.gov.lk/view/bills/bl_2024.html	si	https://documents.gov.lk/view/bills/2024/7/536-2024_S.pdf	536/2024
lk_bills	2024-07-30-2024-07-30-536-2024-en	2024-07-30-536-2024-en	2024-07-30	Kodhagoda Gunarathana Nahimi Foundation - (Incorporation) - GS	https://documents.gov.lk/view/bills/bl_2024.html	en	https://documents.gov.lk/view/bills/2024/7/536-2024_E.pdf	536/2024
lk_bills	2024-07-29-2024-07-29-534-2024-ta	2024-07-29-534-2024-ta	2024-07-29	Sri Lanka Optometric Association (Incorporation) - GS	https://documents.gov.lk/view/bills/bl_2024.html	ta	https://documents.gov.lk/view/bills/2024/7/534-2024_T.pdf	534/2024
lk_bills	2024-07-29-2024-07-29-534-2024-si	2024-07-29-534-2024-si	2024-07-29	Sri Lanka Optometric Association (Incorporation) - GS	https://documents.gov.lk/view/bills/bl_2024.html	si	https://documents.gov.lk/view/bills/2024/7/534-2024_S.pdf	534/2024
lk_bills	2024-07-29-2024-07-29-534-2024-en	2024-07-29-534-2024-en	2024-07-29	Sri Lanka Optometric Association (Incorporation) - GS	https://documents.gov.lk/view/bills/bl_2024.html	en	https://documents.gov.lk/view/bills/2024/7/534-2024_E.pdf	534/2024
lk_bills	2024-07-26-2024-07-26-531-2024-ta	2024-07-26-531-2024-ta	2024-07-26	Primary CourtÃ¢â¬â¢s Procedure (Amendment) - GS	https://documents.gov.lk/view/bills/bl_2024.html	ta	https://documents.gov.lk/view/bills/2024/7/531-2024_T.pdf	531/2024
lk_bills	2024-07-26-2024-07-26-531-2024-si	2024-07-26-531-2024-si	2024-07-26	Primary CourtÃ¢â¬â¢s Procedure (Amendment) - GS	https://documents.gov.lk/view/bills/bl_2024.html	si	https://documents.gov.lk/view/bills/2024/7/531-2024_S.pdf	531/2024
lk_bills	2024-07-26-2024-07-26-531-2024-en	2024-07-26-531-2024-en	2024-07-26	Primary CourtÃ¢â¬â¢s Procedure (Amendment) - GS	https://documents.gov.lk/view/bills/bl_2024.html	en	https://documents.gov.lk/view/bills/2024/7/531-2024_E.pdf	531/2024
lk_bills	2024-07-23-2024-07-23-533-2024-ta	2024-07-23-533-2024-ta	2024-07-23	Mediation Boards (Amendment) - Bill	https://documents.gov.lk/view/bills/bl_2024.html	ta	https://documents.gov.lk/view/bills/2024/7/533-2024_T.pdf	533/2024
lk_bills	2024-07-23-2024-07-23-533-2024-si	2024-07-23-533-2024-si	2024-07-23	Mediation Boards (Amendment) - Bill	https://documents.gov.lk/view/bills/bl_2024.html	si	https://documents.gov.lk/view/bills/2024/7/533-2024_S.pdf	533/2024
lk_bills	2024-07-23-2024-07-23-533-2024-en	2024-07-23-533-2024-en	2024-07-23	Mediation Boards (Amendment) - Bill	https://documents.gov.lk/view/bills/bl_2024.html	en	https://documents.gov.lk/view/bills/2024/7/533-2024_E.pdf	533/2024
lk_bills	2024-07-23-2024-07-23-532-2024-ta	2024-07-23-532-2024-ta	2024-07-23	Safeguard Measures (Amendment) - Bill	https://documents.gov.lk/view/bills/bl_2024.html	ta	https://documents.gov.lk/view/bills/2024/7/532-2024_T.pdf	532/2024
lk_bills	2024-07-23-2024-07-23-532-2024-si	2024-07-23-532-2024-si	2024-07-23	Safeguard Measures (Amendment) - Bill	https://documents.gov.lk/view/bills/bl_2024.html	si	https://documents.gov.lk/view/bills/2024/7/532-2024_S.pdf	532/2024
lk_bills	2024-07-23-2024-07-23-532-2024-en	2024-07-23-532-2024-en	2024-07-23	Safeguard Measures (Amendment) - Bill	https://documents.gov.lk/view/bills/bl_2024.html	en	https://documents.gov.lk/view/bills/2024/7/532-2024_E.pdf	532/2024
lk_bills	2024-07-23-2024-07-23-530-2024-ta	2024-07-23-530-2024-ta	2024-07-23	Penal Code (Amendment) - Bill	https://documents.gov.lk/view/bills/bl_2024.html	ta	https://documents.gov.lk/view/bills/2024/7/530-2024_T.pdf	530/2024
lk_bills	2024-07-23-2024-07-23-530-2024-si	2024-07-23-530-2024-si	2024-07-23	Penal Code (Amendment) - Bill	https://documents.gov.lk/view/bills/bl_2024.html	si	https://documents.gov.lk/view/bills/2024/7/530-2024_S.pdf	530/2024
lk_bills	2024-07-23-2024-07-23-530-2024-en	2024-07-23-530-2024-en	2024-07-23	Penal Code (Amendment) - Bill	https://documents.gov.lk/view/bills/bl_2024.html	en	https://documents.gov.lk/view/bills/2024/7/530-2024_E.pdf	530/2024
lk_bills	2024-07-23-2024-07-23-529-2024-ta	2024-07-23-529-2024-ta	2024-07-23	Anti-Dumping and Countervailing Duties (Amendment) - Bill	https://documents.gov.lk/view/bills/bl_2024.html	ta	https://documents.gov.lk/view/bills/2024/7/529-2024_T.pdf	529/2024
lk_bills	2024-07-23-2024-07-23-529-2024-si	2024-07-23-529-2024-si	2024-07-23	Anti-Dumping and Countervailing Duties (Amendment) - Bill	https://documents.gov.lk/view/bills/bl_2024.html	si	https://documents.gov.lk/view/bills/2024/7/529-2024_S.pdf	529/2024
lk_bills	2024-07-23-2024-07-23-529-2024-en	2024-07-23-529-2024-en	2024-07-23	Anti-Dumping and Countervailing Duties (Amendment) - Bill	https://documents.gov.lk/view/bills/bl_2024.html	en	https://documents.gov.lk/view/bills/2024/7/529-2024_E.pdf	529/2024
lk_bills	2024-07-23-2024-07-23-528-2024-ta	2024-07-23-528-2024-ta	2024-07-23	International Traditional Sihelogy Council (ITSC) (Incorporation) - GS	https://documents.gov.lk/view/bills/bl_2024.html	ta	https://documents.gov.lk/view/bills/2024/7/528-2024_T.pdf	528/2024
lk_bills	2024-07-23-2024-07-23-528-2024-si	2024-07-23-528-2024-si	2024-07-23	International Traditional Sihelogy Council (ITSC) (Incorporation) - GS	https://documents.gov.lk/view/bills/bl_2024.html	si	https://documents.gov.lk/view/bills/2024/7/528-2024_S.pdf	528/2024
lk_bills	2024-07-23-2024-07-23-528-2024-en	2024-07-23-528-2024-en	2024-07-23	International Traditional Sihelogy Council (ITSC) (Incorporation) - GS	https://documents.gov.lk/view/bills/bl_2024.html	en	https://documents.gov.lk/view/bills/2024/7/528-2024_E.pdf	528/2024
lk_bills	2024-07-22-2024-07-22-527-2024-ta	2024-07-22-527-2024-ta	2024-07-22	Bills of Exchange (Amendment) - GS	https://documents.gov.lk/view/bills/bl_2024.html	ta	https://documents.gov.lk/view/bills/2024/7/527-2024_T.pdf	527/2024
lk_bills	2024-07-22-2024-07-22-527-2024-si	2024-07-22-527-2024-si	2024-07-22	Bills of Exchange (Amendment) - GS	https://documents.gov.lk/view/bills/bl_2024.html	si	https://documents.gov.lk/view/bills/2024/7/527-2024_S.pdf	527/2024
lk_bills	2024-07-22-2024-07-22-527-2024-en	2024-07-22-527-2024-en	2024-07-22	Bills of Exchange (Amendment) - GS	https://documents.gov.lk/view/bills/bl_2024.html	en	https://documents.gov.lk/view/bills/2024/7/527-2024_E.pdf	527/2024
lk_bills	2024-07-19-2024-07-19-526-2024-ta	2024-07-19-526-2024-ta	2024-07-19	Rent (Repeal) - GS	https://documents.gov.lk/view/bills/bl_2024.html	ta	https://documents.gov.lk/view/bills/2024/7/526-2024_T.pdf	526/2024
lk_bills	2024-07-19-2024-07-19-526-2024-si	2024-07-19-526-2024-si	2024-07-19	Rent (Repeal) - GS	https://documents.gov.lk/view/bills/bl_2024.html	si	https://documents.gov.lk/view/bills/2024/7/526-2024_S.pdf	526/2024
lk_bills	2024-07-19-2024-07-19-526-2024-en	2024-07-19-526-2024-en	2024-07-19	Rent (Repeal) - GS	https://documents.gov.lk/view/bills/bl_2024.html	en	https://documents.gov.lk/view/bills/2024/7/526-2024_E.pdf	526/2024
lk_bills	2024-07-19-2024-07-19-525-2024-ta	2024-07-19-525-2024-ta	2024-07-19	Protection of Occupants - GS	https://documents.gov.lk/view/bills/bl_2024.html	ta	https://documents.gov.lk/view/bills/2024/7/525-2024_T.pdf	525/2024
lk_bills	2024-07-19-2024-07-19-525-2024-si	2024-07-19-525-2024-si	2024-07-19	Protection of Occupants - GS	https://documents.gov.lk/view/bills/bl_2024.html	si	https://documents.gov.lk/view/bills/2024/7/525-2024_S.pdf	525/2024
lk_bills	2024-07-19-2024-07-19-525-2024-en	2024-07-19-525-2024-en	2024-07-19	Protection of Occupants - GS	https://documents.gov.lk/view/bills/bl_2024.html	en	https://documents.gov.lk/view/bills/2024/7/525-2024_E.pdf	525/2024
lk_bills	2024-07-19-2024-07-19-524-2024-ta	2024-07-19-524-2024-ta	2024-07-19	Code of Criminal Procedure (Amendment) - GS	https://documents.gov.lk/view/bills/bl_2024.html	ta	https://documents.gov.lk/view/bills/2024/7/524-2024_T.pdf	524/2024
lk_bills	2024-07-19-2024-07-19-524-2024-si	2024-07-19-524-2024-si	2024-07-19	Code of Criminal Procedure (Amendment) - GS	https://documents.gov.lk/view/bills/bl_2024.html	si	https://documents.gov.lk/view/bills/2024/7/524-2024_S.pdf	524/2024
lk_bills	2024-07-19-2024-07-19-524-2024-en	2024-07-19-524-2024-en	2024-07-19	Code of Criminal Procedure (Amendment) - GS	https://documents.gov.lk/view/bills/bl_2024.html	en	https://documents.gov.lk/view/bills/2024/7/524-2024_E.pdf	524/2024
lk_bills	2024-07-18-2024-07-18-523-2024-ta	2024-07-18-523-2024-ta	2024-07-18	Twenty Second Amendment to the Constitution - GS	https://documents.gov.lk/view/bills/bl_2024.html	ta	https://documents.gov.lk/view/bills/2024/7/523-2024_T.pdf	523/2024
lk_bills	2024-07-18-2024-07-18-523-2024-si	2024-07-18-523-2024-si	2024-07-18	Twenty Second Amendment to the Constitution - GS	https://documents.gov.lk/view/bills/bl_2024.html	si	https://documents.gov.lk/view/bills/2024/7/523-2024_S.pdf	523/2024
lk_bills	2024-07-18-2024-07-18-523-2024-en	2024-07-18-523-2024-en	2024-07-18	Twenty Second Amendment to the Constitution - GS	https://documents.gov.lk/view/bills/bl_2024.html	en	https://documents.gov.lk/view/bills/2024/7/523-2024_E.pdf	523/2024
lk_bills	2024-07-17-2024-07-17-522-2024-ta	2024-07-17-522-2024-ta	2024-07-17	The Association of Cricket Umpires, Sri Lanka (Incorporation) - GS	https://documents.gov.lk/view/bills/bl_2024.html	ta	https://documents.gov.lk/view/bills/2024/7/522-2024_T.pdf	522/2024
lk_bills	2024-07-17-2024-07-17-522-2024-si	2024-07-17-522-2024-si	2024-07-17	The Association of Cricket Umpires, Sri Lanka (Incorporation) - GS	https://documents.gov.lk/view/bills/bl_2024.html	si	https://documents.gov.lk/view/bills/2024/7/522-2024_S.pdf	522/2024
lk_bills	2024-07-17-2024-07-17-522-2024-en	2024-07-17-522-2024-en	2024-07-17	The Association of Cricket Umpires, Sri Lanka (Incorporation) - GS	https://documents.gov.lk/view/bills/bl_2024.html	en	https://documents.gov.lk/view/bills/2024/7/522-2024_E.pdf	522/2024
lk_bills	2024-07-10-2024-07-10-521-2024-ta	2024-07-10-521-2024-ta	2024-07-10	Code of Criminal Procedure (Amendment) - Bill	https://documents.gov.lk/view/bills/bl_2024.html	ta	https://documents.gov.lk/view/bills/2024/7/521-2024_T.pdf	521/2024
lk_bills	2024-07-10-2024-07-10-521-2024-si	2024-07-10-521-2024-si	2024-07-10	Code of Criminal Procedure (Amendment) - Bill	https://documents.gov.lk/view/bills/bl_2024.html	si	https://documents.gov.lk/view/bills/2024/7/521-2024_S.pdf	521/2024
lk_bills	2024-07-10-2024-07-10-521-2024-en	2024-07-10-521-2024-en	2024-07-10	Code of Criminal Procedure (Amendment) - Bill	https://documents.gov.lk/view/bills/bl_2024.html	en	https://documents.gov.lk/view/bills/2024/7/521-2024_E.pdf	521/2024
lk_bills	2024-07-09-2024-07-09-520-2024-ta	2024-07-09-520-2024-ta	2024-07-09	Isiwara Development, Social Services and Charity Foundation (Incorporation) - Bill	https://documents.gov.lk/view/bills/bl_2024.html	ta	https://documents.gov.lk/view/bills/2024/7/520-2024_T.pdf	520/2024
lk_bills	2024-07-09-2024-07-09-520-2024-si	2024-07-09-520-2024-si	2024-07-09	Isiwara Development, Social Services and Charity Foundation (Incorporation) - Bill	https://documents.gov.lk/view/bills/bl_2024.html	si	https://documents.gov.lk/view/bills/2024/7/520-2024_S.pdf	520/2024
lk_bills	2024-07-09-2024-07-09-520-2024-en	2024-07-09-520-2024-en	2024-07-09	Isiwara Development, Social Services and Charity Foundation (Incorporation) - Bill	https://documents.gov.lk/view/bills/bl_2024.html	en	https://documents.gov.lk/view/bills/2024/7/520-2024_E.pdf	520/2024
lk_bills	2024-07-09-2024-07-09-519-2024-ta	2024-07-09-519-2024-ta	2024-07-09	Land Development (Amendment) - GS	https://documents.gov.lk/view/bills/bl_2024.html	ta	https://documents.gov.lk/view/bills/2024/7/519-2024_T.pdf	519/2024
lk_bills	2024-07-09-2024-07-09-519-2024-si	2024-07-09-519-2024-si	2024-07-09	Land Development (Amendment) - GS	https://documents.gov.lk/view/bills/bl_2024.html	si	https://documents.gov.lk/view/bills/2024/7/519-2024_S.pdf	519/2024
lk_bills	2024-07-09-2024-07-09-519-2024-en	2024-07-09-519-2024-en	2024-07-09	Land Development (Amendment) - GS	https://documents.gov.lk/view/bills/bl_2024.html	en	https://documents.gov.lk/view/bills/2024/7/519-2024_E.pdf	519/2024
lk_bills	2024-07-09-2024-07-09-518-2024-ta	2024-07-09-518-2024-ta	2024-07-09	Mediation Boards (Amendment) - GS	https://documents.gov.lk/view/bills/bl_2024.html	ta	https://documents.gov.lk/view/bills/2024/7/518-2024_T.pdf	518/2024
lk_bills	2024-07-09-2024-07-09-518-2024-si	2024-07-09-518-2024-si	2024-07-09	Mediation Boards (Amendment) - GS	https://documents.gov.lk/view/bills/bl_2024.html	si	https://documents.gov.lk/view/bills/2024/7/518-2024_S.pdf	518/2024
lk_bills	2024-07-09-2024-07-09-518-2024-en	2024-07-09-518-2024-en	2024-07-09	Mediation Boards (Amendment) - GS	https://documents.gov.lk/view/bills/bl_2024.html	en	https://documents.gov.lk/view/bills/2024/7/518-2024_E.pdf	518/2024
lk_bills	2024-07-04-2024-07-04-517-2024-ta	2024-07-04-517-2024-ta	2024-07-04	Penal Code (Amendment) - GS	https://documents.gov.lk/view/bills/bl_2024.html	ta	https://documents.gov.lk/view/bills/2024/7/517-2024_T.pdf	517/2024
lk_bills	2024-07-04-2024-07-04-517-2024-si	2024-07-04-517-2024-si	2024-07-04	Penal Code (Amendment) - GS	https://documents.gov.lk/view/bills/bl_2024.html	si	https://documents.gov.lk/view/bills/2024/7/517-2024_S.pdf	517/2024
lk_bills	2024-07-04-2024-07-04-517-2024-en	2024-07-04-517-2024-en	2024-07-04	Penal Code (Amendment) - GS	https://documents.gov.lk/view/bills/bl_2024.html	en	https://documents.gov.lk/view/bills/2024/7/517-2024_E.pdf	517/2024
lk_bills	2024-07-02-2024-07-02-516-2024-ta	2024-07-02-516-2024-ta	2024-07-02	Medical (Amendment) - Bill	https://documents.gov.lk/view/bills/bl_2024.html	ta	https://documents.gov.lk/view/bills/2024/7/516-2024_T.pdf	516/2024
lk_bills	2024-07-02-2024-07-02-516-2024-si	2024-07-02-516-2024-si	2024-07-02	Medical (Amendment) - Bill	https://documents.gov.lk/view/bills/bl_2024.html	si	https://documents.gov.lk/view/bills/2024/7/516-2024_S.pdf	516/2024
lk_bills	2024-07-02-2024-07-02-516-2024-en	2024-07-02-516-2024-en	2024-07-02	Medical (Amendment) - Bill	https://documents.gov.lk/view/bills/bl_2024.html	en	https://documents.gov.lk/view/bills/2024/7/516-2024_E.pdf	516/2024
lk_bills	2024-07-02-2024-07-02-515-2024-ta	2024-07-02-515-2024-ta	2024-07-02	Medical (Amendment) - Bill	https://documents.gov.lk/view/bills/bl_2024.html	ta	https://documents.gov.lk/view/bills/2024/7/515-2024_T.pdf	515/2024
lk_bills	2024-07-02-2024-07-02-515-2024-si	2024-07-02-515-2024-si	2024-07-02	Medical (Amendment) - Bill	https://documents.gov.lk/view/bills/bl_2024.html	si	https://documents.gov.lk/view/bills/2024/7/515-2024_S.pdf	515/2024
lk_bills	2024-07-02-2024-07-02-515-2024-en	2024-07-02-515-2024-en	2024-07-02	Medical (Amendment) - Bill	https://documents.gov.lk/view/bills/bl_2024.html	en	https://documents.gov.lk/view/bills/2024/7/515-2024_E.pdf	515/2024
lk_bills	2024-07-01-2024-07-01-511-2024-ta	2024-07-01-511-2024-ta	2024-07-01	Mahawilachchiya Education Centre for Children (Incorporation) - GS	https://documents.gov.lk/view/bills/bl_2024.html	ta	https://documents.gov.lk/view/bills/2024/7/511-2024_T.pdf	511/2024
lk_bills	2024-07-01-2024-07-01-511-2024-si	2024-07-01-511-2024-si	2024-07-01	Mahawilachchiya Education Centre for Children (Incorporation) - GS	https://documents.gov.lk/view/bills/bl_2024.html	si	https://documents.gov.lk/view/bills/2024/7/511-2024_S.pdf	511/2024
lk_bills	2024-07-01-2024-07-01-511-2024-en	2024-07-01-511-2024-en	2024-07-01	Mahawilachchiya Education Centre for Children (Incorporation) - GS	https://documents.gov.lk/view/bills/bl_2024.html	en	https://documents.gov.lk/view/bills/2024/7/511-2024_E.pdf	511/2024
lk_bills	2024-06-28-2024-06-28-512-2024-ta	2024-06-28-512-2024-ta	2024-06-28	Code of Criminal Procedure (Amendment) - GS	https://documents.gov.lk/view/bills/bl_2024.html	ta	https://documents.gov.lk/view/bills/2024/6/512-2024_T.pdf	512/2024
lk_bills	2024-06-28-2024-06-28-512-2024-si	2024-06-28-512-2024-si	2024-06-28	Code of Criminal Procedure (Amendment) - GS	https://documents.gov.lk/view/bills/bl_2024.html	si	https://documents.gov.lk/view/bills/2024/6/512-2024_S.pdf	512/2024
lk_bills	2024-06-28-2024-06-28-512-2024-en	2024-06-28-512-2024-en	2024-06-28	Code of Criminal Procedure (Amendment) - GS	https://documents.gov.lk/view/bills/bl_2024.html	en	https://documents.gov.lk/view/bills/2024/6/512-2024_E.pdf	512/2024
lk_bills	2024-06-26-2024-06-26-510-2024-ta	2024-06-26-510-2024-ta	2024-06-26	Association of Human Resources Professionals (Incorporation) - GS	https://documents.gov.lk/view/bills/bl_2024.html	ta	https://documents.gov.lk/view/bills/2024/6/510-2024_T.pdf	510/2024
lk_bills	2024-06-26-2024-06-26-510-2024-si	2024-06-26-510-2024-si	2024-06-26	Association of Human Resources Professionals (Incorporation) - GS	https://documents.gov.lk/view/bills/bl_2024.html	si	https://documents.gov.lk/view/bills/2024/6/510-2024_S.pdf	510/2024
lk_bills	2024-06-26-2024-06-26-510-2024-en	2024-06-26-510-2024-en	2024-06-26	Association of Human Resources Professionals (Incorporation) - GS	https://documents.gov.lk/view/bills/bl_2024.html	en	https://documents.gov.lk/view/bills/2024/6/510-2024_E.pdf	510/2024
lk_bills	2024-06-20-2024-06-20-514-2024-ta	2024-06-20-514-2024-ta	2024-06-20	Colombo Association of Language Skills and Dramatic Art (Incorporation) - Bill	https://documents.gov.lk/view/bills/bl_2024.html	ta	https://documents.gov.lk/view/bills/2024/6/514-2024_T.pdf	514/2024
lk_bills	2024-06-20-2024-06-20-514-2024-si	2024-06-20-514-2024-si	2024-06-20	Colombo Association of Language Skills and Dramatic Art (Incorporation) - Bill	https://documents.gov.lk/view/bills/bl_2024.html	si	https://documents.gov.lk/view/bills/2024/6/514-2024_S.pdf	514/2024
lk_bills	2024-06-20-2024-06-20-514-2024-en	2024-06-20-514-2024-en	2024-06-20	Colombo Association of Language Skills and Dramatic Art (Incorporation) - Bill	https://documents.gov.lk/view/bills/bl_2024.html	en	https://documents.gov.lk/view/bills/2024/6/514-2024_E.pdf	514/2024
lk_bills	2024-06-20-2024-06-20-513-2024-ta	2024-06-20-513-2024-ta	2024-06-20	Immigration - Bill	https://documents.gov.lk/view/bills/bl_2024.html	ta	https://documents.gov.lk/view/bills/2024/6/513-2024_T.pdf	513/2024
lk_bills	2024-06-20-2024-06-20-513-2024-si	2024-06-20-513-2024-si	2024-06-20	Immigration - Bill	https://documents.gov.lk/view/bills/bl_2024.html	si	https://documents.gov.lk/view/bills/2024/6/513-2024_S.pdf	513/2024
lk_bills	2024-06-20-2024-06-20-513-2024-en	2024-06-20-513-2024-en	2024-06-20	Immigration - Bill	https://documents.gov.lk/view/bills/bl_2024.html	en	https://documents.gov.lk/view/bills/2024/6/513-2024_E.pdf	513/2024
lk_bills	2024-06-19-2024-06-19-509-2024-ta	2024-06-19-509-2024-ta	2024-06-19	Reciprocal Recognition, Registration and Enforcement of Foreign Judgments - Bill	https://documents.gov.lk/view/bills/bl_2024.html	ta	https://documents.gov.lk/view/bills/2024/6/509-2024_T.pdf	509/2024
lk_bills	2024-06-19-2024-06-19-509-2024-si	2024-06-19-509-2024-si	2024-06-19	Reciprocal Recognition, Registration and Enforcement of Foreign Judgments - Bill	https://documents.gov.lk/view/bills/bl_2024.html	si	https://documents.gov.lk/view/bills/2024/6/509-2024_S.pdf	509/2024
lk_bills	2024-06-19-2024-06-19-509-2024-en	2024-06-19-509-2024-en	2024-06-19	Reciprocal Recognition, Registration and Enforcement of Foreign Judgments - Bill	https://documents.gov.lk/view/bills/bl_2024.html	en	https://documents.gov.lk/view/bills/2024/6/509-2024_E.pdf	509/2024
lk_bills	2024-06-12-2024-06-12-508-2024-ta	2024-06-12-508-2024-ta	2024-06-12	Immigration - GS	https://documents.gov.lk/view/bills/bl_2024.html	ta	https://documents.gov.lk/view/bills/2024/6/508-2024_T.pdf	508/2024
lk_bills	2024-06-12-2024-06-12-508-2024-si	2024-06-12-508-2024-si	2024-06-12	Immigration - GS	https://documents.gov.lk/view/bills/bl_2024.html	si	https://documents.gov.lk/view/bills/2024/6/508-2024_S.pdf	508/2024
lk_bills	2024-06-12-2024-06-12-508-2024-en	2024-06-12-508-2024-en	2024-06-12	Immigration - GS	https://documents.gov.lk/view/bills/bl_2024.html	en	https://documents.gov.lk/view/bills/2024/6/508-2024_E.pdf	508/2024
lk_bills	2024-06-12-2024-06-12-506-2024-ta	2024-06-12-506-2024-ta	2024-06-12	Isiwara Development, Social Services and Charity Foundation (Incorporation) - GS	https://documents.gov.lk/view/bills/bl_2024.html	ta	https://documents.gov.lk/view/bills/2024/6/506-2024_T.pdf	506/2024
lk_bills	2024-06-12-2024-06-12-506-2024-si	2024-06-12-506-2024-si	2024-06-12	Isiwara Development, Social Services and Charity Foundation (Incorporation) - GS	https://documents.gov.lk/view/bills/bl_2024.html	si	https://documents.gov.lk/view/bills/2024/6/506-2024_S.pdf	506/2024
lk_bills	2024-06-12-2024-06-12-506-2024-en	2024-06-12-506-2024-en	2024-06-12	Isiwara Development, Social Services and Charity Foundation (Incorporation) - GS	https://documents.gov.lk/view/bills/bl_2024.html	en	https://documents.gov.lk/view/bills/2024/6/506-2024_E.pdf	506/2024
lk_bills	2024-06-10-2024-06-10-505-2024-ta	2024-06-10-505-2024-ta	2024-06-10	Reciprocal Recognition, Registration and Enforcement of Foreign Judgments - GS	https://documents.gov.lk/view/bills/bl_2024.html	ta	https://documents.gov.lk/view/bills/2024/6/505-2024_T.pdf	505/2024
lk_bills	2024-06-10-2024-06-10-505-2024-si	2024-06-10-505-2024-si	2024-06-10	Reciprocal Recognition, Registration and Enforcement of Foreign Judgments - GS	https://documents.gov.lk/view/bills/bl_2024.html	si	https://documents.gov.lk/view/bills/2024/6/505-2024_S.pdf	505/2024
lk_bills	2024-06-10-2024-06-10-505-2024-en	2024-06-10-505-2024-en	2024-06-10	Reciprocal Recognition, Registration and Enforcement of Foreign Judgments - GS	https://documents.gov.lk/view/bills/bl_2024.html	en	https://documents.gov.lk/view/bills/2024/6/505-2024_E.pdf	505/2024
lk_bills	2024-06-06-2024-06-06-503-2024-ta	2024-06-06-503-2024-ta	2024-06-06	Colombo Association of Language Skills and Dramatic Art (Incorporation) - GS	https://documents.gov.lk/view/bills/bl_2024.html	ta	https://documents.gov.lk/view/bills/2024/6/503-2024_T.pdf	503/2024
lk_bills	2024-06-06-2024-06-06-503-2024-si	2024-06-06-503-2024-si	2024-06-06	Colombo Association of Language Skills and Dramatic Art (Incorporation) - GS	https://documents.gov.lk/view/bills/bl_2024.html	si	https://documents.gov.lk/view/bills/2024/6/503-2024_S.pdf	503/2024
lk_bills	2024-06-06-2024-06-06-503-2024-en	2024-06-06-503-2024-en	2024-06-06	Colombo Association of Language Skills and Dramatic Art (Incorporation) - GS	https://documents.gov.lk/view/bills/bl_2024.html	en	https://documents.gov.lk/view/bills/2024/6/503-2024_E.pdf	503/2024
lk_bills	2024-06-05-2024-06-05-507-2024-ta	2024-06-05-507-2024-ta	2024-06-05	J. C. Alawathuwela Foundation (Incorporation) - Bill	https://documents.gov.lk/view/bills/bl_2024.html	ta	https://documents.gov.lk/view/bills/2024/6/507-2024_T.pdf	507/2024
lk_bills	2024-06-05-2024-06-05-507-2024-si	2024-06-05-507-2024-si	2024-06-05	J. C. Alawathuwela Foundation (Incorporation) - Bill	https://documents.gov.lk/view/bills/bl_2024.html	si	https://documents.gov.lk/view/bills/2024/6/507-2024_S.pdf	507/2024
lk_bills	2024-06-05-2024-06-05-507-2024-en	2024-06-05-507-2024-en	2024-06-05	J. C. Alawathuwela Foundation (Incorporation) - Bill	https://documents.gov.lk/view/bills/bl_2024.html	en	https://documents.gov.lk/view/bills/2024/6/507-2024_E.pdf	507/2024
lk_bills	2024-06-04-2024-06-04-504-2024-ta	2024-06-04-504-2024-ta	2024-06-04	Institute of Quantity Surveyors, Sri Lanka (Incorporation) (Amendment) - Bill	https://documents.gov.lk/view/bills/bl_2024.html	ta	https://documents.gov.lk/view/bills/2024/6/504-2024_T.pdf	504/2024
lk_bills	2024-06-04-2024-06-04-504-2024-si	2024-06-04-504-2024-si	2024-06-04	Institute of Quantity Surveyors, Sri Lanka (Incorporation) (Amendment) - Bill	https://documents.gov.lk/view/bills/bl_2024.html	si	https://documents.gov.lk/view/bills/2024/6/504-2024_S.pdf	504/2024
lk_bills	2024-06-04-2024-06-04-504-2024-en	2024-06-04-504-2024-en	2024-06-04	Institute of Quantity Surveyors, Sri Lanka (Incorporation) (Amendment) - Bill	https://documents.gov.lk/view/bills/bl_2024.html	en	https://documents.gov.lk/view/bills/2024/6/504-2024_E.pdf	504/2024
lk_bills	2024-05-30-2024-05-30-500-2024-ta	2024-05-30-500-2024-ta	2024-05-30	Medical (Amendment) - GS	https://documents.gov.lk/view/bills/bl_2024.html	ta	https://documents.gov.lk/view/bills/2024/5/500-2024_T.pdf	500/2024
lk_bills	2024-05-30-2024-05-30-500-2024-si	2024-05-30-500-2024-si	2024-05-30	Medical (Amendment) - GS	https://documents.gov.lk/view/bills/bl_2024.html	si	https://documents.gov.lk/view/bills/2024/5/500-2024_S.pdf	500/2024
lk_bills	2024-05-30-2024-05-30-500-2024-en	2024-05-30-500-2024-en	2024-05-30	Medical (Amendment) - GS	https://documents.gov.lk/view/bills/bl_2024.html	en	https://documents.gov.lk/view/bills/2024/5/500-2024_E.pdf	500/2024
lk_bills	2024-05-30-2024-05-30-499-2024-ta	2024-05-30-499-2024-ta	2024-05-30	Medical (Amendment) - GS	https://documents.gov.lk/view/bills/bl_2024.html	ta	https://documents.gov.lk/view/bills/2024/5/499-2024_T.pdf	499/2024
lk_bills	2024-05-30-2024-05-30-499-2024-si	2024-05-30-499-2024-si	2024-05-30	Medical (Amendment) - GS	https://documents.gov.lk/view/bills/bl_2024.html	si	https://documents.gov.lk/view/bills/2024/5/499-2024_S.pdf	499/2024
lk_bills	2024-05-30-2024-05-30-499-2024-en	2024-05-30-499-2024-en	2024-05-30	Medical (Amendment) - GS	https://documents.gov.lk/view/bills/bl_2024.html	en	https://documents.gov.lk/view/bills/2024/5/499-2024_E.pdf	499/2024
lk_bills	2024-05-29-2024-05-29-498-2024-ta	2024-05-29-498-2024-ta	2024-05-29	Anti-Dumping and Countervailing Duties (Amendment) - GS	https://documents.gov.lk/view/bills/bl_2024.html	ta	https://documents.gov.lk/view/bills/2024/5/498-2024_T.pdf	498/2024
lk_bills	2024-05-29-2024-05-29-498-2024-si	2024-05-29-498-2024-si	2024-05-29	Anti-Dumping and Countervailing Duties (Amendment) - GS	https://documents.gov.lk/view/bills/bl_2024.html	si	https://documents.gov.lk/view/bills/2024/5/498-2024_S.pdf	498/2024
lk_bills	2024-05-29-2024-05-29-498-2024-en	2024-05-29-498-2024-en	2024-05-29	Anti-Dumping and Countervailing Duties (Amendment) - GS	https://documents.gov.lk/view/bills/bl_2024.html	en	https://documents.gov.lk/view/bills/2024/5/498-2024_E.pdf	498/2024
lk_bills	2024-05-29-2024-05-29-497-2024-ta	2024-05-29-497-2024-ta	2024-05-29	Safeguard Measures (Amendment) - GS	https://documents.gov.lk/view/bills/bl_2024.html	ta	https://documents.gov.lk/view/bills/2024/5/497-2024_T.pdf	497/2024
lk_bills	2024-05-29-2024-05-29-497-2024-si	2024-05-29-497-2024-si	2024-05-29	Safeguard Measures (Amendment) - GS	https://documents.gov.lk/view/bills/bl_2024.html	si	https://documents.gov.lk/view/bills/2024/5/497-2024_S.pdf	497/2024
lk_bills	2024-05-29-2024-05-29-497-2024-en	2024-05-29-497-2024-en	2024-05-29	Safeguard Measures (Amendment) - GS	https://documents.gov.lk/view/bills/bl_2024.html	en	https://documents.gov.lk/view/bills/2024/5/497-2024_E.pdf	497/2024
lk_bills	2024-05-29-2024-05-29-494-2024-ta	2024-05-29-494-2024-ta	2024-05-29	Rubber Control (Amendment) - GS	https://documents.gov.lk/view/bills/bl_2024.html	ta	https://documents.gov.lk/view/bills/2024/5/494-2024_T.pdf	494/2024
lk_bills	2024-05-29-2024-05-29-494-2024-si	2024-05-29-494-2024-si	2024-05-29	Rubber Control (Amendment) - GS	https://documents.gov.lk/view/bills/bl_2024.html	si	https://documents.gov.lk/view/bills/2024/5/494-2024_S.pdf	494/2024
lk_bills	2024-05-29-2024-05-29-494-2024-en	2024-05-29-494-2024-en	2024-05-29	Rubber Control (Amendment) - GS	https://documents.gov.lk/view/bills/bl_2024.html	en	https://documents.gov.lk/view/bills/2024/5/494-2024_E.pdf	494/2024
lk_bills	2024-05-22-2024-05-22-502-2024-ta	2024-05-22-502-2024-ta	2024-05-22	Economic Transformation - Bill	https://documents.gov.lk/view/bills/bl_2024.html	ta	https://documents.gov.lk/view/bills/2024/5/502-2024_T.pdf	502/2024
lk_bills	2024-05-22-2024-05-22-502-2024-si	2024-05-22-502-2024-si	2024-05-22	Economic Transformation - Bill	https://documents.gov.lk/view/bills/bl_2024.html	si	https://documents.gov.lk/view/bills/2024/5/502-2024_S.pdf	502/2024
lk_bills	2024-05-22-2024-05-22-502-2024-en	2024-05-22-502-2024-en	2024-05-22	Economic Transformation - Bill	https://documents.gov.lk/view/bills/bl_2024.html	en	https://documents.gov.lk/view/bills/2024/5/502-2024_E.pdf	502/2024
lk_bills	2024-05-22-2024-05-22-501-2024-ta	2024-05-22-501-2024-ta	2024-05-22	Public Financial Management - Bill	https://documents.gov.lk/view/bills/bl_2024.html	ta	https://documents.gov.lk/view/bills/2024/5/501-2024_T.pdf	501/2024
lk_bills	2024-05-22-2024-05-22-501-2024-si	2024-05-22-501-2024-si	2024-05-22	Public Financial Management - Bill	https://documents.gov.lk/view/bills/bl_2024.html	si	https://documents.gov.lk/view/bills/2024/5/501-2024_S.pdf	501/2024
lk_bills	2024-05-22-2024-05-22-501-2024-en	2024-05-22-501-2024-en	2024-05-22	Public Financial Management - Bill	https://documents.gov.lk/view/bills/bl_2024.html	en	https://documents.gov.lk/view/bills/2024/5/501-2024_E.pdf	501/2024
lk_bills	2024-05-22-2024-05-22-493-2024-ta	2024-05-22-493-2024-ta	2024-05-22	Twenty Second Amendment to the Constitution - Bill	https://documents.gov.lk/view/bills/bl_2024.html	ta	https://documents.gov.lk/view/bills/2024/5/493-2024_T.pdf	493/2024
lk_bills	2024-05-22-2024-05-22-493-2024-si	2024-05-22-493-2024-si	2024-05-22	Twenty Second Amendment to the Constitution - Bill	https://documents.gov.lk/view/bills/bl_2024.html	si	https://documents.gov.lk/view/bills/2024/5/493-2024_S.pdf	493/2024
lk_bills	2024-05-22-2024-05-22-493-2024-en	2024-05-22-493-2024-en	2024-05-22	Twenty Second Amendment to the Constitution - Bill	https://documents.gov.lk/view/bills/bl_2024.html	en	https://documents.gov.lk/view/bills/2024/5/493-2024_E.pdf	493/2024
lk_bills	2024-05-22-2024-05-22-492-2024-ta	2024-05-22-492-2024-ta	2024-05-22	Parliamentary Elections (Amendment) - Bill	https://documents.gov.lk/view/bills/bl_2024.html	ta	https://documents.gov.lk/view/bills/2024/5/492-2024_T.pdf	492/2024
lk_bills	2024-05-22-2024-05-22-492-2024-si	2024-05-22-492-2024-si	2024-05-22	Parliamentary Elections (Amendment) - Bill	https://documents.gov.lk/view/bills/bl_2024.html	si	https://documents.gov.lk/view/bills/2024/5/492-2024_S.pdf	492/2024
lk_bills	2024-05-22-2024-05-22-492-2024-en	2024-05-22-492-2024-en	2024-05-22	Parliamentary Elections (Amendment) - Bill	https://documents.gov.lk/view/bills/bl_2024.html	en	https://documents.gov.lk/view/bills/2024/5/492-2024_E.pdf	492/2024
lk_bills	2024-05-20-2024-05-20-489-2024-ta	2024-05-20-489-2024-ta	2024-05-20	Institute of Quantity Surveyors, Sri Lanka (Incorporation) (Amendment) - GS	https://documents.gov.lk/view/bills/bl_2024.html	ta	https://documents.gov.lk/view/bills/2024/5/489-2024_T.pdf	489/2024
lk_bills	2024-05-20-2024-05-20-489-2024-si	2024-05-20-489-2024-si	2024-05-20	Institute of Quantity Surveyors, Sri Lanka (Incorporation) (Amendment) - GS	https://documents.gov.lk/view/bills/bl_2024.html	si	https://documents.gov.lk/view/bills/2024/5/489-2024_S.pdf	489/2024
lk_bills	2024-05-20-2024-05-20-489-2024-en	2024-05-20-489-2024-en	2024-05-20	Institute of Quantity Surveyors, Sri Lanka (Incorporation) (Amendment) - GS	https://documents.gov.lk/view/bills/bl_2024.html	en	https://documents.gov.lk/view/bills/2024/5/489-2024_E.pdf	489/2024
lk_bills	2024-05-14-2024-05-14-488-2024-ta	2024-05-14-488-2024-ta	2024-05-14	Public Financial Management - GS	https://documents.gov.lk/view/bills/bl_2024.html	ta	https://documents.gov.lk/view/bills/2024/5/488-2024_T.pdf	488/2024
lk_bills	2024-05-14-2024-05-14-488-2024-si	2024-05-14-488-2024-si	2024-05-14	Public Financial Management - GS	https://documents.gov.lk/view/bills/bl_2024.html	si	https://documents.gov.lk/view/bills/2024/5/488-2024_S.pdf	488/2024
lk_bills	2024-05-14-2024-05-14-488-2024-en	2024-05-14-488-2024-en	2024-05-14	Public Financial Management - GS	https://documents.gov.lk/view/bills/bl_2024.html	en	https://documents.gov.lk/view/bills/2024/5/488-2024_E.pdf	488/2024
lk_bills	2024-05-14-2024-05-14-487-2024-ta	2024-05-14-487-2024-ta	2024-05-14	Economic Transformation - GS	https://documents.gov.lk/view/bills/bl_2024.html	ta	https://documents.gov.lk/view/bills/2024/5/487-2024_T.pdf	487/2024
lk_bills	2024-05-14-2024-05-14-487-2024-si	2024-05-14-487-2024-si	2024-05-14	Economic Transformation - GS	https://documents.gov.lk/view/bills/bl_2024.html	si	https://documents.gov.lk/view/bills/2024/5/487-2024_S.pdf	487/2024
lk_bills	2024-05-14-2024-05-14-487-2024-en	2024-05-14-487-2024-en	2024-05-14	Economic Transformation - GS	https://documents.gov.lk/view/bills/bl_2024.html	en	https://documents.gov.lk/view/bills/2024/5/487-2024_E.pdf	487/2024
lk_bills	2024-05-13-2024-05-13-491-2024-ta	2024-05-13-491-2024-ta	2024-05-13	Civil Procedure Code (Amendment) - Bill	https://documents.gov.lk/view/bills/bl_2024.html	ta	https://documents.gov.lk/view/bills/2024/5/491-2024_T.pdf	491/2024
lk_bills	2024-05-13-2024-05-13-491-2024-si	2024-05-13-491-2024-si	2024-05-13	Civil Procedure Code (Amendment) - Bill	https://documents.gov.lk/view/bills/bl_2024.html	si	https://documents.gov.lk/view/bills/2024/5/491-2024_S.pdf	491/2024
lk_bills	2024-05-13-2024-05-13-491-2024-en	2024-05-13-491-2024-en	2024-05-13	Civil Procedure Code (Amendment) - Bill	https://documents.gov.lk/view/bills/bl_2024.html	en	https://documents.gov.lk/view/bills/2024/5/491-2024_E.pdf	491/2024
lk_bills	2024-05-13-2024-05-13-486-2024-ta	2024-05-13-486-2024-ta	2024-05-13	Twenty Second Amendment to the Constitution - GS	https://documents.gov.lk/view/bills/bl_2024.html	ta	https://documents.gov.lk/view/bills/2024/5/486-2024_T.pdf	486/2024
lk_bills	2024-05-13-2024-05-13-486-2024-si	2024-05-13-486-2024-si	2024-05-13	Twenty Second Amendment to the Constitution - GS	https://documents.gov.lk/view/bills/bl_2024.html	si	https://documents.gov.lk/view/bills/2024/5/486-2024_S.pdf	486/2024
lk_bills	2024-05-13-2024-05-13-486-2024-en	2024-05-13-486-2024-en	2024-05-13	Twenty Second Amendment to the Constitution - GS	https://documents.gov.lk/view/bills/bl_2024.html	en	https://documents.gov.lk/view/bills/2024/5/486-2024_E.pdf	486/2024
lk_bills	2024-05-10-2024-05-10-490-2024-ta	2024-05-10-490-2024-ta	2024-05-10	Sri Lanka Telecommunications (Amendment) - Bill	https://documents.gov.lk/view/bills/bl_2024.html	ta	https://documents.gov.lk/view/bills/2024/5/490-2024_T.pdf	490/2024
lk_bills	2024-05-10-2024-05-10-490-2024-si	2024-05-10-490-2024-si	2024-05-10	Sri Lanka Telecommunications (Amendment) - Bill	https://documents.gov.lk/view/bills/bl_2024.html	si	https://documents.gov.lk/view/bills/2024/5/490-2024_S.pdf	490/2024
lk_bills	2024-05-10-2024-05-10-490-2024-en	2024-05-10-490-2024-en	2024-05-10	Sri Lanka Telecommunications (Amendment) - Bill	https://documents.gov.lk/view/bills/bl_2024.html	en	https://documents.gov.lk/view/bills/2024/5/490-2024_E.pdf	490/2024
lk_bills	2024-05-09-2024-05-09-496-2024-ta	2024-05-09-496-2024-ta	2024-05-09	Gender Equality - Bill	https://documents.gov.lk/view/bills/bl_2024.html	ta	https://documents.gov.lk/view/bills/2024/5/496-2024_T.pdf	496/2024
lk_bills	2024-05-09-2024-05-09-496-2024-si	2024-05-09-496-2024-si	2024-05-09	Gender Equality - Bill	https://documents.gov.lk/view/bills/bl_2024.html	si	https://documents.gov.lk/view/bills/2024/5/496-2024_S.pdf	496/2024
lk_bills	2024-05-09-2024-05-09-496-2024-en	2024-05-09-496-2024-en	2024-05-09	Gender Equality - Bill	https://documents.gov.lk/view/bills/bl_2024.html	en	https://documents.gov.lk/view/bills/2024/5/496-2024_E.pdf	496/2024
lk_bills	2024-05-08-2024-05-08-484-2024-ta	2024-05-08-484-2024-ta	2024-05-08	J. C. Alawathuwela Foundation (Incorporation) - GS	https://documents.gov.lk/view/bills/bl_2024.html	ta	https://documents.gov.lk/view/bills/2024/5/484-2024_T.pdf	484/2024
lk_bills	2024-05-08-2024-05-08-484-2024-si	2024-05-08-484-2024-si	2024-05-08	J. C. Alawathuwela Foundation (Incorporation) - GS	https://documents.gov.lk/view/bills/bl_2024.html	si	https://documents.gov.lk/view/bills/2024/5/484-2024_S.pdf	484/2024
lk_bills	2024-05-08-2024-05-08-484-2024-en	2024-05-08-484-2024-en	2024-05-08	J. C. Alawathuwela Foundation (Incorporation) - GS	https://documents.gov.lk/view/bills/bl_2024.html	en	https://documents.gov.lk/view/bills/2024/5/484-2024_E.pdf	484/2024
lk_bills	2024-05-08-2024-05-08-483-2024-ta	2024-05-08-483-2024-ta	2024-05-08	Parliamentary Elections (Amendment) - GS	https://documents.gov.lk/view/bills/bl_2024.html	ta	https://documents.gov.lk/view/bills/2024/5/483-2024_T.pdf	483/2024
lk_bills	2024-05-08-2024-05-08-483-2024-si	2024-05-08-483-2024-si	2024-05-08	Parliamentary Elections (Amendment) - GS	https://documents.gov.lk/view/bills/bl_2024.html	si	https://documents.gov.lk/view/bills/2024/5/483-2024_S.pdf	483/2024
lk_bills	2024-05-08-2024-05-08-483-2024-en	2024-05-08-483-2024-en	2024-05-08	Parliamentary Elections (Amendment) - GS	https://documents.gov.lk/view/bills/bl_2024.html	en	https://documents.gov.lk/view/bills/2024/5/483-2024_E.pdf	483/2024
lk_bills	2024-05-07-2024-05-07-495-2024-ta	2024-05-07-495-2024-ta	2024-05-07	Women Empowerment - Bill	https://documents.gov.lk/view/bills/bl_2024.html	ta	https://documents.gov.lk/view/bills/2024/5/495-2024_T.pdf	495/2024
lk_bills	2024-05-07-2024-05-07-495-2024-si	2024-05-07-495-2024-si	2024-05-07	Women Empowerment - Bill	https://documents.gov.lk/view/bills/bl_2024.html	si	https://documents.gov.lk/view/bills/2024/5/495-2024_S.pdf	495/2024
lk_bills	2024-05-07-2024-05-07-495-2024-en	2024-05-07-495-2024-en	2024-05-07	Women Empowerment - Bill	https://documents.gov.lk/view/bills/bl_2024.html	en	https://documents.gov.lk/view/bills/2024/5/495-2024_E.pdf	495/2024
lk_bills	2024-05-07-2024-05-07-482-2024-ta	2024-05-07-482-2024-ta	2024-05-07	EmployeesÃ¢â¬â¢ Provident Fund (Amendment) - Bill	https://documents.gov.lk/view/bills/bl_2024.html	ta	https://documents.gov.lk/view/bills/2024/5/482-2024_T.pdf	482/2024
lk_bills	2024-05-07-2024-05-07-482-2024-si	2024-05-07-482-2024-si	2024-05-07	EmployeesÃ¢â¬â¢ Provident Fund (Amendment) - Bill	https://documents.gov.lk/view/bills/bl_2024.html	si	https://documents.gov.lk/view/bills/2024/5/482-2024_S.pdf	482/2024
lk_bills	2024-05-07-2024-05-07-482-2024-en	2024-05-07-482-2024-en	2024-05-07	EmployeesÃ¢â¬â¢ Provident Fund (Amendment) - Bill	https://documents.gov.lk/view/bills/bl_2024.html	en	https://documents.gov.lk/view/bills/2024/5/482-2024_E.pdf	482/2024
lk_bills	2024-05-03-2024-05-03-480-2024-ta	2024-05-03-480-2024-ta	2024-05-03	Civil Procedure Code (Amendment) - GS	https://documents.gov.lk/view/bills/bl_2024.html	ta	https://documents.gov.lk/view/bills/2024/5/480-2024_T.pdf	480/2024
lk_bills	2024-05-03-2024-05-03-480-2024-si	2024-05-03-480-2024-si	2024-05-03	Civil Procedure Code (Amendment) - GS	https://documents.gov.lk/view/bills/bl_2024.html	si	https://documents.gov.lk/view/bills/2024/5/480-2024_S.pdf	480/2024
lk_bills	2024-05-03-2024-05-03-480-2024-en	2024-05-03-480-2024-en	2024-05-03	Civil Procedure Code (Amendment) - GS	https://documents.gov.lk/view/bills/bl_2024.html	en	https://documents.gov.lk/view/bills/2024/5/480-2024_E.pdf	480/2024
lk_bills	2024-05-02-2024-05-02-479-2024-ta	2024-05-02-479-2024-ta	2024-05-02	Sri Lanka Telecommunications (Amendment) - GS	https://documents.gov.lk/view/bills/bl_2024.html	ta	https://documents.gov.lk/view/bills/2024/5/479-2024_T.pdf	479/2024
lk_bills	2024-05-02-2024-05-02-479-2024-si	2024-05-02-479-2024-si	2024-05-02	Sri Lanka Telecommunications (Amendment) - GS	https://documents.gov.lk/view/bills/bl_2024.html	si	https://documents.gov.lk/view/bills/2024/5/479-2024_S.pdf	479/2024
lk_bills	2024-05-02-2024-05-02-479-2024-en	2024-05-02-479-2024-en	2024-05-02	Sri Lanka Telecommunications (Amendment) - GS	https://documents.gov.lk/view/bills/bl_2024.html	en	https://documents.gov.lk/view/bills/2024/5/479-2024_E.pdf	479/2024
lk_bills	2024-04-26-2024-04-26-485-2024-ta	2024-04-26-485-2024-ta	2024-04-26	Public Debt Management - Bill	https://documents.gov.lk/view/bills/bl_2024.html	ta	https://documents.gov.lk/view/bills/2024/4/485-2024_T.pdf	485/2024
lk_bills	2024-04-26-2024-04-26-485-2024-si	2024-04-26-485-2024-si	2024-04-26	Public Debt Management - Bill	https://documents.gov.lk/view/bills/bl_2024.html	si	https://documents.gov.lk/view/bills/2024/4/485-2024_S.pdf	485/2024
lk_bills	2024-04-26-2024-04-26-485-2024-en	2024-04-26-485-2024-en	2024-04-26	Public Debt Management - Bill	https://documents.gov.lk/view/bills/bl_2024.html	en	https://documents.gov.lk/view/bills/2024/4/485-2024_E.pdf	485/2024
lk_bills	2024-04-25-2024-04-25-481-2024-ta	2024-04-25-481-2024-ta	2024-04-25	Sri Lanka Electricity - Bill	https://documents.gov.lk/view/bills/bl_2024.html	ta	https://documents.gov.lk/view/bills/2024/4/481-2024_T.pdf	481/2024
lk_bills	2024-04-25-2024-04-25-481-2024-si	2024-04-25-481-2024-si	2024-04-25	Sri Lanka Electricity - Bill	https://documents.gov.lk/view/bills/bl_2024.html	si	https://documents.gov.lk/view/bills/2024/4/481-2024_S.pdf	481/2024
lk_bills	2024-04-25-2024-04-25-481-2024-en	2024-04-25-481-2024-en	2024-04-25	Sri Lanka Electricity - Bill	https://documents.gov.lk/view/bills/bl_2024.html	en	https://documents.gov.lk/view/bills/2024/4/481-2024_E.pdf	481/2024
lk_bills	2024-04-25-2024-04-25-478-2024-ta	2024-04-25-478-2024-ta	2024-04-25	Sri Lanka Association for Fisheries and Aquatic Resources (Incorporation) - Bill	https://documents.gov.lk/view/bills/bl_2024.html	ta	https://documents.gov.lk/view/bills/2024/4/478-2024_T.pdf	478/2024
lk_bills	2024-04-25-2024-04-25-478-2024-si	2024-04-25-478-2024-si	2024-04-25	Sri Lanka Association for Fisheries and Aquatic Resources (Incorporation) - Bill	https://documents.gov.lk/view/bills/bl_2024.html	si	https://documents.gov.lk/view/bills/2024/4/478-2024_S.pdf	478/2024
lk_bills	2024-04-25-2024-04-25-478-2024-en	2024-04-25-478-2024-en	2024-04-25	Sri Lanka Association for Fisheries and Aquatic Resources (Incorporation) - Bill	https://documents.gov.lk/view/bills/bl_2024.html	en	https://documents.gov.lk/view/bills/2024/4/478-2024_E.pdf	478/2024
lk_bills	2024-04-25-2024-04-25-477-2024-ta	2024-04-25-477-2024-ta	2024-04-25	Al Falah Foundation (Incorporation) - Bill	https://documents.gov.lk/view/bills/bl_2024.html	ta	https://documents.gov.lk/view/bills/2024/4/477-2024_T.pdf	477/2024
lk_bills	2024-04-25-2024-04-25-477-2024-si	2024-04-25-477-2024-si	2024-04-25	Al Falah Foundation (Incorporation) - Bill	https://documents.gov.lk/view/bills/bl_2024.html	si	https://documents.gov.lk/view/bills/2024/4/477-2024_S.pdf	477/2024
lk_bills	2024-04-25-2024-04-25-477-2024-en	2024-04-25-477-2024-en	2024-04-25	Al Falah Foundation (Incorporation) - Bill	https://documents.gov.lk/view/bills/bl_2024.html	en	https://documents.gov.lk/view/bills/2024/4/477-2024_E.pdf	477/2024
lk_bills	2024-04-18-2024-04-18-476-2024-ta	2024-04-18-476-2024-ta	2024-04-18	Public Debt Management - GS	https://documents.gov.lk/view/bills/bl_2024.html	ta	https://documents.gov.lk/view/bills/2024/4/476-2024_T.pdf	476/2024
lk_bills	2024-04-18-2024-04-18-476-2024-si	2024-04-18-476-2024-si	2024-04-18	Public Debt Management - GS	https://documents.gov.lk/view/bills/bl_2024.html	si	https://documents.gov.lk/view/bills/2024/4/476-2024_S.pdf	476/2024
lk_bills	2024-04-18-2024-04-18-476-2024-en	2024-04-18-476-2024-en	2024-04-18	Public Debt Management - GS	https://documents.gov.lk/view/bills/bl_2024.html	en	https://documents.gov.lk/view/bills/2024/4/476-2024_E.pdf	476/2024
lk_bills	2024-04-17-2024-04-17-475-2024-ta	2024-04-17-475-2024-ta	2024-04-17	Gender Equality - GS	https://documents.gov.lk/view/bills/bl_2024.html	ta	https://documents.gov.lk/view/bills/2024/4/475-2024_T.pdf	475/2024
lk_bills	2024-04-17-2024-04-17-475-2024-si	2024-04-17-475-2024-si	2024-04-17	Gender Equality - GS	https://documents.gov.lk/view/bills/bl_2024.html	si	https://documents.gov.lk/view/bills/2024/4/475-2024_S.pdf	475/2024
lk_bills	2024-04-17-2024-04-17-475-2024-en	2024-04-17-475-2024-en	2024-04-17	Gender Equality - GS	https://documents.gov.lk/view/bills/bl_2024.html	en	https://documents.gov.lk/view/bills/2024/4/475-2024_E.pdf	475/2024
lk_bills	2024-04-17-2024-04-17-474-2024-ta	2024-04-17-474-2024-ta	2024-04-17	Sri Lanka Electricity - GS	https://documents.gov.lk/view/bills/bl_2024.html	ta	https://documents.gov.lk/view/bills/2024/4/474-2024_T.pdf	474/2024
lk_bills	2024-04-17-2024-04-17-474-2024-si	2024-04-17-474-2024-si	2024-04-17	Sri Lanka Electricity - GS	https://documents.gov.lk/view/bills/bl_2024.html	si	https://documents.gov.lk/view/bills/2024/4/474-2024_S.pdf	474/2024
lk_bills	2024-04-17-2024-04-17-474-2024-en	2024-04-17-474-2024-en	2024-04-17	Sri Lanka Electricity - GS	https://documents.gov.lk/view/bills/bl_2024.html	en	https://documents.gov.lk/view/bills/2024/4/474-2024_E.pdf	474/2024
lk_bills	2024-04-04-2024-04-04-472-2024-ta	2024-04-04-472-2024-ta	2024-04-04	Al Falah Foundation (Incorporation) - GS	https://documents.gov.lk/view/bills/bl_2024.html	ta	https://documents.gov.lk/view/bills/2024/4/472-2024_T.pdf	472/2024
lk_bills	2024-04-04-2024-04-04-472-2024-si	2024-04-04-472-2024-si	2024-04-04	Al Falah Foundation (Incorporation) - GS	https://documents.gov.lk/view/bills/bl_2024.html	si	https://documents.gov.lk/view/bills/2024/4/472-2024_S.pdf	472/2024
lk_bills	2024-04-04-2024-04-04-472-2024-en	2024-04-04-472-2024-en	2024-04-04	Al Falah Foundation (Incorporation) - GS	https://documents.gov.lk/view/bills/bl_2024.html	en	https://documents.gov.lk/view/bills/2024/4/472-2024_E.pdf	472/2024
lk_bills	2024-04-02-2024-04-02-473-2024-ta	2024-04-02-473-2024-ta	2024-04-02	Siw Wanak Arana Foundation (Incorporation) - Bill	https://documents.gov.lk/view/bills/bl_2024.html	ta	https://documents.gov.lk/view/bills/2024/4/473-2024_T.pdf	473/2024
lk_bills	2024-04-02-2024-04-02-473-2024-si	2024-04-02-473-2024-si	2024-04-02	Siw Wanak Arana Foundation (Incorporation) - Bill	https://documents.gov.lk/view/bills/bl_2024.html	si	https://documents.gov.lk/view/bills/2024/4/473-2024_S.pdf	473/2024
lk_bills	2024-04-02-2024-04-02-473-2024-en	2024-04-02-473-2024-en	2024-04-02	Siw Wanak Arana Foundation (Incorporation) - Bill	https://documents.gov.lk/view/bills/bl_2024.html	en	https://documents.gov.lk/view/bills/2024/4/473-2024_E.pdf	473/2024
lk_bills	2024-04-01-2024-04-01-471-2024-ta	2024-04-01-471-2024-ta	2024-04-01	Sri Lanka Association for Fisheries and Aquatic Resources (Incorporation) - GS	https://documents.gov.lk/view/bills/bl_2024.html	ta	https://documents.gov.lk/view/bills/2024/4/471-2024_T.pdf	471/2024
lk_bills	2024-04-01-2024-04-01-471-2024-si	2024-04-01-471-2024-si	2024-04-01	Sri Lanka Association for Fisheries and Aquatic Resources (Incorporation) - GS	https://documents.gov.lk/view/bills/bl_2024.html	si	https://documents.gov.lk/view/bills/2024/4/471-2024_S.pdf	471/2024
lk_bills	2024-04-01-2024-04-01-471-2024-en	2024-04-01-471-2024-en	2024-04-01	Sri Lanka Association for Fisheries and Aquatic Resources (Incorporation) - GS	https://documents.gov.lk/view/bills/bl_2024.html	en	https://documents.gov.lk/view/bills/2024/4/471-2024_E.pdf	471/2024
lk_bills	2024-03-22-2024-03-22-468-2024-ta	2024-03-22-468-2024-ta	2024-03-22	EmployeesÃ¢â¬â¢ Provident Fund (Amendment) - GS	https://documents.gov.lk/view/bills/bl_2024.html	ta	https://documents.gov.lk/view/bills/2024/3/468-2024_T.pdf	468/2024
lk_bills	2024-03-22-2024-03-22-468-2024-si	2024-03-22-468-2024-si	2024-03-22	EmployeesÃ¢â¬â¢ Provident Fund (Amendment) - GS	https://documents.gov.lk/view/bills/bl_2024.html	si	https://documents.gov.lk/view/bills/2024/3/468-2024_S.pdf	468/2024
lk_bills	2024-03-22-2024-03-22-468-2024-en	2024-03-22-468-2024-en	2024-03-22	EmployeesÃ¢â¬â¢ Provident Fund (Amendment) - GS	https://documents.gov.lk/view/bills/bl_2024.html	en	https://documents.gov.lk/view/bills/2024/3/468-2024_E.pdf	468/2024
lk_bills	2024-03-21-2024-03-21-470-2024-ta	2024-03-21-470-2024-ta	2024-03-21	Institute of Facilities Management Sri Lanka - Bill	https://documents.gov.lk/view/bills/bl_2024.html	ta	https://documents.gov.lk/view/bills/2024/3/470-2024_T.pdf	470/2024
lk_bills	2024-03-21-2024-03-21-470-2024-si	2024-03-21-470-2024-si	2024-03-21	Institute of Facilities Management Sri Lanka - Bill	https://documents.gov.lk/view/bills/bl_2024.html	si	https://documents.gov.lk/view/bills/2024/3/470-2024_S.pdf	470/2024
lk_bills	2024-03-21-2024-03-21-470-2024-en	2024-03-21-470-2024-en	2024-03-21	Institute of Facilities Management Sri Lanka - Bill	https://documents.gov.lk/view/bills/bl_2024.html	en	https://documents.gov.lk/view/bills/2024/3/470-2024_E.pdf	470/2024
lk_bills	2024-03-21-2024-03-21-469-2024-ta	2024-03-21-469-2024-ta	2024-03-21	Recovery of Loans by Banks (Special Provisions) (Amendment) - Bill	https://documents.gov.lk/view/bills/bl_2024.html	ta	https://documents.gov.lk/view/bills/2024/3/469-2024_T.pdf	469/2024
lk_bills	2024-03-21-2024-03-21-469-2024-si	2024-03-21-469-2024-si	2024-03-21	Recovery of Loans by Banks (Special Provisions) (Amendment) - Bill	https://documents.gov.lk/view/bills/bl_2024.html	si	https://documents.gov.lk/view/bills/2024/3/469-2024_S.pdf	469/2024
lk_bills	2024-03-21-2024-03-21-469-2024-en	2024-03-21-469-2024-en	2024-03-21	Recovery of Loans by Banks (Special Provisions) (Amendment) - Bill	https://documents.gov.lk/view/bills/bl_2024.html	en	https://documents.gov.lk/view/bills/2024/3/469-2024_E.pdf	469/2024
lk_bills	2024-03-15-2024-03-15-466-2024-ta	2024-03-15-466-2024-ta	2024-03-15	Siw Wanak Arana Foundation (Incorporation) - GS	https://documents.gov.lk/view/bills/bl_2024.html	ta	https://documents.gov.lk/view/bills/2024/3/466-2024_T.pdf	466/2024
lk_bills	2024-03-15-2024-03-15-466-2024-si	2024-03-15-466-2024-si	2024-03-15	Siw Wanak Arana Foundation (Incorporation) - GS	https://documents.gov.lk/view/bills/bl_2024.html	si	https://documents.gov.lk/view/bills/2024/3/466-2024_S.pdf	466/2024
lk_bills	2024-03-15-2024-03-15-466-2024-en	2024-03-15-466-2024-en	2024-03-15	Siw Wanak Arana Foundation (Incorporation) - GS	https://documents.gov.lk/view/bills/bl_2024.html	en	https://documents.gov.lk/view/bills/2024/3/466-2024_E.pdf	466/2024
lk_bills	2024-03-15-2024-03-15-465-2024-ta	2024-03-15-465-2024-ta	2024-03-15	Code of Criminal Procedure (Amendment) - Bill	https://documents.gov.lk/view/bills/bl_2024.html	ta	https://documents.gov.lk/view/bills/2024/3/465-2024_T.pdf	465/2024
lk_bills	2024-03-15-2024-03-15-465-2024-si	2024-03-15-465-2024-si	2024-03-15	Code of Criminal Procedure (Amendment) - Bill	https://documents.gov.lk/view/bills/bl_2024.html	si	https://documents.gov.lk/view/bills/2024/3/465-2024_S.pdf	465/2024
lk_bills	2024-03-15-2024-03-15-465-2024-en	2024-03-15-465-2024-en	2024-03-15	Code of Criminal Procedure (Amendment) - Bill	https://documents.gov.lk/view/bills/bl_2024.html	en	https://documents.gov.lk/view/bills/2024/3/465-2024_E.pdf	465/2024
lk_bills	2024-03-13-2024-03-13-467-2024-ta	2024-03-13-467-2024-ta	2024-03-13	Penal Code (Amendment) - Bill	https://documents.gov.lk/view/bills/bl_2024.html	ta	https://documents.gov.lk/view/bills/2024/3/467-2024_T.pdf	467/2024
lk_bills	2024-03-13-2024-03-13-467-2024-si	2024-03-13-467-2024-si	2024-03-13	Penal Code (Amendment) - Bill	https://documents.gov.lk/view/bills/bl_2024.html	si	https://documents.gov.lk/view/bills/2024/3/467-2024_S.pdf	467/2024
lk_bills	2024-03-13-2024-03-13-467-2024-en	2024-03-13-467-2024-en	2024-03-13	Penal Code (Amendment) - Bill	https://documents.gov.lk/view/bills/bl_2024.html	en	https://documents.gov.lk/view/bills/2024/3/467-2024_E.pdf	467/2024
lk_bills	2024-03-13-2024-03-13-464-2024-ta	2024-03-13-464-2024-ta	2024-03-13	Recovery of Loans by Banks (Special Provisions) (Amendment) - GS	https://documents.gov.lk/view/bills/bl_2024.html	ta	https://documents.gov.lk/view/bills/2024/3/464-2024_T.pdf	464/2024
lk_bills	2024-03-13-2024-03-13-464-2024-si	2024-03-13-464-2024-si	2024-03-13	Recovery of Loans by Banks (Special Provisions) (Amendment) - GS	https://documents.gov.lk/view/bills/bl_2024.html	si	https://documents.gov.lk/view/bills/2024/3/464-2024_S.pdf	464/2024
lk_bills	2024-03-13-2024-03-13-464-2024-en	2024-03-13-464-2024-en	2024-03-13	Recovery of Loans by Banks (Special Provisions) (Amendment) - GS	https://documents.gov.lk/view/bills/bl_2024.html	en	https://documents.gov.lk/view/bills/2024/3/464-2024_E.pdf	464/2024
lk_bills	2024-03-07-2024-03-07-463-2024-ta	2024-03-07-463-2024-ta	2024-03-07	Women Empowerment - GS	https://documents.gov.lk/view/bills/bl_2024.html	ta	https://documents.gov.lk/view/bills/2024/3/463-2024_T.pdf	463/2024
lk_bills	2024-03-07-2024-03-07-463-2024-si	2024-03-07-463-2024-si	2024-03-07	Women Empowerment - GS	https://documents.gov.lk/view/bills/bl_2024.html	si	https://documents.gov.lk/view/bills/2024/3/463-2024_S.pdf	463/2024
lk_bills	2024-03-07-2024-03-07-463-2024-en	2024-03-07-463-2024-en	2024-03-07	Women Empowerment - GS	https://documents.gov.lk/view/bills/bl_2024.html	en	https://documents.gov.lk/view/bills/2024/3/463-2024_E.pdf	463/2024
lk_bills	2024-02-21-2024-02-21-461-2024-ta	2024-02-21-461-2024-ta	2024-02-21	Banking (Amendment) - Bill	https://documents.gov.lk/view/bills/bl_2024.html	ta	https://documents.gov.lk/view/bills/2024/2/461-2024_T.pdf	461/2024
lk_bills	2024-02-21-2024-02-21-461-2024-si	2024-02-21-461-2024-si	2024-02-21	Banking (Amendment) - Bill	https://documents.gov.lk/view/bills/bl_2024.html	si	https://documents.gov.lk/view/bills/2024/2/461-2024_S.pdf	461/2024
lk_bills	2024-02-21-2024-02-21-461-2024-en	2024-02-21-461-2024-en	2024-02-21	Banking (Amendment) - Bill	https://documents.gov.lk/view/bills/bl_2024.html	en	https://documents.gov.lk/view/bills/2024/2/461-2024_E.pdf	461/2024
lk_bills	2024-02-21-2024-02-21-460-2024-ta	2024-02-21-460-2024-ta	2024-02-21	Twenty Second Amendment to the Constitution - Bill	https://documents.gov.lk/view/bills/bl_2024.html	ta	https://documents.gov.lk/view/bills/2024/2/460-2024_T.pdf	460/2024
lk_bills	2024-02-21-2024-02-21-460-2024-si	2024-02-21-460-2024-si	2024-02-21	Twenty Second Amendment to the Constitution - Bill	https://documents.gov.lk/view/bills/bl_2024.html	si	https://documents.gov.lk/view/bills/2024/2/460-2024_S.pdf	460/2024
lk_bills	2024-02-21-2024-02-21-460-2024-en	2024-02-21-460-2024-en	2024-02-21	Twenty Second Amendment to the Constitution - Bill	https://documents.gov.lk/view/bills/bl_2024.html	en	https://documents.gov.lk/view/bills/2024/2/460-2024_E.pdf	460/2024
lk_bills	2024-02-21-2024-02-21-459-2024-ta	2024-02-21-459-2024-ta	2024-02-21	Buddha Shrawaka Caring Centre (Incorporation) - GS	https://documents.gov.lk/view/bills/bl_2024.html	ta	https://documents.gov.lk/view/bills/2024/2/459-2024_T.pdf	459/2024
lk_bills	2024-02-21-2024-02-21-459-2024-si	2024-02-21-459-2024-si	2024-02-21	Buddha Shrawaka Caring Centre (Incorporation) - GS	https://documents.gov.lk/view/bills/bl_2024.html	si	https://documents.gov.lk/view/bills/2024/2/459-2024_S.pdf	459/2024
lk_bills	2024-02-21-2024-02-21-459-2024-en	2024-02-21-459-2024-en	2024-02-21	Buddha Shrawaka Caring Centre (Incorporation) - GS	https://documents.gov.lk/view/bills/bl_2024.html	en	https://documents.gov.lk/view/bills/2024/2/459-2024_E.pdf	459/2024
lk_bills	2024-02-20-2024-02-20-462-2024-ta	2024-02-20-462-2024-ta	2024-02-20	Sri Lanka National Commission for UNESCO - Bill	https://documents.gov.lk/view/bills/bl_2024.html	ta	https://documents.gov.lk/view/bills/2024/2/462-2024_T.pdf	462/2024
lk_bills	2024-02-20-2024-02-20-462-2024-si	2024-02-20-462-2024-si	2024-02-20	Sri Lanka National Commission for UNESCO - Bill	https://documents.gov.lk/view/bills/bl_2024.html	si	https://documents.gov.lk/view/bills/2024/2/462-2024_S.pdf	462/2024
lk_bills	2024-02-20-2024-02-20-462-2024-en	2024-02-20-462-2024-en	2024-02-20	Sri Lanka National Commission for UNESCO - Bill	https://documents.gov.lk/view/bills/bl_2024.html	en	https://documents.gov.lk/view/bills/2024/2/462-2024_E.pdf	462/2024
lk_bills	2024-02-20-2024-02-20-458-2024-ta	2024-02-20-458-2024-ta	2024-02-20	Institute of Facilities Management Sri Lanka (Incorporation) - GS	https://documents.gov.lk/view/bills/bl_2024.html	ta	https://documents.gov.lk/view/bills/2024/2/458-2024_T.pdf	458/2024
lk_bills	2024-02-20-2024-02-20-458-2024-si	2024-02-20-458-2024-si	2024-02-20	Institute of Facilities Management Sri Lanka (Incorporation) - GS	https://documents.gov.lk/view/bills/bl_2024.html	si	https://documents.gov.lk/view/bills/2024/2/458-2024_S.pdf	458/2024
lk_bills	2024-02-20-2024-02-20-458-2024-en	2024-02-20-458-2024-en	2024-02-20	Institute of Facilities Management Sri Lanka (Incorporation) - GS	https://documents.gov.lk/view/bills/bl_2024.html	en	https://documents.gov.lk/view/bills/2024/2/458-2024_E.pdf	458/2024
lk_bills	2024-02-13-2024-02-13-456-2024-ta	2024-02-13-456-2024-ta	2024-02-13	Twenty Second Amendment to the Constitution - GS	https://documents.gov.lk/view/bills/bl_2024.html	ta	https://documents.gov.lk/view/bills/2024/2/456-2024_T.pdf	456/2024
lk_bills	2024-02-13-2024-02-13-456-2024-si	2024-02-13-456-2024-si	2024-02-13	Twenty Second Amendment to the Constitution - GS	https://documents.gov.lk/view/bills/bl_2024.html	si	https://documents.gov.lk/view/bills/2024/2/456-2024_S.pdf	456/2024
lk_bills	2024-02-13-2024-02-13-456-2024-en	2024-02-13-456-2024-en	2024-02-13	Twenty Second Amendment to the Constitution - GS	https://documents.gov.lk/view/bills/bl_2024.html	en	https://documents.gov.lk/view/bills/2024/2/456-2024_E.pdf	456/2024
lk_bills	2024-02-13-2024-02-13-455-2024-ta	2024-02-13-455-2024-ta	2024-02-13	Code of Criminal Procedure (Amendment) - GS	https://documents.gov.lk/view/bills/bl_2024.html	ta	https://documents.gov.lk/view/bills/2024/2/455-2024_T.pdf	455/2024
lk_bills	2024-02-13-2024-02-13-455-2024-si	2024-02-13-455-2024-si	2024-02-13	Code of Criminal Procedure (Amendment) - GS	https://documents.gov.lk/view/bills/bl_2024.html	si	https://documents.gov.lk/view/bills/2024/2/455-2024_S.pdf	455/2024
lk_bills	2024-02-13-2024-02-13-455-2024-en	2024-02-13-455-2024-en	2024-02-13	Code of Criminal Procedure (Amendment) - GS	https://documents.gov.lk/view/bills/bl_2024.html	en	https://documents.gov.lk/view/bills/2024/2/455-2024_E.pdf	455/2024
lk_bills	2024-02-13-2024-02-13-454-2024-ta	2024-02-13-454-2024-ta	2024-02-13	Penal Code (Amendment) - GS	https://documents.gov.lk/view/bills/bl_2024.html	ta	https://documents.gov.lk/view/bills/2024/2/454-2024_T.pdf	454/2024
lk_bills	2024-02-13-2024-02-13-454-2024-si	2024-02-13-454-2024-si	2024-02-13	Penal Code (Amendment) - GS	https://documents.gov.lk/view/bills/bl_2024.html	si	https://documents.gov.lk/view/bills/2024/2/454-2024_S.pdf	454/2024
lk_bills	2024-02-13-2024-02-13-454-2024-en	2024-02-13-454-2024-en	2024-02-13	Penal Code (Amendment) - GS	https://documents.gov.lk/view/bills/bl_2024.html	en	https://documents.gov.lk/view/bills/2024/2/454-2024_E.pdf	454/2024
lk_bills	2024-02-09-2024-02-09-457-2024-ta	2024-02-09-457-2024-ta	2024-02-09	Mohan Ellawala Social Development Foundation (Incorporation) - Bill	https://documents.gov.lk/view/bills/bl_2024.html	ta	https://documents.gov.lk/view/bills/2024/2/457-2024_T.pdf	457/2024
lk_bills	2024-02-09-2024-02-09-457-2024-si	2024-02-09-457-2024-si	2024-02-09	Mohan Ellawala Social Development Foundation (Incorporation) - Bill	https://documents.gov.lk/view/bills/bl_2024.html	si	https://documents.gov.lk/view/bills/2024/2/457-2024_S.pdf	457/2024
lk_bills	2024-02-09-2024-02-09-457-2024-en	2024-02-09-457-2024-en	2024-02-09	Mohan Ellawala Social Development Foundation (Incorporation) - Bill	https://documents.gov.lk/view/bills/bl_2024.html	en	https://documents.gov.lk/view/bills/2024/2/457-2024_E.pdf	457/2024
lk_bills	2024-02-06-2024-02-06-452-2024-ta	2024-02-06-452-2024-ta	2024-02-06	Banking (Amendment) - GS	https://documents.gov.lk/view/bills/bl_2024.html	ta	https://documents.gov.lk/view/bills/2024/2/452-2024_T.pdf	452/2024
lk_bills	2024-02-06-2024-02-06-452-2024-si	2024-02-06-452-2024-si	2024-02-06	Banking (Amendment) - GS	https://documents.gov.lk/view/bills/bl_2024.html	si	https://documents.gov.lk/view/bills/2024/2/452-2024_S.pdf	452/2024
lk_bills	2024-02-06-2024-02-06-452-2024-en	2024-02-06-452-2024-en	2024-02-06	Banking (Amendment) - GS	https://documents.gov.lk/view/bills/bl_2024.html	en	https://documents.gov.lk/view/bills/2024/2/452-2024_E.pdf	452/2024
lk_bills	2024-01-24-2024-01-24-451-2024-ta	2024-01-24-451-2024-ta	2024-01-24	Partition (Amendment) - Bill	https://documents.gov.lk/view/bills/bl_2024.html	ta	https://documents.gov.lk/view/bills/2024/1/451-2024_T.pdf	451/2024
lk_bills	2024-01-24-2024-01-24-451-2024-si	2024-01-24-451-2024-si	2024-01-24	Partition (Amendment) - Bill	https://documents.gov.lk/view/bills/bl_2024.html	si	https://documents.gov.lk/view/bills/2024/1/451-2024_S.pdf	451/2024
lk_bills	2024-01-24-2024-01-24-451-2024-en	2024-01-24-451-2024-en	2024-01-24	Partition (Amendment) - Bill	https://documents.gov.lk/view/bills/bl_2024.html	en	https://documents.gov.lk/view/bills/2024/1/451-2024_E.pdf	451/2024
lk_bills	2024-01-17-2024-01-17-438-2024-ta	2024-01-17-438-2024-ta	2024-01-17	Sri Lanka National Commission for UNESCO - GS	https://documents.gov.lk/view/bills/bl_2024.html	ta	https://documents.gov.lk/view/bills/2024/1/438-2024_T.pdf	438/2024
lk_bills	2024-01-17-2024-01-17-438-2024-si	2024-01-17-438-2024-si	2024-01-17	Sri Lanka National Commission for UNESCO - GS	https://documents.gov.lk/view/bills/bl_2024.html	si	https://documents.gov.lk/view/bills/2024/1/438-2024_S.pdf	438/2024
lk_bills	2024-01-17-2024-01-17-438-2024-en	2024-01-17-438-2024-en	2024-01-17	Sri Lanka National Commission for UNESCO - GS	https://documents.gov.lk/view/bills/bl_2024.html	en	https://documents.gov.lk/view/bills/2024/1/438-2024_E.pdf	438/2024
lk_bills	2024-01-11-2024-01-11-445-2024-ta	2024-01-11-445-2024-ta	2024-01-11	Value Added Tax (Amendment) - Bill	https://documents.gov.lk/view/bills/bl_2024.html	ta	https://documents.gov.lk/view/bills/2024/1/445-2024_T.pdf	445/2024
lk_bills	2024-01-11-2024-01-11-445-2024-si	2024-01-11-445-2024-si	2024-01-11	Value Added Tax (Amendment) - Bill	https://documents.gov.lk/view/bills/bl_2024.html	si	https://documents.gov.lk/view/bills/2024/1/445-2024_S.pdf	445/2024
lk_bills	2024-01-11-2024-01-11-445-2024-en	2024-01-11-445-2024-en	2024-01-11	Value Added Tax (Amendment) - Bill	https://documents.gov.lk/view/bills/bl_2024.html	en	https://documents.gov.lk/view/bills/2024/1/445-2024_E.pdf	445/2024
lk_bills	2024-01-10-2024-01-10-444-2024-ta	2024-01-10-444-2024-ta	2024-01-10	Anti Terrorism - Bill	https://documents.gov.lk/view/bills/bl_2024.html	ta	https://documents.gov.lk/view/bills/2024/1/444-2024_T.pdf	444/2024
lk_bills	2024-01-10-2024-01-10-444-2024-si	2024-01-10-444-2024-si	2024-01-10	Anti Terrorism - Bill	https://documents.gov.lk/view/bills/bl_2024.html	si	https://documents.gov.lk/view/bills/2024/1/444-2024_S.pdf	444/2024
lk_bills	2024-01-10-2024-01-10-444-2024-en	2024-01-10-444-2024-en	2024-01-10	Anti Terrorism - Bill	https://documents.gov.lk/view/bills/bl_2024.html	en	https://documents.gov.lk/view/bills/2024/1/444-2024_E.pdf	444/2024
lk_bills	2024-01-09-2024-01-09-450-2024-ta	2024-01-09-450-2024-ta	2024-01-09	Microfinance and Credit Regulatory Authority - Bill	https://documents.gov.lk/view/bills/bl_2024.html	ta	https://documents.gov.lk/view/bills/2024/1/450-2024_T.pdf	450/2024
lk_bills	2024-01-09-2024-01-09-450-2024-si	2024-01-09-450-2024-si	2024-01-09	Microfinance and Credit Regulatory Authority - Bill	https://documents.gov.lk/view/bills/bl_2024.html	si	https://documents.gov.lk/view/bills/2024/1/450-2024_S.pdf	450/2024
lk_bills	2024-01-09-2024-01-09-450-2024-en	2024-01-09-450-2024-en	2024-01-09	Microfinance and Credit Regulatory Authority - Bill	https://documents.gov.lk/view/bills/bl_2024.html	en	https://documents.gov.lk/view/bills/2024/1/450-2024_E.pdf	450/2024
lk_bills	2024-01-09-2024-01-09-449-2024-ta	2024-01-09-449-2024-ta	2024-01-09	Companies (Amendment) - Bill	https://documents.gov.lk/view/bills/bl_2024.html	ta	https://documents.gov.lk/view/bills/2024/1/449-2024_T.pdf	449/2024
lk_bills	2024-01-09-2024-01-09-449-2024-si	2024-01-09-449-2024-si	2024-01-09	Companies (Amendment) - Bill	https://documents.gov.lk/view/bills/bl_2024.html	si	https://documents.gov.lk/view/bills/2024/1/449-2024_S.pdf	449/2024
lk_bills	2024-01-09-2024-01-09-449-2024-en	2024-01-09-449-2024-en	2024-01-09	Companies (Amendment) - Bill	https://documents.gov.lk/view/bills/bl_2024.html	en	https://documents.gov.lk/view/bills/2024/1/449-2024_E.pdf	449/2024
lk_bills	2024-01-09-2024-01-09-448-2024-ta	2024-01-09-448-2024-ta	2024-01-09	Secured Transactions - Bill	https://documents.gov.lk/view/bills/bl_2024.html	ta	https://documents.gov.lk/view/bills/2024/1/448-2024_T.pdf	448/2024
lk_bills	2024-01-09-2024-01-09-448-2024-si	2024-01-09-448-2024-si	2024-01-09	Secured Transactions - Bill	https://documents.gov.lk/view/bills/bl_2024.html	si	https://documents.gov.lk/view/bills/2024/1/448-2024_S.pdf	448/2024
lk_bills	2024-01-09-2024-01-09-448-2024-en	2024-01-09-448-2024-en	2024-01-09	Secured Transactions - Bill	https://documents.gov.lk/view/bills/bl_2024.html	en	https://documents.gov.lk/view/bills/2024/1/448-2024_E.pdf	448/2024
lk_bills	2024-01-09-2024-01-09-447-2024-ta	2024-01-09-447-2024-ta	2024-01-09	Trust Receipts (Amendment) - Bill	https://documents.gov.lk/view/bills/bl_2024.html	ta	https://documents.gov.lk/view/bills/2024/1/447-2024_T.pdf	447/2024
lk_bills	2024-01-09-2024-01-09-447-2024-si	2024-01-09-447-2024-si	2024-01-09	Trust Receipts (Amendment) - Bill	https://documents.gov.lk/view/bills/bl_2024.html	si	https://documents.gov.lk/view/bills/2024/1/447-2024_S.pdf	447/2024
lk_bills	2024-01-09-2024-01-09-447-2024-en	2024-01-09-447-2024-en	2024-01-09	Trust Receipts (Amendment) - Bill	https://documents.gov.lk/view/bills/bl_2024.html	en	https://documents.gov.lk/view/bills/2024/1/447-2024_E.pdf	447/2024
lk_bills	2024-01-09-2024-01-09-446-2024-ta	2024-01-09-446-2024-ta	2024-01-09	Finance Leasing (Amendment) - Bill	https://documents.gov.lk/view/bills/bl_2024.html	ta	https://documents.gov.lk/view/bills/2024/1/446-2024_T.pdf	446/2024
lk_bills	2024-01-09-2024-01-09-446-2024-si	2024-01-09-446-2024-si	2024-01-09	Finance Leasing (Amendment) - Bill	https://documents.gov.lk/view/bills/bl_2024.html	si	https://documents.gov.lk/view/bills/2024/1/446-2024_S.pdf	446/2024
lk_bills	2024-01-09-2024-01-09-446-2024-en	2024-01-09-446-2024-en	2024-01-09	Finance Leasing (Amendment) - Bill	https://documents.gov.lk/view/bills/bl_2024.html	en	https://documents.gov.lk/view/bills/2024/1/446-2024_E.pdf	446/2024
lk_bills	2024-01-09-2024-01-09-443-2024-ta	2024-01-09-443-2024-ta	2024-01-09	Registration of Documents (Amendment) - Bill	https://documents.gov.lk/view/bills/bl_2024.html	ta	https://documents.gov.lk/view/bills/2024/1/443-2024_T.pdf	443/2024
lk_bills	2024-01-09-2024-01-09-443-2024-si	2024-01-09-443-2024-si	2024-01-09	Registration of Documents (Amendment) - Bill	https://documents.gov.lk/view/bills/bl_2024.html	si	https://documents.gov.lk/view/bills/2024/1/443-2024_S.pdf	443/2024
lk_bills	2024-01-09-2024-01-09-443-2024-en	2024-01-09-443-2024-en	2024-01-09	Registration of Documents (Amendment) - Bill	https://documents.gov.lk/view/bills/bl_2024.html	en	https://documents.gov.lk/view/bills/2024/1/443-2024_E.pdf	443/2024
lk_bills	2024-01-09-2024-01-09-442-2024-ta	2024-01-09-442-2024-ta	2024-01-09	Shop And Office Employees (Regulation of Employment and Remuneration) (Amendment) - Bill	https://documents.gov.lk/view/bills/bl_2024.html	ta	https://documents.gov.lk/view/bills/2024/1/442-2024_T.pdf	442/2024
lk_bills	2024-01-09-2024-01-09-442-2024-si	2024-01-09-442-2024-si	2024-01-09	Shop And Office Employees (Regulation of Employment and Remuneration) (Amendment) - Bill	https://documents.gov.lk/view/bills/bl_2024.html	si	https://documents.gov.lk/view/bills/2024/1/442-2024_S.pdf	442/2024
lk_bills	2024-01-09-2024-01-09-442-2024-en	2024-01-09-442-2024-en	2024-01-09	Shop And Office Employees (Regulation of Employment and Remuneration) (Amendment) - Bill	https://documents.gov.lk/view/bills/bl_2024.html	en	https://documents.gov.lk/view/bills/2024/1/442-2024_E.pdf	442/2024
lk_bills	2024-01-09-2024-01-09-441-2024-ta	2024-01-09-441-2024-ta	2024-01-09	Mortgage (Amendment) - Bill	https://documents.gov.lk/view/bills/bl_2024.html	ta	https://documents.gov.lk/view/bills/2024/1/441-2024_T.pdf	441/2024
lk_bills	2024-01-09-2024-01-09-441-2024-si	2024-01-09-441-2024-si	2024-01-09	Mortgage (Amendment) - Bill	https://documents.gov.lk/view/bills/bl_2024.html	si	https://documents.gov.lk/view/bills/2024/1/441-2024_S.pdf	441/2024
lk_bills	2024-01-09-2024-01-09-441-2024-en	2024-01-09-441-2024-en	2024-01-09	Mortgage (Amendment) - Bill	https://documents.gov.lk/view/bills/bl_2024.html	en	https://documents.gov.lk/view/bills/2024/1/441-2024_E.pdf	441/2024
lk_bills	2024-01-09-2024-01-09-440-2024-ta	2024-01-09-440-2024-ta	2024-01-09	Inland Trust Receipts (Amendment) - Bill	https://documents.gov.lk/view/bills/bl_2024.html	ta	https://documents.gov.lk/view/bills/2024/1/440-2024_T.pdf	440/2024
lk_bills	2024-01-09-2024-01-09-440-2024-si	2024-01-09-440-2024-si	2024-01-09	Inland Trust Receipts (Amendment) - Bill	https://documents.gov.lk/view/bills/bl_2024.html	si	https://documents.gov.lk/view/bills/2024/1/440-2024_S.pdf	440/2024
lk_bills	2024-01-09-2024-01-09-440-2024-en	2024-01-09-440-2024-en	2024-01-09	Inland Trust Receipts (Amendment) - Bill	https://documents.gov.lk/view/bills/bl_2024.html	en	https://documents.gov.lk/view/bills/2024/1/440-2024_E.pdf	440/2024
lk_bills	2024-01-09-2024-01-09-439-2024-ta	2024-01-09-439-2024-ta	2024-01-09	Prescription (Amendment) - Bill	https://documents.gov.lk/view/bills/bl_2024.html	ta	https://documents.gov.lk/view/bills/2024/1/439-2024_T.pdf	439/2024
lk_bills	2024-01-09-2024-01-09-439-2024-si	2024-01-09-439-2024-si	2024-01-09	Prescription (Amendment) - Bill	https://documents.gov.lk/view/bills/bl_2024.html	si	https://documents.gov.lk/view/bills/2024/1/439-2024_S.pdf	439/2024
lk_bills	2024-01-09-2024-01-09-439-2024-en	2024-01-09-439-2024-en	2024-01-09	Prescription (Amendment) - Bill	https://documents.gov.lk/view/bills/bl_2024.html	en	https://documents.gov.lk/view/bills/2024/1/439-2024_E.pdf	439/2024
lk_bills	2024-01-09-2024-01-09-437-2024-ta	2024-01-09-437-2024-ta	2024-01-09	Partition (Amendment) - GS	https://documents.gov.lk/view/bills/bl_2024.html	ta	https://documents.gov.lk/view/bills/2024/1/437-2024_T.pdf	437/2024
lk_bills	2024-01-09-2024-01-09-437-2024-si	2024-01-09-437-2024-si	2024-01-09	Partition (Amendment) - GS	https://documents.gov.lk/view/bills/bl_2024.html	si	https://documents.gov.lk/view/bills/2024/1/437-2024_S.pdf	437/2024
lk_bills	2024-01-09-2024-01-09-437-2024-en	2024-01-09-437-2024-en	2024-01-09	Partition (Amendment) - GS	https://documents.gov.lk/view/bills/bl_2024.html	en	https://documents.gov.lk/view/bills/2024/1/437-2024_E.pdf	437/2024
lk_bills	2024-01-09-2024-01-09-436-2024-ta	2024-01-09-436-2024-ta	2024-01-09	Penal Code (Amendment) - GS	https://documents.gov.lk/view/bills/bl_2024.html	ta	https://documents.gov.lk/view/bills/2024/1/436-2024_T.pdf	436/2024
lk_bills	2024-01-09-2024-01-09-436-2024-si	2024-01-09-436-2024-si	2024-01-09	Penal Code (Amendment) - GS	https://documents.gov.lk/view/bills/bl_2024.html	si	https://documents.gov.lk/view/bills/2024/1/436-2024_S.pdf	436/2024
lk_bills	2024-01-09-2024-01-09-436-2024-en	2024-01-09-436-2024-en	2024-01-09	Penal Code (Amendment) - GS	https://documents.gov.lk/view/bills/bl_2024.html	en	https://documents.gov.lk/view/bills/2024/1/436-2024_E.pdf	436/2024
lk_bills	2024-01-04-2024-01-04-453-2024-ta	2024-01-04-453-2024-ta	2024-01-04	Social Security Contribution Levy (Amendment) - Bill	https://documents.gov.lk/view/bills/bl_2024.html	ta	https://documents.gov.lk/view/bills/2024/1/453-2024_T.pdf	453/2024
lk_bills	2024-01-04-2024-01-04-453-2024-si	2024-01-04-453-2024-si	2024-01-04	Social Security Contribution Levy (Amendment) - Bill	https://documents.gov.lk/view/bills/bl_2024.html	si	https://documents.gov.lk/view/bills/2024/1/453-2024_S.pdf	453/2024
lk_bills	2024-01-04-2024-01-04-453-2024-en	2024-01-04-453-2024-en	2024-01-04	Social Security Contribution Levy (Amendment) - Bill	https://documents.gov.lk/view/bills/bl_2024.html	en	https://documents.gov.lk/view/bills/2024/1/453-2024_E.pdf	453/2024
lk_bills	2024-01-04-2024-01-04-434-2023-ta	2024-01-04-434-2023-ta	2024-01-04	Social Security Contribution Levy (Amendment) - GS	https://documents.gov.lk/view/bills/bl_2024.html	ta	https://documents.gov.lk/view/bills/2024/1/434-2023_T.pdf	434/2023
lk_bills	2024-01-04-2024-01-04-434-2023-si	2024-01-04-434-2023-si	2024-01-04	Social Security Contribution Levy (Amendment) - GS	https://documents.gov.lk/view/bills/bl_2024.html	si	https://documents.gov.lk/view/bills/2024/1/434-2023_S.pdf	434/2023
lk_bills	2024-01-04-2024-01-04-434-2023-en	2024-01-04-434-2023-en	2024-01-04	Social Security Contribution Levy (Amendment) - GS	https://documents.gov.lk/view/bills/bl_2024.html	en	https://documents.gov.lk/view/bills/2024/1/434-2023_E.pdf	434/2023
lk_bills	2024-01-01-2024-01-01-432-2024-ta	2024-01-01-432-2024-ta	2024-01-01	Commission for Truth, Unity and Reconciliation in Sri Lanka - GS	https://documents.gov.lk/view/bills/bl_2024.html	ta	https://documents.gov.lk/view/bills/2024/1/432-2024_T.pdf	432/2024
lk_bills	2024-01-01-2024-01-01-432-2024-si	2024-01-01-432-2024-si	2024-01-01	Commission for Truth, Unity and Reconciliation in Sri Lanka - GS	https://documents.gov.lk/view/bills/bl_2024.html	si	https://documents.gov.lk/view/bills/2024/1/432-2024_S.pdf	432/2024
lk_bills	2024-01-01-2024-01-01-432-2024-en	2024-01-01-432-2024-en	2024-01-01	Commission for Truth, Unity and Reconciliation in Sri Lanka - GS	https://documents.gov.lk/view/bills/bl_2024.html	en	https://documents.gov.lk/view/bills/2024/1/432-2024_E.pdf	432/2024
lk_bills	2023-12-14-2023-12-14-427-2023-ta	2023-12-14-427-2023-ta	2023-12-14	Value Added Tax (Amendment) - GS	https://documents.gov.lk/view/bills/bl_2023.html	ta	https://documents.gov.lk/view/bills/2023/12/427-2023_T.pdf	427/2023
lk_bills	2023-12-14-2023-12-14-427-2023-si	2023-12-14-427-2023-si	2023-12-14	Value Added Tax (Amendment) - GS	https://documents.gov.lk/view/bills/bl_2023.html	si	https://documents.gov.lk/view/bills/2023/12/427-2023_S.pdf	427/2023
lk_bills	2023-12-14-2023-12-14-427-2023-en	2023-12-14-427-2023-en	2023-12-14	Value Added Tax (Amendment) - GS	https://documents.gov.lk/view/bills/bl_2023.html	en	https://documents.gov.lk/view/bills/2023/12/427-2023_E.pdf	427/2023
lk_bills	2023-12-13-2023-12-13-432-2023-ta	2023-12-13-432-2023-ta	2023-12-13	Daham Sewane Singiththo Lama Sanwardana Padanama (Incorporation) - Bill	https://documents.gov.lk/view/bills/bl_2023.html	ta	https://documents.gov.lk/view/bills/2023/12/432-2023_T.pdf	432/2023
lk_bills	2023-12-13-2023-12-13-432-2023-si	2023-12-13-432-2023-si	2023-12-13	Daham Sewane Singiththo Lama Sanwardana Padanama (Incorporation) - Bill	https://documents.gov.lk/view/bills/bl_2023.html	si	https://documents.gov.lk/view/bills/2023/12/432-2023_S.pdf	432/2023
lk_bills	2023-12-13-2023-12-13-432-2023-en	2023-12-13-432-2023-en	2023-12-13	Daham Sewane Singiththo Lama Sanwardana Padanama (Incorporation) - Bill	https://documents.gov.lk/view/bills/bl_2023.html	en	https://documents.gov.lk/view/bills/2023/12/432-2023_E.pdf	432/2023
lk_bills	2023-12-12-2023-12-12-429-2023-ta	2023-12-12-429-2023-ta	2023-12-12	Pragnabandu Scholarship Trust Fund (Incorporation) - Bill	https://documents.gov.lk/view/bills/bl_2023.html	ta	https://documents.gov.lk/view/bills/2023/12/429-2023_T.pdf	429/2023
lk_bills	2023-12-12-2023-12-12-429-2023-si	2023-12-12-429-2023-si	2023-12-12	Pragnabandu Scholarship Trust Fund (Incorporation) - Bill	https://documents.gov.lk/view/bills/bl_2023.html	si	https://documents.gov.lk/view/bills/2023/12/429-2023_S.pdf	429/2023
lk_bills	2023-12-12-2023-12-12-429-2023-en	2023-12-12-429-2023-en	2023-12-12	Pragnabandu Scholarship Trust Fund (Incorporation) - Bill	https://documents.gov.lk/view/bills/bl_2023.html	en	https://documents.gov.lk/view/bills/2023/12/429-2023_E.pdf	429/2023
lk_bills	2023-12-11-2023-12-11-428-2023-ta	2023-12-11-428-2023-ta	2023-12-11	Rajitha Senarathne Foundation (Incorporation) - Bill	https://documents.gov.lk/view/bills/bl_2023.html	ta	https://documents.gov.lk/view/bills/2023/12/428-2023_T.pdf	428/2023
lk_bills	2023-12-11-2023-12-11-428-2023-si	2023-12-11-428-2023-si	2023-12-11	Rajitha Senarathne Foundation (Incorporation) - Bill	https://documents.gov.lk/view/bills/bl_2023.html	si	https://documents.gov.lk/view/bills/2023/12/428-2023_S.pdf	428/2023
lk_bills	2023-12-11-2023-12-11-428-2023-en	2023-12-11-428-2023-en	2023-12-11	Rajitha Senarathne Foundation (Incorporation) - Bill	https://documents.gov.lk/view/bills/bl_2023.html	en	https://documents.gov.lk/view/bills/2023/12/428-2023_E.pdf	428/2023
lk_bills	2023-12-07-2023-12-07-431-2023-ta	2023-12-07-431-2023-ta	2023-12-07	Prevention of Frauds (Amendment) - Bill	https://documents.gov.lk/view/bills/bl_2023.html	ta	https://documents.gov.lk/view/bills/2023/12/431-2023_T.pdf	431/2023
lk_bills	2023-12-07-2023-12-07-431-2023-si	2023-12-07-431-2023-si	2023-12-07	Prevention of Frauds (Amendment) - Bill	https://documents.gov.lk/view/bills/bl_2023.html	si	https://documents.gov.lk/view/bills/2023/12/431-2023_S.pdf	431/2023
lk_bills	2023-12-07-2023-12-07-431-2023-en	2023-12-07-431-2023-en	2023-12-07	Prevention of Frauds (Amendment) - Bill	https://documents.gov.lk/view/bills/bl_2023.html	en	https://documents.gov.lk/view/bills/2023/12/431-2023_E.pdf	431/2023
lk_bills	2023-12-07-2023-12-07-430-2023-ta	2023-12-07-430-2023-ta	2023-12-07	Notaries (Amendment) - Bill	https://documents.gov.lk/view/bills/bl_2023.html	ta	https://documents.gov.lk/view/bills/2023/12/430-2023_T.pdf	430/2023
lk_bills	2023-12-07-2023-12-07-430-2023-si	2023-12-07-430-2023-si	2023-12-07	Notaries (Amendment) - Bill	https://documents.gov.lk/view/bills/bl_2023.html	si	https://documents.gov.lk/view/bills/2023/12/430-2023_S.pdf	430/2023
lk_bills	2023-12-07-2023-12-07-430-2023-en	2023-12-07-430-2023-en	2023-12-07	Notaries (Amendment) - Bill	https://documents.gov.lk/view/bills/bl_2023.html	en	https://documents.gov.lk/view/bills/2023/12/430-2023_E.pdf	430/2023
lk_bills	2023-12-07-2023-12-07-423-2023-ta	2023-12-07-423-2023-ta	2023-12-07	Vanni Mann Charity Foundation (Incorporation) - Bill	https://documents.gov.lk/view/bills/bl_2023.html	ta	https://documents.gov.lk/view/bills/2023/12/423-2023_T.pdf	423/2023
lk_bills	2023-12-07-2023-12-07-423-2023-si	2023-12-07-423-2023-si	2023-12-07	Vanni Mann Charity Foundation (Incorporation) - Bill	https://documents.gov.lk/view/bills/bl_2023.html	si	https://documents.gov.lk/view/bills/2023/12/423-2023_S.pdf	423/2023
lk_bills	2023-12-07-2023-12-07-423-2023-en	2023-12-07-423-2023-en	2023-12-07	Vanni Mann Charity Foundation (Incorporation) - Bill	https://documents.gov.lk/view/bills/bl_2023.html	en	https://documents.gov.lk/view/bills/2023/12/423-2023_E.pdf	423/2023
lk_bills	2023-12-05-2023-12-05-422-2023-ta	2023-12-05-422-2023-ta	2023-12-05	Pragnabandu Scholarship Trust Fund (Incorporation) - GS	https://documents.gov.lk/view/bills/bl_2023.html	ta	https://documents.gov.lk/view/bills/2023/12/422-2023_T.pdf	422/2023
lk_bills	2023-12-05-2023-12-05-422-2023-si	2023-12-05-422-2023-si	2023-12-05	Pragnabandu Scholarship Trust Fund (Incorporation) - GS	https://documents.gov.lk/view/bills/bl_2023.html	si	https://documents.gov.lk/view/bills/2023/12/422-2023_S.pdf	422/2023
lk_bills	2023-12-05-2023-12-05-422-2023-en	2023-12-05-422-2023-en	2023-12-05	Pragnabandu Scholarship Trust Fund (Incorporation) - GS	https://documents.gov.lk/view/bills/bl_2023.html	en	https://documents.gov.lk/view/bills/2023/12/422-2023_E.pdf	422/2023
lk_bills	2023-12-05-2023-12-05-421-2023-ta	2023-12-05-421-2023-ta	2023-12-05	Daham Sewane Singiththo Lama Sanwardana - GS	https://documents.gov.lk/view/bills/bl_2023.html	ta	https://documents.gov.lk/view/bills/2023/12/421-2023_T.pdf	421/2023
lk_bills	2023-12-05-2023-12-05-421-2023-si	2023-12-05-421-2023-si	2023-12-05	Daham Sewane Singiththo Lama Sanwardana - GS	https://documents.gov.lk/view/bills/bl_2023.html	si	https://documents.gov.lk/view/bills/2023/12/421-2023_S.pdf	421/2023
lk_bills	2023-12-05-2023-12-05-421-2023-en	2023-12-05-421-2023-en	2023-12-05	Daham Sewane Singiththo Lama Sanwardana - GS	https://documents.gov.lk/view/bills/bl_2023.html	en	https://documents.gov.lk/view/bills/2023/12/421-2023_E.pdf	421/2023
lk_bills	2023-12-05-2023-12-05-419-2023-si	2023-12-05-419-2023-si	2023-12-05	Sri Lanka Electricity - GS	https://documents.gov.lk/view/bills/bl_2023.html	si	https://documents.gov.lk/view/bills/2023/12/419-2023_S.pdf	419/2023
lk_bills	2023-12-05-2023-12-05-419-2023-en	2023-12-05-419-2023-en	2023-12-05	Sri Lanka Electricity - GS	https://documents.gov.lk/view/bills/bl_2023.html	en	https://documents.gov.lk/view/bills/2023/12/419-2023_E.pdf	419/2023
lk_bills	2023-12-04-2023-12-04-420-2023-ta	2023-12-04-420-2023-ta	2023-12-04	Malaiyagha Student Higher Education Fund (Incorporation) - Bill	https://documents.gov.lk/view/bills/bl_2023.html	ta	https://documents.gov.lk/view/bills/2023/12/420-2023_T.pdf	420/2023
lk_bills	2023-12-04-2023-12-04-420-2023-si	2023-12-04-420-2023-si	2023-12-04	Malaiyagha Student Higher Education Fund (Incorporation) - Bill	https://documents.gov.lk/view/bills/bl_2023.html	si	https://documents.gov.lk/view/bills/2023/12/420-2023_S.pdf	420/2023
lk_bills	2023-12-04-2023-12-04-420-2023-en	2023-12-04-420-2023-en	2023-12-04	Malaiyagha Student Higher Education Fund (Incorporation) - Bill	https://documents.gov.lk/view/bills/bl_2023.html	en	https://documents.gov.lk/view/bills/2023/12/420-2023_E.pdf	420/2023
lk_bills	2023-11-29-2023-11-29-417-2023-ta	2023-11-29-417-2023-ta	2023-11-29	Powers of Attorney (Amendment) - Bill	https://documents.gov.lk/view/bills/bl_2023.html	ta	https://documents.gov.lk/view/bills/2023/11/417-2023_T.pdf	417/2023
lk_bills	2023-11-29-2023-11-29-417-2023-si	2023-11-29-417-2023-si	2023-11-29	Powers of Attorney (Amendment) - Bill	https://documents.gov.lk/view/bills/bl_2023.html	si	https://documents.gov.lk/view/bills/2023/11/417-2023_S.pdf	417/2023
lk_bills	2023-11-29-2023-11-29-417-2023-en	2023-11-29-417-2023-en	2023-11-29	Powers of Attorney (Amendment) - Bill	https://documents.gov.lk/view/bills/bl_2023.html	en	https://documents.gov.lk/view/bills/2023/11/417-2023_E.pdf	417/2023
lk_bills	2023-11-29-2023-11-29-416-2023-ta	2023-11-29-416-2023-ta	2023-11-29	Prevention of Frauds (Amendment) - GS	https://documents.gov.lk/view/bills/bl_2023.html	ta	https://documents.gov.lk/view/bills/2023/11/416-2023_T.pdf	416/2023
lk_bills	2023-11-29-2023-11-29-416-2023-si	2023-11-29-416-2023-si	2023-11-29	Prevention of Frauds (Amendment) - GS	https://documents.gov.lk/view/bills/bl_2023.html	si	https://documents.gov.lk/view/bills/2023/11/416-2023_S.pdf	416/2023
lk_bills	2023-11-29-2023-11-29-416-2023-en	2023-11-29-416-2023-en	2023-11-29	Prevention of Frauds (Amendment) - GS	https://documents.gov.lk/view/bills/bl_2023.html	en	https://documents.gov.lk/view/bills/2023/11/416-2023_E.pdf	416/2023
lk_bills	2023-11-29-2023-11-29-415-2023-ta	2023-11-29-415-2023-ta	2023-11-29	Notaries (Amendment) - GS	https://documents.gov.lk/view/bills/bl_2023.html	ta	https://documents.gov.lk/view/bills/2023/11/415-2023_T.pdf	415/2023
lk_bills	2023-11-29-2023-11-29-415-2023-si	2023-11-29-415-2023-si	2023-11-29	Notaries (Amendment) - GS	https://documents.gov.lk/view/bills/bl_2023.html	si	https://documents.gov.lk/view/bills/2023/11/415-2023_S.pdf	415/2023
lk_bills	2023-11-29-2023-11-29-415-2023-en	2023-11-29-415-2023-en	2023-11-29	Notaries (Amendment) - GS	https://documents.gov.lk/view/bills/bl_2023.html	en	https://documents.gov.lk/view/bills/2023/11/415-2023_E.pdf	415/2023
lk_bills	2023-11-28-2023-11-28-414-2023-ta	2023-11-28-414-2023-ta	2023-11-28	Shop and Office Employees (Regulation of Employment and Remuneration) (Amendment) - GS	https://documents.gov.lk/view/bills/bl_2023.html	ta	https://documents.gov.lk/view/bills/2023/11/414-2023_T.pdf	414/2023
lk_bills	2023-11-28-2023-11-28-414-2023-si	2023-11-28-414-2023-si	2023-11-28	Shop and Office Employees (Regulation of Employment and Remuneration) (Amendment) - GS	https://documents.gov.lk/view/bills/bl_2023.html	si	https://documents.gov.lk/view/bills/2023/11/414-2023_S.pdf	414/2023
lk_bills	2023-11-28-2023-11-28-414-2023-en	2023-11-28-414-2023-en	2023-11-28	Shop and Office Employees (Regulation of Employment and Remuneration) (Amendment) - GS	https://documents.gov.lk/view/bills/bl_2023.html	en	https://documents.gov.lk/view/bills/2023/11/414-2023_E.pdf	414/2023
lk_bills	2023-11-24-2023-11-24-413-2023-ta	2023-11-24-413-2023-ta	2023-11-24	Vanni Mann Charity Foundation (Incorporation) - GS	https://documents.gov.lk/view/bills/bl_2023.html	ta	https://documents.gov.lk/view/bills/2023/11/413-2023_T.pdf	413/2023
lk_bills	2023-11-24-2023-11-24-413-2023-si	2023-11-24-413-2023-si	2023-11-24	Vanni Mann Charity Foundation (Incorporation) - GS	https://documents.gov.lk/view/bills/bl_2023.html	si	https://documents.gov.lk/view/bills/2023/11/413-2023_S.pdf	413/2023
lk_bills	2023-11-24-2023-11-24-413-2023-en	2023-11-24-413-2023-en	2023-11-24	Vanni Mann Charity Foundation (Incorporation) - GS	https://documents.gov.lk/view/bills/bl_2023.html	en	https://documents.gov.lk/view/bills/2023/11/413-2023_E.pdf	413/2023
lk_bills	2023-11-24-2023-11-24-412-2023-ta	2023-11-24-412-2023-ta	2023-11-24	Malaiyagha Student Higher Education Fund (Incorporation) - GS	https://documents.gov.lk/view/bills/bl_2023.html	ta	https://documents.gov.lk/view/bills/2023/11/412-2023_T.pdf	412/2023
lk_bills	2023-11-24-2023-11-24-412-2023-si	2023-11-24-412-2023-si	2023-11-24	Malaiyagha Student Higher Education Fund (Incorporation) - GS	https://documents.gov.lk/view/bills/bl_2023.html	si	https://documents.gov.lk/view/bills/2023/11/412-2023_S.pdf	412/2023
lk_bills	2023-11-24-2023-11-24-412-2023-en	2023-11-24-412-2023-en	2023-11-24	Malaiyagha Student Higher Education Fund (Incorporation) - GS	https://documents.gov.lk/view/bills/bl_2023.html	en	https://documents.gov.lk/view/bills/2023/11/412-2023_E.pdf	412/2023
lk_bills	2023-11-15-2023-11-15-426-2023-ta	2023-11-15-426-2023-ta	2023-11-15	Yohan Pathirana Foundation (Incorporation) - Bill	https://documents.gov.lk/view/bills/bl_2023.html	ta	https://documents.gov.lk/view/bills/2023/11/426-2023_T.pdf	426/2023
lk_bills	2023-11-15-2023-11-15-426-2023-si	2023-11-15-426-2023-si	2023-11-15	Yohan Pathirana Foundation (Incorporation) - Bill	https://documents.gov.lk/view/bills/bl_2023.html	si	https://documents.gov.lk/view/bills/2023/11/426-2023_S.pdf	426/2023
lk_bills	2023-11-15-2023-11-15-426-2023-en	2023-11-15-426-2023-en	2023-11-15	Yohan Pathirana Foundation (Incorporation) - Bill	https://documents.gov.lk/view/bills/bl_2023.html	en	https://documents.gov.lk/view/bills/2023/11/426-2023_E.pdf	426/2023
lk_bills	2023-11-15-2023-11-15-411-2023-ta	2023-11-15-411-2023-ta	2023-11-15	Powers of Attorney (Amendment) - GS	https://documents.gov.lk/view/bills/bl_2023.html	ta	https://documents.gov.lk/view/bills/2023/11/411-2023_T.pdf	411/2023
lk_bills	2023-11-15-2023-11-15-411-2023-si	2023-11-15-411-2023-si	2023-11-15	Powers of Attorney (Amendment) - GS	https://documents.gov.lk/view/bills/bl_2023.html	si	https://documents.gov.lk/view/bills/2023/11/411-2023_S.pdf	411/2023
lk_bills	2023-11-15-2023-11-15-411-2023-en	2023-11-15-411-2023-en	2023-11-15	Powers of Attorney (Amendment) - GS	https://documents.gov.lk/view/bills/bl_2023.html	en	https://documents.gov.lk/view/bills/2023/11/411-2023_E.pdf	411/2023
lk_bills	2023-11-13-2023-11-13-410-2023-ta	2023-11-13-410-2023-ta	2023-11-13	Rajitha Senarathne Foundation (Incorporation) - GS	https://documents.gov.lk/view/bills/bl_2023.html	ta	https://documents.gov.lk/view/bills/2023/11/410-2023_T.pdf	410/2023
lk_bills	2023-11-13-2023-11-13-410-2023-si	2023-11-13-410-2023-si	2023-11-13	Rajitha Senarathne Foundation (Incorporation) - GS	https://documents.gov.lk/view/bills/bl_2023.html	si	https://documents.gov.lk/view/bills/2023/11/410-2023_S.pdf	410/2023
lk_bills	2023-11-13-2023-11-13-410-2023-en	2023-11-13-410-2023-en	2023-11-13	Rajitha Senarathne Foundation (Incorporation) - GS	https://documents.gov.lk/view/bills/bl_2023.html	en	https://documents.gov.lk/view/bills/2023/11/410-2023_E.pdf	410/2023
lk_bills	2023-11-11-2023-11-11-425-2023-ta	2023-11-11-425-2023-ta	2023-11-11	S O S Children's Village of Sri Lanka Organization (Incorporation) - Bill	https://documents.gov.lk/view/bills/bl_2023.html	ta	https://documents.gov.lk/view/bills/2023/11/425-2023_T.pdf	425/2023
lk_bills	2023-11-11-2023-11-11-425-2023-si	2023-11-11-425-2023-si	2023-11-11	S O S Children's Village of Sri Lanka Organization (Incorporation) - Bill	https://documents.gov.lk/view/bills/bl_2023.html	si	https://documents.gov.lk/view/bills/2023/11/425-2023_S.pdf	425/2023
lk_bills	2023-11-11-2023-11-11-425-2023-en	2023-11-11-425-2023-en	2023-11-11	S O S Children's Village of Sri Lanka Organization (Incorporation) - Bill	https://documents.gov.lk/view/bills/bl_2023.html	en	https://documents.gov.lk/view/bills/2023/11/425-2023_E.pdf	425/2023
lk_bills	2023-11-11-2023-11-11-424-2023-ta	2023-11-11-424-2023-ta	2023-11-11	My Dream Jaffna Foundation (Incorporation) - Bill	https://documents.gov.lk/view/bills/bl_2023.html	ta	https://documents.gov.lk/view/bills/2023/11/424-2023_T.pdf	424/2023
lk_bills	2023-11-11-2023-11-11-424-2023-si	2023-11-11-424-2023-si	2023-11-11	My Dream Jaffna Foundation (Incorporation) - Bill	https://documents.gov.lk/view/bills/bl_2023.html	si	https://documents.gov.lk/view/bills/2023/11/424-2023_S.pdf	424/2023
lk_bills	2023-11-11-2023-11-11-424-2023-en	2023-11-11-424-2023-en	2023-11-11	My Dream Jaffna Foundation (Incorporation) - Bill	https://documents.gov.lk/view/bills/bl_2023.html	en	https://documents.gov.lk/view/bills/2023/11/424-2023_E.pdf	424/2023
lk_bills	2023-11-10-2023-11-10-409-2023-ta	2023-11-10-409-2023-ta	2023-11-10	Inland Trust Receipts (Amendment) - GS	https://documents.gov.lk/view/bills/bl_2023.html	ta	https://documents.gov.lk/view/bills/2023/11/409-2023_T.pdf	409/2023
lk_bills	2023-11-10-2023-11-10-409-2023-si	2023-11-10-409-2023-si	2023-11-10	Inland Trust Receipts (Amendment) - GS	https://documents.gov.lk/view/bills/bl_2023.html	si	https://documents.gov.lk/view/bills/2023/11/409-2023_S.pdf	409/2023
lk_bills	2023-11-10-2023-11-10-409-2023-en	2023-11-10-409-2023-en	2023-11-10	Inland Trust Receipts (Amendment) - GS	https://documents.gov.lk/view/bills/bl_2023.html	en	https://documents.gov.lk/view/bills/2023/11/409-2023_E.pdf	409/2023
lk_bills	2023-11-10-2023-11-10-408-2023-ta	2023-11-10-408-2023-ta	2023-11-10	Finance Leasing (Amendment) - GS	https://documents.gov.lk/view/bills/bl_2023.html	ta	https://documents.gov.lk/view/bills/2023/11/408-2023_T.pdf	408/2023
lk_bills	2023-11-10-2023-11-10-408-2023-si	2023-11-10-408-2023-si	2023-11-10	Finance Leasing (Amendment) - GS	https://documents.gov.lk/view/bills/bl_2023.html	si	https://documents.gov.lk/view/bills/2023/11/408-2023_S.pdf	408/2023
lk_bills	2023-11-10-2023-11-10-408-2023-en	2023-11-10-408-2023-en	2023-11-10	Finance Leasing (Amendment) - GS	https://documents.gov.lk/view/bills/bl_2023.html	en	https://documents.gov.lk/view/bills/2023/11/408-2023_E.pdf	408/2023
lk_bills	2023-11-10-2023-11-10-407-2023-ta	2023-11-10-407-2023-ta	2023-11-10	Mortgage (Amendment) - GS	https://documents.gov.lk/view/bills/bl_2023.html	ta	https://documents.gov.lk/view/bills/2023/11/407-2023_T.pdf	407/2023
lk_bills	2023-11-10-2023-11-10-407-2023-si	2023-11-10-407-2023-si	2023-11-10	Mortgage (Amendment) - GS	https://documents.gov.lk/view/bills/bl_2023.html	si	https://documents.gov.lk/view/bills/2023/11/407-2023_S.pdf	407/2023
lk_bills	2023-11-10-2023-11-10-407-2023-en	2023-11-10-407-2023-en	2023-11-10	Mortgage (Amendment) - GS	https://documents.gov.lk/view/bills/bl_2023.html	en	https://documents.gov.lk/view/bills/2023/11/407-2023_E.pdf	407/2023
lk_bills	2023-11-10-2023-11-10-406-2023-ta	2023-11-10-406-2023-ta	2023-11-10	Companies (Amendment) - GS	https://documents.gov.lk/view/bills/bl_2023.html	ta	https://documents.gov.lk/view/bills/2023/11/406-2023_T.pdf	406/2023
lk_bills	2023-11-10-2023-11-10-406-2023-si	2023-11-10-406-2023-si	2023-11-10	Companies (Amendment) - GS	https://documents.gov.lk/view/bills/bl_2023.html	si	https://documents.gov.lk/view/bills/2023/11/406-2023_S.pdf	406/2023
lk_bills	2023-11-10-2023-11-10-406-2023-en	2023-11-10-406-2023-en	2023-11-10	Companies (Amendment) - GS	https://documents.gov.lk/view/bills/bl_2023.html	en	https://documents.gov.lk/view/bills/2023/11/406-2023_E.pdf	406/2023
lk_bills	2023-11-10-2023-11-10-405-2023-ta	2023-11-10-405-2023-ta	2023-11-10	Trust Receipts (Amendment) - GS	https://documents.gov.lk/view/bills/bl_2023.html	ta	https://documents.gov.lk/view/bills/2023/11/405-2023_T.pdf	405/2023
lk_bills	2023-11-10-2023-11-10-405-2023-si	2023-11-10-405-2023-si	2023-11-10	Trust Receipts (Amendment) - GS	https://documents.gov.lk/view/bills/bl_2023.html	si	https://documents.gov.lk/view/bills/2023/11/405-2023_S.pdf	405/2023
lk_bills	2023-11-10-2023-11-10-405-2023-en	2023-11-10-405-2023-en	2023-11-10	Trust Receipts (Amendment) - GS	https://documents.gov.lk/view/bills/bl_2023.html	en	https://documents.gov.lk/view/bills/2023/11/405-2023_E.pdf	405/2023
lk_bills	2023-11-10-2023-11-10-404-2023-ta	2023-11-10-404-2023-ta	2023-11-10	Prescription (Amendment) - GS	https://documents.gov.lk/view/bills/bl_2023.html	ta	https://documents.gov.lk/view/bills/2023/11/404-2023_T.pdf	404/2023
lk_bills	2023-11-10-2023-11-10-404-2023-si	2023-11-10-404-2023-si	2023-11-10	Prescription (Amendment) - GS	https://documents.gov.lk/view/bills/bl_2023.html	si	https://documents.gov.lk/view/bills/2023/11/404-2023_S.pdf	404/2023
lk_bills	2023-11-10-2023-11-10-404-2023-en	2023-11-10-404-2023-en	2023-11-10	Prescription (Amendment) - GS	https://documents.gov.lk/view/bills/bl_2023.html	en	https://documents.gov.lk/view/bills/2023/11/404-2023_E.pdf	404/2023
lk_bills	2023-11-10-2023-11-10-403-2023-ta	2023-11-10-403-2023-ta	2023-11-10	Secured Transactions - GS	https://documents.gov.lk/view/bills/bl_2023.html	ta	https://documents.gov.lk/view/bills/2023/11/403-2023_T.pdf	403/2023
lk_bills	2023-11-10-2023-11-10-403-2023-si	2023-11-10-403-2023-si	2023-11-10	Secured Transactions - GS	https://documents.gov.lk/view/bills/bl_2023.html	si	https://documents.gov.lk/view/bills/2023/11/403-2023_S.pdf	403/2023
lk_bills	2023-11-10-2023-11-10-403-2023-en	2023-11-10-403-2023-en	2023-11-10	Secured Transactions - GS	https://documents.gov.lk/view/bills/bl_2023.html	en	https://documents.gov.lk/view/bills/2023/11/403-2023_E.pdf	403/2023
lk_bills	2023-11-10-2023-11-10-402-2023-ta	2023-11-10-402-2023-ta	2023-11-10	Registration of Documents (Amendment) - GS	https://documents.gov.lk/view/bills/bl_2023.html	ta	https://documents.gov.lk/view/bills/2023/11/402-2023_T.pdf	402/2023
lk_bills	2023-11-10-2023-11-10-402-2023-si	2023-11-10-402-2023-si	2023-11-10	Registration of Documents (Amendment) - GS	https://documents.gov.lk/view/bills/bl_2023.html	si	https://documents.gov.lk/view/bills/2023/11/402-2023_S.pdf	402/2023
lk_bills	2023-11-10-2023-11-10-402-2023-en	2023-11-10-402-2023-en	2023-11-10	Registration of Documents (Amendment) - GS	https://documents.gov.lk/view/bills/bl_2023.html	en	https://documents.gov.lk/view/bills/2023/11/402-2023_E.pdf	402/2023
lk_bills	2023-11-08-2023-11-08-435-2023-ta	2023-11-08-435-2023-ta	2023-11-08	Mediation (Amendment) - Bill	https://documents.gov.lk/view/bills/bl_2023.html	ta	https://documents.gov.lk/view/bills/2023/11/435-2023_T.pdf	435/2023
lk_bills	2023-11-08-2023-11-08-435-2023-si	2023-11-08-435-2023-si	2023-11-08	Mediation (Amendment) - Bill	https://documents.gov.lk/view/bills/bl_2023.html	si	https://documents.gov.lk/view/bills/2023/11/435-2023_S.pdf	435/2023
lk_bills	2023-11-08-2023-11-08-435-2023-en	2023-11-08-435-2023-en	2023-11-08	Mediation (Amendment) - Bill	https://documents.gov.lk/view/bills/bl_2023.html	en	https://documents.gov.lk/view/bills/2023/11/435-2023_E.pdf	435/2023
lk_bills	2023-11-07-2023-11-07-433-2023-ta	2023-11-07-433-2023-ta	2023-11-07	The Recognition and Enforcement of International Settlement Agreements Resulting from Mediation - Bill	https://documents.gov.lk/view/bills/bl_2023.html	ta	https://documents.gov.lk/view/bills/2023/11/433-2023_T.pdf	433/2023
lk_bills	2023-11-07-2023-11-07-433-2023-si	2023-11-07-433-2023-si	2023-11-07	The Recognition and Enforcement of International Settlement Agreements Resulting from Mediation - Bill	https://documents.gov.lk/view/bills/bl_2023.html	si	https://documents.gov.lk/view/bills/2023/11/433-2023_S.pdf	433/2023
lk_bills	2023-11-07-2023-11-07-433-2023-en	2023-11-07-433-2023-en	2023-11-07	The Recognition and Enforcement of International Settlement Agreements Resulting from Mediation - Bill	https://documents.gov.lk/view/bills/bl_2023.html	en	https://documents.gov.lk/view/bills/2023/11/433-2023_E.pdf	433/2023
lk_bills	2023-11-07-2023-11-07-401-2023-ta	2023-11-07-401-2023-ta	2023-11-07	Yohan Pathirana Foundation (Incorporation) - GS	https://documents.gov.lk/view/bills/bl_2023.html	ta	https://documents.gov.lk/view/bills/2023/11/401-2023_T.pdf	401/2023
lk_bills	2023-11-07-2023-11-07-401-2023-si	2023-11-07-401-2023-si	2023-11-07	Yohan Pathirana Foundation (Incorporation) - GS	https://documents.gov.lk/view/bills/bl_2023.html	si	https://documents.gov.lk/view/bills/2023/11/401-2023_S.pdf	401/2023
lk_bills	2023-11-07-2023-11-07-401-2023-en	2023-11-07-401-2023-en	2023-11-07	Yohan Pathirana Foundation (Incorporation) - GS	https://documents.gov.lk/view/bills/bl_2023.html	en	https://documents.gov.lk/view/bills/2023/11/401-2023_E.pdf	401/2023
lk_bills	2023-11-03-2023-11-03-400-2023-ta	2023-11-03-400-2023-ta	2023-11-03	Mohan Ellawala Social Development Foundation - GS	https://documents.gov.lk/view/bills/bl_2023.html	ta	https://documents.gov.lk/view/bills/2023/11/400-2023_T.pdf	400/2023
lk_bills	2023-11-03-2023-11-03-400-2023-si	2023-11-03-400-2023-si	2023-11-03	Mohan Ellawala Social Development Foundation - GS	https://documents.gov.lk/view/bills/bl_2023.html	si	https://documents.gov.lk/view/bills/2023/11/400-2023_S.pdf	400/2023
lk_bills	2023-11-03-2023-11-03-400-2023-en	2023-11-03-400-2023-en	2023-11-03	Mohan Ellawala Social Development Foundation - GS	https://documents.gov.lk/view/bills/bl_2023.html	en	https://documents.gov.lk/view/bills/2023/11/400-2023_E.pdf	400/2023
lk_bills	2023-10-31-2023-10-31-399-2023-ta	2023-10-31-399-2023-ta	2023-10-31	SOS Children's Village of Sri Lanka Organization (Incorporation) - GS	https://documents.gov.lk/view/bills/bl_2023.html	ta	https://documents.gov.lk/view/bills/2023/10/399-2023_T.pdf	399/2023
lk_bills	2023-10-31-2023-10-31-399-2023-si	2023-10-31-399-2023-si	2023-10-31	SOS Children's Village of Sri Lanka Organization (Incorporation) - GS	https://documents.gov.lk/view/bills/bl_2023.html	si	https://documents.gov.lk/view/bills/2023/10/399-2023_S.pdf	399/2023
lk_bills	2023-10-31-2023-10-31-399-2023-en	2023-10-31-399-2023-en	2023-10-31	SOS Children's Village of Sri Lanka Organization (Incorporation) - GS	https://documents.gov.lk/view/bills/bl_2023.html	en	https://documents.gov.lk/view/bills/2023/10/399-2023_E.pdf	399/2023
lk_bills	2023-10-30-2023-10-30-398-2023-ta	2023-10-30-398-2023-ta	2023-10-30	Microfinance and Credit Regulatory Authority - GS	https://documents.gov.lk/view/bills/bl_2023.html	ta	https://documents.gov.lk/view/bills/2023/10/398-2023_T.pdf	398/2023
lk_bills	2023-10-30-2023-10-30-398-2023-si	2023-10-30-398-2023-si	2023-10-30	Microfinance and Credit Regulatory Authority - GS	https://documents.gov.lk/view/bills/bl_2023.html	si	https://documents.gov.lk/view/bills/2023/10/398-2023_S.pdf	398/2023
lk_bills	2023-10-30-2023-10-30-398-2023-en	2023-10-30-398-2023-en	2023-10-30	Microfinance and Credit Regulatory Authority - GS	https://documents.gov.lk/view/bills/bl_2023.html	en	https://documents.gov.lk/view/bills/2023/10/398-2023_E.pdf	398/2023
lk_bills	2023-10-30-2023-10-30-396-2023-ta	2023-10-30-396-2023-ta	2023-10-30	My Dream Jaffna Foundation (Incorporation) - GS	https://documents.gov.lk/view/bills/bl_2023.html	ta	https://documents.gov.lk/view/bills/2023/10/396-2023_T.pdf	396/2023
lk_bills	2023-10-30-2023-10-30-396-2023-si	2023-10-30-396-2023-si	2023-10-30	My Dream Jaffna Foundation (Incorporation) - GS	https://documents.gov.lk/view/bills/bl_2023.html	si	https://documents.gov.lk/view/bills/2023/10/396-2023_S.pdf	396/2023
lk_bills	2023-10-30-2023-10-30-396-2023-en	2023-10-30-396-2023-en	2023-10-30	My Dream Jaffna Foundation (Incorporation) - GS	https://documents.gov.lk/view/bills/bl_2023.html	en	https://documents.gov.lk/view/bills/2023/10/396-2023_E.pdf	396/2023
lk_bills	2023-10-24-2023-10-24-393-2023-ta	2023-10-24-393-2023-ta	2023-10-24	Mediation (Amendment) - GS	https://documents.gov.lk/view/bills/bl_2023.html	ta	https://documents.gov.lk/view/bills/2023/10/393-2023_T.pdf	393/2023
lk_bills	2023-10-24-2023-10-24-393-2023-si	2023-10-24-393-2023-si	2023-10-24	Mediation (Amendment) - GS	https://documents.gov.lk/view/bills/bl_2023.html	si	https://documents.gov.lk/view/bills/2023/10/393-2023_S.pdf	393/2023
lk_bills	2023-10-24-2023-10-24-393-2023-en	2023-10-24-393-2023-en	2023-10-24	Mediation (Amendment) - GS	https://documents.gov.lk/view/bills/bl_2023.html	en	https://documents.gov.lk/view/bills/2023/10/393-2023_E.pdf	393/2023
lk_bills	2023-10-20-2023-10-20-397-2023-ta	2023-10-20-397-2023-ta	2023-10-20	National Hydrographic - Bill	https://documents.gov.lk/view/bills/bl_2023.html	ta	https://documents.gov.lk/view/bills/2023/10/397-2023_T.pdf	397/2023
lk_bills	2023-10-20-2023-10-20-397-2023-si	2023-10-20-397-2023-si	2023-10-20	National Hydrographic - Bill	https://documents.gov.lk/view/bills/bl_2023.html	si	https://documents.gov.lk/view/bills/2023/10/397-2023_S.pdf	397/2023
lk_bills	2023-10-20-2023-10-20-397-2023-en	2023-10-20-397-2023-en	2023-10-20	National Hydrographic - Bill	https://documents.gov.lk/view/bills/bl_2023.html	en	https://documents.gov.lk/view/bills/2023/10/397-2023_E.pdf	397/2023
lk_bills	2023-10-20-2023-10-20-392-2023-ta	2023-10-20-392-2023-ta	2023-10-20	Anti-Corruption (Amendment) - Bill	https://documents.gov.lk/view/bills/bl_2023.html	ta	https://documents.gov.lk/view/bills/2023/10/392-2023_T.pdf	392/2023
lk_bills	2023-10-20-2023-10-20-392-2023-si	2023-10-20-392-2023-si	2023-10-20	Anti-Corruption (Amendment) - Bill	https://documents.gov.lk/view/bills/bl_2023.html	si	https://documents.gov.lk/view/bills/2023/10/392-2023_S.pdf	392/2023
lk_bills	2023-10-20-2023-10-20-392-2023-en	2023-10-20-392-2023-en	2023-10-20	Anti-Corruption (Amendment) - Bill	https://documents.gov.lk/view/bills/bl_2023.html	en	https://documents.gov.lk/view/bills/2023/10/392-2023_E.pdf	392/2023
lk_bills	2023-10-18-2023-10-18-390-2023-ta	2023-10-18-390-2023-ta	2023-10-18	Finance - Bill	https://documents.gov.lk/view/bills/bl_2023.html	ta	https://documents.gov.lk/view/bills/2023/10/390-2023_T.pdf	390/2023
lk_bills	2023-10-18-2023-10-18-390-2023-si	2023-10-18-390-2023-si	2023-10-18	Finance - Bill	https://documents.gov.lk/view/bills/bl_2023.html	si	https://documents.gov.lk/view/bills/2023/10/390-2023_S.pdf	390/2023
lk_bills	2023-10-18-2023-10-18-390-2023-en	2023-10-18-390-2023-en	2023-10-18	Finance - Bill	https://documents.gov.lk/view/bills/bl_2023.html	en	https://documents.gov.lk/view/bills/2023/10/390-2023_E.pdf	390/2023
lk_bills	2023-10-17-2023-10-17-395-2023-ta	2023-10-17-395-2023-ta	2023-10-17	Office for National Unity and Reconciliation - Bill	https://documents.gov.lk/view/bills/bl_2023.html	ta	https://documents.gov.lk/view/bills/2023/10/395-2023_T.pdf	395/2023
lk_bills	2023-10-17-2023-10-17-395-2023-si	2023-10-17-395-2023-si	2023-10-17	Office for National Unity and Reconciliation - Bill	https://documents.gov.lk/view/bills/bl_2023.html	si	https://documents.gov.lk/view/bills/2023/10/395-2023_S.pdf	395/2023
lk_bills	2023-10-17-2023-10-17-395-2023-en	2023-10-17-395-2023-en	2023-10-17	Office for National Unity and Reconciliation - Bill	https://documents.gov.lk/view/bills/bl_2023.html	en	https://documents.gov.lk/view/bills/2023/10/395-2023_E.pdf	395/2023
lk_bills	2023-10-16-2023-10-16-389-2023-ta	2023-10-16-389-2023-ta	2023-10-16	The Recognition and Enforcement of International Settlement Agreements - GS	https://documents.gov.lk/view/bills/bl_2023.html	ta	https://documents.gov.lk/view/bills/2023/10/389-2023_T.pdf	389/2023
lk_bills	2023-10-16-2023-10-16-389-2023-si	2023-10-16-389-2023-si	2023-10-16	The Recognition and Enforcement of International Settlement Agreements - GS	https://documents.gov.lk/view/bills/bl_2023.html	si	https://documents.gov.lk/view/bills/2023/10/389-2023_S.pdf	389/2023
lk_bills	2023-10-16-2023-10-16-389-2023-en	2023-10-16-389-2023-en	2023-10-16	The Recognition and Enforcement of International Settlement Agreements - GS	https://documents.gov.lk/view/bills/bl_2023.html	en	https://documents.gov.lk/view/bills/2023/10/389-2023_E.pdf	389/2023
lk_bills	2023-10-12-2023-10-12-288-2023-ta	2023-10-12-288-2023-ta	2023-10-12	National Hydrographic - GS	https://documents.gov.lk/view/bills/bl_2023.html	ta	https://documents.gov.lk/view/bills/2023/10/288-2023_T.pdf	288/2023
lk_bills	2023-10-12-2023-10-12-288-2023-si	2023-10-12-288-2023-si	2023-10-12	National Hydrographic - GS	https://documents.gov.lk/view/bills/bl_2023.html	si	https://documents.gov.lk/view/bills/2023/10/288-2023_S.pdf	288/2023
lk_bills	2023-10-12-2023-10-12-288-2023-en	2023-10-12-288-2023-en	2023-10-12	National Hydrographic - GS	https://documents.gov.lk/view/bills/bl_2023.html	en	https://documents.gov.lk/view/bills/2023/10/288-2023_E.pdf	288/2023
lk_bills	2023-10-12-2023-10-12-287-2023-ta	2023-10-12-287-2023-ta	2023-10-12	Anti - Corruption - GS	https://documents.gov.lk/view/bills/bl_2023.html	ta	https://documents.gov.lk/view/bills/2023/10/287-2023_T.pdf	287/2023
lk_bills	2023-10-12-2023-10-12-287-2023-si	2023-10-12-287-2023-si	2023-10-12	Anti - Corruption - GS	https://documents.gov.lk/view/bills/bl_2023.html	si	https://documents.gov.lk/view/bills/2023/10/287-2023_S.pdf	287/2023
lk_bills	2023-10-12-2023-10-12-287-2023-en	2023-10-12-287-2023-en	2023-10-12	Anti - Corruption - GS	https://documents.gov.lk/view/bills/bl_2023.html	en	https://documents.gov.lk/view/bills/2023/10/287-2023_E.pdf	287/2023
lk_bills	2023-10-05-2023-10-05-394-2023-ta	2023-10-05-394-2023-ta	2023-10-05	Appropriation - Bill	https://documents.gov.lk/view/bills/bl_2023.html	ta	https://documents.gov.lk/view/bills/2023/10/394-2023_T.pdf	394/2023
lk_bills	2023-10-05-2023-10-05-394-2023-si	2023-10-05-394-2023-si	2023-10-05	Appropriation - Bill	https://documents.gov.lk/view/bills/bl_2023.html	si	https://documents.gov.lk/view/bills/2023/10/394-2023_S.pdf	394/2023
lk_bills	2023-10-05-2023-10-05-394-2023-en	2023-10-05-394-2023-en	2023-10-05	Appropriation - Bill	https://documents.gov.lk/view/bills/bl_2023.html	en	https://documents.gov.lk/view/bills/2023/10/394-2023_E.pdf	394/2023
lk_bills	2023-10-04-2023-10-04-386-2023-ta	2023-10-04-386-2023-ta	2023-10-04	Finance - GS	https://documents.gov.lk/view/bills/bl_2023.html	ta	https://documents.gov.lk/view/bills/2023/10/386-2023_T.pdf	386/2023
lk_bills	2023-10-04-2023-10-04-386-2023-si	2023-10-04-386-2023-si	2023-10-04	Finance - GS	https://documents.gov.lk/view/bills/bl_2023.html	si	https://documents.gov.lk/view/bills/2023/10/386-2023_S.pdf	386/2023
lk_bills	2023-10-04-2023-10-04-386-2023-en	2023-10-04-386-2023-en	2023-10-04	Finance - GS	https://documents.gov.lk/view/bills/bl_2023.html	en	https://documents.gov.lk/view/bills/2023/10/386-2023_E.pdf	386/2023
lk_bills	2023-10-03-2023-10-03-391-2023-ta	2023-10-03-391-2023-ta	2023-10-03	Online Safety - Bill	https://documents.gov.lk/view/bills/bl_2023.html	ta	https://documents.gov.lk/view/bills/2023/10/391-2023_T.pdf	391/2023
lk_bills	2023-10-03-2023-10-03-391-2023-si	2023-10-03-391-2023-si	2023-10-03	Online Safety - Bill	https://documents.gov.lk/view/bills/bl_2023.html	si	https://documents.gov.lk/view/bills/2023/10/391-2023_S.pdf	391/2023
lk_bills	2023-10-03-2023-10-03-391-2023-en	2023-10-03-391-2023-en	2023-10-03	Online Safety - Bill	https://documents.gov.lk/view/bills/bl_2023.html	en	https://documents.gov.lk/view/bills/2023/10/391-2023_E.pdf	391/2023
lk_bills	2023-09-27-2023-09-27-385-2023-ta	2023-09-27-385-2023-ta	2023-09-27	Appropriation - GS	https://documents.gov.lk/view/bills/bl_2023.html	ta	https://documents.gov.lk/view/bills/2023/9/385-2023_T.pdf	385/2023
lk_bills	2023-09-27-2023-09-27-385-2023-si	2023-09-27-385-2023-si	2023-09-27	Appropriation - GS	https://documents.gov.lk/view/bills/bl_2023.html	si	https://documents.gov.lk/view/bills/2023/9/385-2023_S.pdf	385/2023
lk_bills	2023-09-27-2023-09-27-385-2023-en	2023-09-27-385-2023-en	2023-09-27	Appropriation - GS	https://documents.gov.lk/view/bills/bl_2023.html	en	https://documents.gov.lk/view/bills/2023/9/385-2023_E.pdf	385/2023
lk_bills	2023-09-25-2023-09-25-285-2023-ta	2023-09-25-285-2023-ta	2023-09-25	Office for National Unity and Reconciliation - GS	https://documents.gov.lk/view/bills/bl_2023.html	ta	https://documents.gov.lk/view/bills/2023/9/285-2023_T.pdf	285/2023
lk_bills	2023-09-25-2023-09-25-285-2023-si	2023-09-25-285-2023-si	2023-09-25	Office for National Unity and Reconciliation - GS	https://documents.gov.lk/view/bills/bl_2023.html	si	https://documents.gov.lk/view/bills/2023/9/285-2023_S.pdf	285/2023
lk_bills	2023-09-25-2023-09-25-285-2023-en	2023-09-25-285-2023-en	2023-09-25	Office for National Unity and Reconciliation - GS	https://documents.gov.lk/view/bills/bl_2023.html	en	https://documents.gov.lk/view/bills/2023/9/285-2023_E.pdf	285/2023
lk_bills	2023-09-22-2023-09-22-384-2023-ta	2023-09-22-384-2023-ta	2023-09-22	Susarana Lanka Foundation (Incorporation) - Bill	https://documents.gov.lk/view/bills/bl_2023.html	ta	https://documents.gov.lk/view/bills/2023/9/384-2023_T.pdf	384/2023
lk_bills	2023-09-22-2023-09-22-384-2023-si	2023-09-22-384-2023-si	2023-09-22	Susarana Lanka Foundation (Incorporation) - Bill	https://documents.gov.lk/view/bills/bl_2023.html	si	https://documents.gov.lk/view/bills/2023/9/384-2023_S.pdf	384/2023
lk_bills	2023-09-22-2023-09-22-384-2023-en	2023-09-22-384-2023-en	2023-09-22	Susarana Lanka Foundation (Incorporation) - Bill	https://documents.gov.lk/view/bills/bl_2023.html	en	https://documents.gov.lk/view/bills/2023/9/384-2023_E.pdf	384/2023
lk_bills	2023-09-21-2023-09-21-286-2023-ta	2023-09-21-286-2023-ta	2023-09-21	Civil Procedure Code (Amendment) - Bill	https://documents.gov.lk/view/bills/bl_2023.html	ta	https://documents.gov.lk/view/bills/2023/9/286-2023_T.pdf	286/2023
lk_bills	2023-09-21-2023-09-21-286-2023-si	2023-09-21-286-2023-si	2023-09-21	Civil Procedure Code (Amendment) - Bill	https://documents.gov.lk/view/bills/bl_2023.html	si	https://documents.gov.lk/view/bills/2023/9/286-2023_S.pdf	286/2023
lk_bills	2023-09-21-2023-09-21-286-2023-en	2023-09-21-286-2023-en	2023-09-21	Civil Procedure Code (Amendment) - Bill	https://documents.gov.lk/view/bills/bl_2023.html	en	https://documents.gov.lk/view/bills/2023/9/286-2023_E.pdf	286/2023
lk_bills	2023-09-18-2023-09-18-284-2023-ta	2023-09-18-284-2023-ta	2023-09-18	Online Safety - GS	https://documents.gov.lk/view/bills/bl_2023.html	ta	https://documents.gov.lk/view/bills/2023/9/284-2023_T.pdf	284/2023
lk_bills	2023-09-18-2023-09-18-284-2023-si	2023-09-18-284-2023-si	2023-09-18	Online Safety - GS	https://documents.gov.lk/view/bills/bl_2023.html	si	https://documents.gov.lk/view/bills/2023/9/284-2023_S.pdf	284/2023
lk_bills	2023-09-18-2023-09-18-284-2023-en	2023-09-18-284-2023-en	2023-09-18	Online Safety - GS	https://documents.gov.lk/view/bills/bl_2023.html	en	https://documents.gov.lk/view/bills/2023/9/284-2023_E.pdf	284/2023
lk_bills	2023-09-15-2023-09-15-383-2023-ta	2023-09-15-383-2023-ta	2023-09-15	Anti Terrorism - GS	https://documents.gov.lk/view/bills/bl_2023.html	ta	https://documents.gov.lk/view/bills/2023/9/383-2023_T.pdf	383/2023
lk_bills	2023-09-15-2023-09-15-383-2023-si	2023-09-15-383-2023-si	2023-09-15	Anti Terrorism - GS	https://documents.gov.lk/view/bills/bl_2023.html	si	https://documents.gov.lk/view/bills/2023/9/383-2023_S.pdf	383/2023
lk_bills	2023-09-15-2023-09-15-383-2023-en	2023-09-15-383-2023-en	2023-09-15	Anti Terrorism - GS	https://documents.gov.lk/view/bills/bl_2023.html	en	https://documents.gov.lk/view/bills/2023/9/383-2023_E.pdf	383/2023
lk_bills	2023-09-14-2023-09-14-382-2023-ta	2023-09-14-382-2023-ta	2023-09-14	Susarana Lanka Foundation (Incorporation) - GS	https://documents.gov.lk/view/bills/bl_2023.html	ta	https://documents.gov.lk/view/bills/2023/9/382-2023_T.pdf	382/2023
lk_bills	2023-09-14-2023-09-14-382-2023-si	2023-09-14-382-2023-si	2023-09-14	Susarana Lanka Foundation (Incorporation) - GS	https://documents.gov.lk/view/bills/bl_2023.html	si	https://documents.gov.lk/view/bills/2023/9/382-2023_S.pdf	382/2023
lk_bills	2023-09-14-2023-09-14-382-2023-en	2023-09-14-382-2023-en	2023-09-14	Susarana Lanka Foundation (Incorporation) - GS	https://documents.gov.lk/view/bills/bl_2023.html	en	https://documents.gov.lk/view/bills/2023/9/382-2023_E.pdf	382/2023
lk_bills	2023-09-12-2023-09-12-381-2023-ta	2023-09-12-381-2023-ta	2023-09-12	Civil Procedure Code (Amendment) - GS	https://documents.gov.lk/view/bills/bl_2023.html	ta	https://documents.gov.lk/view/bills/2023/9/381-2023_T.pdf	381/2023
lk_bills	2023-09-12-2023-09-12-381-2023-si	2023-09-12-381-2023-si	2023-09-12	Civil Procedure Code (Amendment) - GS	https://documents.gov.lk/view/bills/bl_2023.html	si	https://documents.gov.lk/view/bills/2023/9/381-2023_S.pdf	381/2023
lk_bills	2023-09-12-2023-09-12-381-2023-en	2023-09-12-381-2023-en	2023-09-12	Civil Procedure Code (Amendment) - GS	https://documents.gov.lk/view/bills/bl_2023.html	en	https://documents.gov.lk/view/bills/2023/9/381-2023_E.pdf	381/2023
lk_bills	2023-09-08-2023-09-08-388-2023-ta	2023-09-08-388-2023-ta	2023-09-08	Value Added Tax (Amendment) - Bill	https://documents.gov.lk/view/bills/bl_2023.html	ta	https://documents.gov.lk/view/bills/2023/9/388-2023_T.pdf	388/2023
lk_bills	2023-09-08-2023-09-08-388-2023-si	2023-09-08-388-2023-si	2023-09-08	Value Added Tax (Amendment) - Bill	https://documents.gov.lk/view/bills/bl_2023.html	si	https://documents.gov.lk/view/bills/2023/9/388-2023_S.pdf	388/2023
lk_bills	2023-09-08-2023-09-08-388-2023-en	2023-09-08-388-2023-en	2023-09-08	Value Added Tax (Amendment) - Bill	https://documents.gov.lk/view/bills/bl_2023.html	en	https://documents.gov.lk/view/bills/2023/9/388-2023_E.pdf	388/2023
lk_bills	2023-09-06-2023-09-06-380-2023-ta	2023-09-06-380-2023-ta	2023-09-06	Hesha Friendship Foundation (Incorporation) - Bill	https://documents.gov.lk/view/bills/bl_2023.html	ta	https://documents.gov.lk/view/bills/2023/9/380-2023_T.pdf	380/2023
lk_bills	2023-09-06-2023-09-06-380-2023-si	2023-09-06-380-2023-si	2023-09-06	Hesha Friendship Foundation (Incorporation) - Bill	https://documents.gov.lk/view/bills/bl_2023.html	si	https://documents.gov.lk/view/bills/2023/9/380-2023_S.pdf	380/2023
lk_bills	2023-09-06-2023-09-06-380-2023-en	2023-09-06-380-2023-en	2023-09-06	Hesha Friendship Foundation (Incorporation) - Bill	https://documents.gov.lk/view/bills/bl_2023.html	en	https://documents.gov.lk/view/bills/2023/9/380-2023_E.pdf	380/2023
lk_bills	2023-09-05-2023-09-05-379-2023-ta	2023-09-05-379-2023-ta	2023-09-05	Walpola Piyananda Educational and Cultural Foundation (Incorporation) - Bill	https://documents.gov.lk/view/bills/bl_2023.html	ta	https://documents.gov.lk/view/bills/2023/9/379-2023_T.pdf	379/2023
lk_bills	2023-09-05-2023-09-05-379-2023-si	2023-09-05-379-2023-si	2023-09-05	Walpola Piyananda Educational and Cultural Foundation (Incorporation) - Bill	https://documents.gov.lk/view/bills/bl_2023.html	si	https://documents.gov.lk/view/bills/2023/9/379-2023_S.pdf	379/2023
lk_bills	2023-09-05-2023-09-05-379-2023-en	2023-09-05-379-2023-en	2023-09-05	Walpola Piyananda Educational and Cultural Foundation (Incorporation) - Bill	https://documents.gov.lk/view/bills/bl_2023.html	en	https://documents.gov.lk/view/bills/2023/9/379-2023_E.pdf	379/2023
lk_bills	2023-09-05-2023-09-05-378-2023-ta	2023-09-05-378-2023-ta	2023-09-05	Civil Aviation (Amendment) - Bill	https://documents.gov.lk/view/bills/bl_2023.html	ta	https://documents.gov.lk/view/bills/2023/9/378-2023_T.pdf	378/2023
lk_bills	2023-09-05-2023-09-05-378-2023-si	2023-09-05-378-2023-si	2023-09-05	Civil Aviation (Amendment) - Bill	https://documents.gov.lk/view/bills/bl_2023.html	si	https://documents.gov.lk/view/bills/2023/9/378-2023_S.pdf	378/2023
lk_bills	2023-09-05-2023-09-05-378-2023-en	2023-09-05-378-2023-en	2023-09-05	Civil Aviation (Amendment) - Bill	https://documents.gov.lk/view/bills/bl_2023.html	en	https://documents.gov.lk/view/bills/2023/9/378-2023_E.pdf	378/2023
lk_bills	2023-08-31-2023-08-31-377-2023-ta	2023-08-31-377-2023-ta	2023-08-31	Value Added Tax (Amendment) - GS	https://documents.gov.lk/view/bills/bl_2023.html	ta	https://documents.gov.lk/view/bills/2023/8/377-2023_T.pdf	377/2023
lk_bills	2023-08-31-2023-08-31-377-2023-si	2023-08-31-377-2023-si	2023-08-31	Value Added Tax (Amendment) - GS	https://documents.gov.lk/view/bills/bl_2023.html	si	https://documents.gov.lk/view/bills/2023/8/377-2023_S.pdf	377/2023
lk_bills	2023-08-31-2023-08-31-377-2023-en	2023-08-31-377-2023-en	2023-08-31	Value Added Tax (Amendment) - GS	https://documents.gov.lk/view/bills/bl_2023.html	en	https://documents.gov.lk/view/bills/2023/8/377-2023_E.pdf	377/2023
lk_bills	2023-08-22-2023-08-22-376-2023-ta	2023-08-22-376-2023-ta	2023-08-22	Sri Lanka Ports Authority (Amendment) - Bill	https://documents.gov.lk/view/bills/bl_2023.html	ta	https://documents.gov.lk/view/bills/2023/8/376-2023_T.pdf	376/2023
lk_bills	2023-08-22-2023-08-22-376-2023-si	2023-08-22-376-2023-si	2023-08-22	Sri Lanka Ports Authority (Amendment) - Bill	https://documents.gov.lk/view/bills/bl_2023.html	si	https://documents.gov.lk/view/bills/2023/8/376-2023_S.pdf	376/2023
lk_bills	2023-08-22-2023-08-22-376-2023-en	2023-08-22-376-2023-en	2023-08-22	Sri Lanka Ports Authority (Amendment) - Bill	https://documents.gov.lk/view/bills/bl_2023.html	en	https://documents.gov.lk/view/bills/2023/8/376-2023_E.pdf	376/2023
lk_bills	2023-08-22-2023-08-22-375-2023-ta	2023-08-22-375-2023-ta	2023-08-22	Walpola Piyananda Educational and Cultural Foundation (Incorporation) - GS	https://documents.gov.lk/view/bills/bl_2023.html	ta	https://documents.gov.lk/view/bills/2023/8/375-2023_T.pdf	375/2023
lk_bills	2023-08-22-2023-08-22-375-2023-si	2023-08-22-375-2023-si	2023-08-22	Walpola Piyananda Educational and Cultural Foundation (Incorporation) - GS	https://documents.gov.lk/view/bills/bl_2023.html	si	https://documents.gov.lk/view/bills/2023/8/375-2023_S.pdf	375/2023
lk_bills	2023-08-22-2023-08-22-375-2023-en	2023-08-22-375-2023-en	2023-08-22	Walpola Piyananda Educational and Cultural Foundation (Incorporation) - GS	https://documents.gov.lk/view/bills/bl_2023.html	en	https://documents.gov.lk/view/bills/2023/8/375-2023_E.pdf	375/2023
lk_bills	2023-08-16-2023-08-16-368-2023-ta	2023-08-16-368-2023-ta	2023-08-16	Civil Aviation (Amendment) - GS	https://documents.gov.lk/view/bills/bl_2023.html	ta	https://documents.gov.lk/view/bills/2023/8/368-2023_T.pdf	368/2023
lk_bills	2023-08-16-2023-08-16-368-2023-si	2023-08-16-368-2023-si	2023-08-16	Civil Aviation (Amendment) - GS	https://documents.gov.lk/view/bills/bl_2023.html	si	https://documents.gov.lk/view/bills/2023/8/368-2023_S.pdf	368/2023
lk_bills	2023-08-16-2023-08-16-368-2023-en	2023-08-16-368-2023-en	2023-08-16	Civil Aviation (Amendment) - GS	https://documents.gov.lk/view/bills/bl_2023.html	en	https://documents.gov.lk/view/bills/2023/8/368-2023_E.pdf	368/2023
lk_bills	2023-08-10-2023-08-10-418-2023-ta	2023-08-10-418-2023-ta	2023-08-10	Janaraja Foundation (Incorporation) - Bill	https://documents.gov.lk/view/bills/bl_2023.html	ta	https://documents.gov.lk/view/bills/2023/8/418-2023_T.pdf	418/2023
lk_bills	2023-08-10-2023-08-10-418-2023-si	2023-08-10-418-2023-si	2023-08-10	Janaraja Foundation (Incorporation) - Bill	https://documents.gov.lk/view/bills/bl_2023.html	si	https://documents.gov.lk/view/bills/2023/8/418-2023_S.pdf	418/2023
lk_bills	2023-08-10-2023-08-10-418-2023-en	2023-08-10-418-2023-en	2023-08-10	Janaraja Foundation (Incorporation) - Bill	https://documents.gov.lk/view/bills/bl_2023.html	en	https://documents.gov.lk/view/bills/2023/8/418-2023_E.pdf	418/2023
lk_bills	2023-08-10-2023-08-10-374-2023-ta	2023-08-10-374-2023-ta	2023-08-10	Sri Lanka College of Nutrition Physicians (Incorporation) - Bill	https://documents.gov.lk/view/bills/bl_2023.html	ta	https://documents.gov.lk/view/bills/2023/8/374-2023_T.pdf	374/2023
lk_bills	2023-08-10-2023-08-10-374-2023-si	2023-08-10-374-2023-si	2023-08-10	Sri Lanka College of Nutrition Physicians (Incorporation) - Bill	https://documents.gov.lk/view/bills/bl_2023.html	si	https://documents.gov.lk/view/bills/2023/8/374-2023_S.pdf	374/2023
lk_bills	2023-08-10-2023-08-10-374-2023-en	2023-08-10-374-2023-en	2023-08-10	Sri Lanka College of Nutrition Physicians (Incorporation) - Bill	https://documents.gov.lk/view/bills/bl_2023.html	en	https://documents.gov.lk/view/bills/2023/8/374-2023_E.pdf	374/2023
lk_bills	2023-08-08-2023-08-08-387-2023-ta	2023-08-08-387-2023-ta	2023-08-08	Conferring the Honour of Senior Instructing Attorney-at-Law - Bill	https://documents.gov.lk/view/bills/bl_2023.html	ta	https://documents.gov.lk/view/bills/2023/8/387-2023_T.pdf	387/2023
lk_bills	2023-08-08-2023-08-08-387-2023-si	2023-08-08-387-2023-si	2023-08-08	Conferring the Honour of Senior Instructing Attorney-at-Law - Bill	https://documents.gov.lk/view/bills/bl_2023.html	si	https://documents.gov.lk/view/bills/2023/8/387-2023_S.pdf	387/2023
lk_bills	2023-08-08-2023-08-08-387-2023-en	2023-08-08-387-2023-en	2023-08-08	Conferring the Honour of Senior Instructing Attorney-at-Law - Bill	https://documents.gov.lk/view/bills/bl_2023.html	en	https://documents.gov.lk/view/bills/2023/8/387-2023_E.pdf	387/2023
lk_bills	2023-08-08-2023-08-08-373-2023-ta	2023-08-08-373-2023-ta	2023-08-08	Social Security Contribution Levy (Amendment) - Bill	https://documents.gov.lk/view/bills/bl_2023.html	ta	https://documents.gov.lk/view/bills/2023/8/373-2023_T.pdf	373/2023
lk_bills	2023-08-08-2023-08-08-373-2023-si	2023-08-08-373-2023-si	2023-08-08	Social Security Contribution Levy (Amendment) - Bill	https://documents.gov.lk/view/bills/bl_2023.html	si	https://documents.gov.lk/view/bills/2023/8/373-2023_S.pdf	373/2023
lk_bills	2023-08-08-2023-08-08-373-2023-en	2023-08-08-373-2023-en	2023-08-08	Social Security Contribution Levy (Amendment) - Bill	https://documents.gov.lk/view/bills/bl_2023.html	en	https://documents.gov.lk/view/bills/2023/8/373-2023_E.pdf	373/2023
lk_bills	2023-08-08-2023-08-08-372-2023-ta	2023-08-08-372-2023-ta	2023-08-08	Civil Procedure Code (Amendment) - Bill	https://documents.gov.lk/view/bills/bl_2023.html	ta	https://documents.gov.lk/view/bills/2023/8/372-2023_T.pdf	372/2023
lk_bills	2023-08-08-2023-08-08-372-2023-si	2023-08-08-372-2023-si	2023-08-08	Civil Procedure Code (Amendment) - Bill	https://documents.gov.lk/view/bills/bl_2023.html	si	https://documents.gov.lk/view/bills/2023/8/372-2023_S.pdf	372/2023
lk_bills	2023-08-08-2023-08-08-372-2023-en	2023-08-08-372-2023-en	2023-08-08	Civil Procedure Code (Amendment) - Bill	https://documents.gov.lk/view/bills/bl_2023.html	en	https://documents.gov.lk/view/bills/2023/8/372-2023_E.pdf	372/2023
lk_bills	2023-08-08-2023-08-08-371-2023-ta	2023-08-08-371-2023-ta	2023-08-08	Inland Revenue (Amendment) - Bill	https://documents.gov.lk/view/bills/bl_2023.html	ta	https://documents.gov.lk/view/bills/2023/8/371-2023_T.pdf	371/2023
lk_bills	2023-08-08-2023-08-08-371-2023-si	2023-08-08-371-2023-si	2023-08-08	Inland Revenue (Amendment) - Bill	https://documents.gov.lk/view/bills/bl_2023.html	si	https://documents.gov.lk/view/bills/2023/8/371-2023_S.pdf	371/2023
lk_bills	2023-08-08-2023-08-08-371-2023-en	2023-08-08-371-2023-en	2023-08-08	Inland Revenue (Amendment) - Bill	https://documents.gov.lk/view/bills/bl_2023.html	en	https://documents.gov.lk/view/bills/2023/8/371-2023_E.pdf	371/2023
lk_bills	2023-08-08-2023-08-08-370-2023-ta	2023-08-08-370-2023-ta	2023-08-08	National Eye Bank Trust of Sri Lanka - Bill	https://documents.gov.lk/view/bills/bl_2023.html	ta	https://documents.gov.lk/view/bills/2023/8/370-2023_T.pdf	370/2023
lk_bills	2023-08-08-2023-08-08-370-2023-si	2023-08-08-370-2023-si	2023-08-08	National Eye Bank Trust of Sri Lanka - Bill	https://documents.gov.lk/view/bills/bl_2023.html	si	https://documents.gov.lk/view/bills/2023/8/370-2023_S.pdf	370/2023
lk_bills	2023-08-08-2023-08-08-370-2023-en	2023-08-08-370-2023-en	2023-08-08	National Eye Bank Trust of Sri Lanka - Bill	https://documents.gov.lk/view/bills/bl_2023.html	en	https://documents.gov.lk/view/bills/2023/8/370-2023_E.pdf	370/2023
lk_bills	2023-08-08-2023-08-08-369-2023-ta	2023-08-08-369-2023-ta	2023-08-08	Elections (Special Provisions) - Bill	https://documents.gov.lk/view/bills/bl_2023.html	ta	https://documents.gov.lk/view/bills/2023/8/369-2023_T.pdf	369/2023
lk_bills	2023-08-08-2023-08-08-369-2023-si	2023-08-08-369-2023-si	2023-08-08	Elections (Special Provisions) - Bill	https://documents.gov.lk/view/bills/bl_2023.html	si	https://documents.gov.lk/view/bills/2023/8/369-2023_S.pdf	369/2023
lk_bills	2023-08-08-2023-08-08-369-2023-en	2023-08-08-369-2023-en	2023-08-08	Elections (Special Provisions) - Bill	https://documents.gov.lk/view/bills/bl_2023.html	en	https://documents.gov.lk/view/bills/2023/8/369-2023_E.pdf	369/2023
lk_bills	2023-07-28-2023-07-28-367-2023-ta	2023-07-28-367-2023-ta	2023-07-28	Sri Lanka Ports Authority (Amendment) - GS	https://documents.gov.lk/view/bills/bl_2023.html	ta	https://documents.gov.lk/view/bills/2023/7/367-2023_T.pdf	367/2023
lk_bills	2023-07-28-2023-07-28-367-2023-si	2023-07-28-367-2023-si	2023-07-28	Sri Lanka Ports Authority (Amendment) - GS	https://documents.gov.lk/view/bills/bl_2023.html	si	https://documents.gov.lk/view/bills/2023/7/367-2023_S.pdf	367/2023
lk_bills	2023-07-28-2023-07-28-367-2023-en	2023-07-28-367-2023-en	2023-07-28	Sri Lanka Ports Authority (Amendment) - GS	https://documents.gov.lk/view/bills/bl_2023.html	en	https://documents.gov.lk/view/bills/2023/7/367-2023_E.pdf	367/2023
lk_bills	2023-07-20-2023-07-20-365-2023-ta	2023-07-20-365-2023-ta	2023-07-20	Appropriation (Amendment) - Bill	https://documents.gov.lk/view/bills/bl_2023.html	ta	https://documents.gov.lk/view/bills/2023/7/365-2023_T.pdf	365/2023
lk_bills	2023-07-20-2023-07-20-365-2023-si	2023-07-20-365-2023-si	2023-07-20	Appropriation (Amendment) - Bill	https://documents.gov.lk/view/bills/bl_2023.html	si	https://documents.gov.lk/view/bills/2023/7/365-2023_S.pdf	365/2023
